Recording	Participant	Age_group	Gender	Self-reported_animal_phobia	TV_hours_per_week	Timeline	TOI	Interval	Media	Duration_of_interval	Start_of_interval	Number_of_Events.search_fearful_ends	Number_of_Events.search_fearful_starts	Number_of_Events.search_nonfearful_ends	Number_of_Events.search_nonfearful_starts	Time_to_first_Event.search_fearful_ends	Time_to_first_Event.search_fearful_starts	Time_to_first_Event.search_nonfearful_ends	Time_to_first_Event.search_nonfearful_starts	Last_key_press	Total_duration_of_fixations.Fruit	Total_duration_of_fixations.Fruit	Total_duration_of_fixations.Fruit	Total_duration_of_fixations.Mushroom	Total_duration_of_fixations.Mushroom	Total_duration_of_fixations.Mushroom	Total_duration_of_fixations.Snake	Total_duration_of_fixations.Snake	Total_duration_of_fixations.Snake	Total_duration_of_fixations.Spider	Total_duration_of_fixations.Spider	Total_duration_of_fixations.Spider	Average_duration_of_fixations.Fruit	Average_duration_of_fixations.Fruit	Average_duration_of_fixations.Fruit	Average_duration_of_fixations.Mushroom	Average_duration_of_fixations.Mushroom	Average_duration_of_fixations.Mushroom	Average_duration_of_fixations.Snake	Average_duration_of_fixations.Snake	Average_duration_of_fixations.Snake	Average_duration_of_fixations.Spider	Average_duration_of_fixations.Spider	Average_duration_of_fixations.Spider	Minimum_duration_of_fixations.Fruit	Minimum_duration_of_fixations.Fruit	Minimum_duration_of_fixations.Fruit	Minimum_duration_of_fixations.Mushroom	Minimum_duration_of_fixations.Mushroom	Minimum_duration_of_fixations.Mushroom	Minimum_duration_of_fixations.Snake	Minimum_duration_of_fixations.Snake	Minimum_duration_of_fixations.Snake	Minimum_duration_of_fixations.Spider	Minimum_duration_of_fixations.Spider	Minimum_duration_of_fixations.Spider	Maximum_duration_of_fixations.Fruit	Maximum_duration_of_fixations.Fruit	Maximum_duration_of_fixations.Fruit	Maximum_duration_of_fixations.Mushroom	Maximum_duration_of_fixations.Mushroom	Maximum_duration_of_fixations.Mushroom	Maximum_duration_of_fixations.Snake	Maximum_duration_of_fixations.Snake	Maximum_duration_of_fixations.Snake	Maximum_duration_of_fixations.Spider	Maximum_duration_of_fixations.Spider	Maximum_duration_of_fixations.Spider	Number_of_fixations.Fruit	Number_of_fixations.Fruit	Number_of_fixations.Fruit	Number_of_fixations.Mushroom	Number_of_fixations.Mushroom	Number_of_fixations.Mushroom	Number_of_fixations.Snake	Number_of_fixations.Snake	Number_of_fixations.Snake	Number_of_fixations.Spider	Number_of_fixations.Spider	Number_of_fixations.Spider	Time_to_first_fixation.Fruit	Time_to_first_fixation.Fruit	Time_to_first_fixation.Fruit	Time_to_first_fixation.Mushroom	Time_to_first_fixation.Mushroom	Time_to_first_fixation.Mushroom	Time_to_first_fixation.Snake	Time_to_first_fixation.Snake	Time_to_first_fixation.Snake	Time_to_first_fixation.Spider	Time_to_first_fixation.Spider	Time_to_first_fixation.Spider	Duration_of_first_fixation.Fruit	Duration_of_first_fixation.Fruit	Duration_of_first_fixation.Fruit	Duration_of_first_fixation.Mushroom	Duration_of_first_fixation.Mushroom	Duration_of_first_fixation.Mushroom	Duration_of_first_fixation.Snake	Duration_of_first_fixation.Snake	Duration_of_first_fixation.Snake	Duration_of_first_fixation.Spider	Duration_of_first_fixation.Spider	Duration_of_first_fixation.Spider	Last_AOI_viewed	AOI_at_interval_end	Average_pupil_diameter.Fruit	Average_pupil_diameter.Fruit	Average_pupil_diameter.Fruit	Average_pupil_diameter.Mushroom	Average_pupil_diameter.Mushroom	Average_pupil_diameter.Mushroom	Average_pupil_diameter.Snake	Average_pupil_diameter.Snake	Average_pupil_diameter.Snake	Average_pupil_diameter.Spider	Average_pupil_diameter.Spider	Average_pupil_diameter.Spider	Total_duration_of_whole_fixations.Fruit	Total_duration_of_whole_fixations.Fruit	Total_duration_of_whole_fixations.Fruit	Total_duration_of_whole_fixations.Mushroom	Total_duration_of_whole_fixations.Mushroom	Total_duration_of_whole_fixations.Mushroom	Total_duration_of_whole_fixations.Snake	Total_duration_of_whole_fixations.Snake	Total_duration_of_whole_fixations.Snake	Total_duration_of_whole_fixations.Spider	Total_duration_of_whole_fixations.Spider	Total_duration_of_whole_fixations.Spider	Average_duration_of_whole_fixations.Fruit	Average_duration_of_whole_fixations.Fruit	Average_duration_of_whole_fixations.Fruit	Average_duration_of_whole_fixations.Mushroom	Average_duration_of_whole_fixations.Mushroom	Average_duration_of_whole_fixations.Mushroom	Average_duration_of_whole_fixations.Snake	Average_duration_of_whole_fixations.Snake	Average_duration_of_whole_fixations.Snake	Average_duration_of_whole_fixations.Spider	Average_duration_of_whole_fixations.Spider	Average_duration_of_whole_fixations.Spider	Minimum_duration_of_whole_fixations.Fruit	Minimum_duration_of_whole_fixations.Fruit	Minimum_duration_of_whole_fixations.Fruit	Minimum_duration_of_whole_fixations.Mushroom	Minimum_duration_of_whole_fixations.Mushroom	Minimum_duration_of_whole_fixations.Mushroom	Minimum_duration_of_whole_fixations.Snake	Minimum_duration_of_whole_fixations.Snake	Minimum_duration_of_whole_fixations.Snake	Minimum_duration_of_whole_fixations.Spider	Minimum_duration_of_whole_fixations.Spider	Minimum_duration_of_whole_fixations.Spider	Maximum_duration_of_whole_fixations.Fruit	Maximum_duration_of_whole_fixations.Fruit	Maximum_duration_of_whole_fixations.Fruit	Maximum_duration_of_whole_fixations.Mushroom	Maximum_duration_of_whole_fixations.Mushroom	Maximum_duration_of_whole_fixations.Mushroom	Maximum_duration_of_whole_fixations.Snake	Maximum_duration_of_whole_fixations.Snake	Maximum_duration_of_whole_fixations.Snake	Maximum_duration_of_whole_fixations.Spider	Maximum_duration_of_whole_fixations.Spider	Maximum_duration_of_whole_fixations.Spider	Number_of_whole_fixations.Fruit	Number_of_whole_fixations.Fruit	Number_of_whole_fixations.Fruit	Number_of_whole_fixations.Mushroom	Number_of_whole_fixations.Mushroom	Number_of_whole_fixations.Mushroom	Number_of_whole_fixations.Snake	Number_of_whole_fixations.Snake	Number_of_whole_fixations.Snake	Number_of_whole_fixations.Spider	Number_of_whole_fixations.Spider	Number_of_whole_fixations.Spider	Time_to_first_whole_fixation.Fruit	Time_to_first_whole_fixation.Fruit	Time_to_first_whole_fixation.Fruit	Time_to_first_whole_fixation.Mushroom	Time_to_first_whole_fixation.Mushroom	Time_to_first_whole_fixation.Mushroom	Time_to_first_whole_fixation.Snake	Time_to_first_whole_fixation.Snake	Time_to_first_whole_fixation.Snake	Time_to_first_whole_fixation.Spider	Time_to_first_whole_fixation.Spider	Time_to_first_whole_fixation.Spider	Duration_of_first_whole_fixation.Fruit	Duration_of_first_whole_fixation.Fruit	Duration_of_first_whole_fixation.Fruit	Duration_of_first_whole_fixation.Mushroom	Duration_of_first_whole_fixation.Mushroom	Duration_of_first_whole_fixation.Mushroom	Duration_of_first_whole_fixation.Snake	Duration_of_first_whole_fixation.Snake	Duration_of_first_whole_fixation.Snake	Duration_of_first_whole_fixation.Spider	Duration_of_first_whole_fixation.Spider	Duration_of_first_whole_fixation.Spider	Average_whole-fixation_pupil_diameter.Fruit	Average_whole-fixation_pupil_diameter.Fruit	Average_whole-fixation_pupil_diameter.Fruit	Average_whole-fixation_pupil_diameter.Mushroom	Average_whole-fixation_pupil_diameter.Mushroom	Average_whole-fixation_pupil_diameter.Mushroom	Average_whole-fixation_pupil_diameter.Snake	Average_whole-fixation_pupil_diameter.Snake	Average_whole-fixation_pupil_diameter.Snake	Average_whole-fixation_pupil_diameter.Spider	Average_whole-fixation_pupil_diameter.Spider	Average_whole-fixation_pupil_diameter.Spider	Total_duration_of_Visit.Fruit	Total_duration_of_Visit.Fruit	Total_duration_of_Visit.Fruit	Total_duration_of_Visit.Mushroom	Total_duration_of_Visit.Mushroom	Total_duration_of_Visit.Mushroom	Total_duration_of_Visit.Snake	Total_duration_of_Visit.Snake	Total_duration_of_Visit.Snake	Total_duration_of_Visit.Spider	Total_duration_of_Visit.Spider	Total_duration_of_Visit.Spider	Average_duration_of_Visit.Fruit	Average_duration_of_Visit.Fruit	Average_duration_of_Visit.Fruit	Average_duration_of_Visit.Mushroom	Average_duration_of_Visit.Mushroom	Average_duration_of_Visit.Mushroom	Average_duration_of_Visit.Snake	Average_duration_of_Visit.Snake	Average_duration_of_Visit.Snake	Average_duration_of_Visit.Spider	Average_duration_of_Visit.Spider	Average_duration_of_Visit.Spider	Minimum_duration_of_Visit.Fruit	Minimum_duration_of_Visit.Fruit	Minimum_duration_of_Visit.Fruit	Minimum_duration_of_Visit.Mushroom	Minimum_duration_of_Visit.Mushroom	Minimum_duration_of_Visit.Mushroom	Minimum_duration_of_Visit.Snake	Minimum_duration_of_Visit.Snake	Minimum_duration_of_Visit.Snake	Minimum_duration_of_Visit.Spider	Minimum_duration_of_Visit.Spider	Minimum_duration_of_Visit.Spider	Maximum_duration_of_Visit.Fruit	Maximum_duration_of_Visit.Fruit	Maximum_duration_of_Visit.Fruit	Maximum_duration_of_Visit.Mushroom	Maximum_duration_of_Visit.Mushroom	Maximum_duration_of_Visit.Mushroom	Maximum_duration_of_Visit.Snake	Maximum_duration_of_Visit.Snake	Maximum_duration_of_Visit.Snake	Maximum_duration_of_Visit.Spider	Maximum_duration_of_Visit.Spider	Maximum_duration_of_Visit.Spider	Number_of_Visits.Fruit	Number_of_Visits.Fruit	Number_of_Visits.Fruit	Number_of_Visits.Mushroom	Number_of_Visits.Mushroom	Number_of_Visits.Mushroom	Number_of_Visits.Snake	Number_of_Visits.Snake	Number_of_Visits.Snake	Number_of_Visits.Spider	Number_of_Visits.Spider	Number_of_Visits.Spider	Time_to_first_Visit.Fruit	Time_to_first_Visit.Fruit	Time_to_first_Visit.Fruit	Time_to_first_Visit.Mushroom	Time_to_first_Visit.Mushroom	Time_to_first_Visit.Mushroom	Time_to_first_Visit.Snake	Time_to_first_Visit.Snake	Time_to_first_Visit.Snake	Time_to_first_Visit.Spider	Time_to_first_Visit.Spider	Time_to_first_Visit.Spider	Duration_of_first_Visit.Fruit	Duration_of_first_Visit.Fruit	Duration_of_first_Visit.Fruit	Duration_of_first_Visit.Mushroom	Duration_of_first_Visit.Mushroom	Duration_of_first_Visit.Mushroom	Duration_of_first_Visit.Snake	Duration_of_first_Visit.Snake	Duration_of_first_Visit.Snake	Duration_of_first_Visit.Spider	Duration_of_first_Visit.Spider	Duration_of_first_Visit.Spider	Total_duration_of_Glances.Fruit	Total_duration_of_Glances.Fruit	Total_duration_of_Glances.Fruit	Total_duration_of_Glances.Mushroom	Total_duration_of_Glances.Mushroom	Total_duration_of_Glances.Mushroom	Total_duration_of_Glances.Snake	Total_duration_of_Glances.Snake	Total_duration_of_Glances.Snake	Total_duration_of_Glances.Spider	Total_duration_of_Glances.Spider	Total_duration_of_Glances.Spider	Average_duration_of_Glances.Fruit	Average_duration_of_Glances.Fruit	Average_duration_of_Glances.Fruit	Average_duration_of_Glances.Mushroom	Average_duration_of_Glances.Mushroom	Average_duration_of_Glances.Mushroom	Average_duration_of_Glances.Snake	Average_duration_of_Glances.Snake	Average_duration_of_Glances.Snake	Average_duration_of_Glances.Spider	Average_duration_of_Glances.Spider	Average_duration_of_Glances.Spider	Minimum_duration_of_Glances.Fruit	Minimum_duration_of_Glances.Fruit	Minimum_duration_of_Glances.Fruit	Minimum_duration_of_Glances.Mushroom	Minimum_duration_of_Glances.Mushroom	Minimum_duration_of_Glances.Mushroom	Minimum_duration_of_Glances.Snake	Minimum_duration_of_Glances.Snake	Minimum_duration_of_Glances.Snake	Minimum_duration_of_Glances.Spider	Minimum_duration_of_Glances.Spider	Minimum_duration_of_Glances.Spider	Maximum_duration_of_Glances.Fruit	Maximum_duration_of_Glances.Fruit	Maximum_duration_of_Glances.Fruit	Maximum_duration_of_Glances.Mushroom	Maximum_duration_of_Glances.Mushroom	Maximum_duration_of_Glances.Mushroom	Maximum_duration_of_Glances.Snake	Maximum_duration_of_Glances.Snake	Maximum_duration_of_Glances.Snake	Maximum_duration_of_Glances.Spider	Maximum_duration_of_Glances.Spider	Maximum_duration_of_Glances.Spider	Number_of_Glances.Fruit	Number_of_Glances.Fruit	Number_of_Glances.Fruit	Number_of_Glances.Mushroom	Number_of_Glances.Mushroom	Number_of_Glances.Mushroom	Number_of_Glances.Snake	Number_of_Glances.Snake	Number_of_Glances.Snake	Number_of_Glances.Spider	Number_of_Glances.Spider	Number_of_Glances.Spider	Time_to_first_Glance.Fruit	Time_to_first_Glance.Fruit	Time_to_first_Glance.Fruit	Time_to_first_Glance.Mushroom	Time_to_first_Glance.Mushroom	Time_to_first_Glance.Mushroom	Time_to_first_Glance.Snake	Time_to_first_Glance.Snake	Time_to_first_Glance.Snake	Time_to_first_Glance.Spider	Time_to_first_Glance.Spider	Time_to_first_Glance.Spider	Duration_of_first_Glance.Fruit	Duration_of_first_Glance.Fruit	Duration_of_first_Glance.Fruit	Duration_of_first_Glance.Mushroom	Duration_of_first_Glance.Mushroom	Duration_of_first_Glance.Mushroom	Duration_of_first_Glance.Snake	Duration_of_first_Glance.Snake	Duration_of_first_Glance.Snake	Duration_of_first_Glance.Spider	Duration_of_first_Glance.Spider	Duration_of_first_Glance.Spider	Number_of_mouse_clicks.Fruit	Number_of_mouse_clicks.Fruit	Number_of_mouse_clicks.Fruit	Number_of_mouse_clicks.Mushroom	Number_of_mouse_clicks.Mushroom	Number_of_mouse_clicks.Mushroom	Number_of_mouse_clicks.Snake	Number_of_mouse_clicks.Snake	Number_of_mouse_clicks.Snake	Number_of_mouse_clicks.Spider	Number_of_mouse_clicks.Spider	Number_of_mouse_clicks.Spider	Time_to_first_mouse_click.Fruit	Time_to_first_mouse_click.Fruit	Time_to_first_mouse_click.Fruit	Time_to_first_mouse_click.Mushroom	Time_to_first_mouse_click.Mushroom	Time_to_first_mouse_click.Mushroom	Time_to_first_mouse_click.Snake	Time_to_first_mouse_click.Snake	Time_to_first_mouse_click.Snake	Time_to_first_mouse_click.Spider	Time_to_first_mouse_click.Spider	Time_to_first_mouse_click.Spider	Time_from_first_fixation_to_mouse_click.Fruit	Time_from_first_fixation_to_mouse_click.Fruit	Time_from_first_fixation_to_mouse_click.Fruit	Time_from_first_fixation_to_mouse_click.Mushroom	Time_from_first_fixation_to_mouse_click.Mushroom	Time_from_first_fixation_to_mouse_click.Mushroom	Time_from_first_fixation_to_mouse_click.Snake	Time_from_first_fixation_to_mouse_click.Snake	Time_from_first_fixation_to_mouse_click.Snake	Time_from_first_fixation_to_mouse_click.Spider	Time_from_first_fixation_to_mouse_click.Spider	Time_from_first_fixation_to_mouse_click.Spider	Number_of_mouse_clicks_and_releases.Fruit	Number_of_mouse_clicks_and_releases.Fruit	Number_of_mouse_clicks_and_releases.Fruit	Number_of_mouse_clicks_and_releases.Mushroom	Number_of_mouse_clicks_and_releases.Mushroom	Number_of_mouse_clicks_and_releases.Mushroom	Number_of_mouse_clicks_and_releases.Snake	Number_of_mouse_clicks_and_releases.Snake	Number_of_mouse_clicks_and_releases.Snake	Number_of_mouse_clicks_and_releases.Spider	Number_of_mouse_clicks_and_releases.Spider	Number_of_mouse_clicks_and_releases.Spider	Time_to_first_mouse_click_and_release.Fruit	Time_to_first_mouse_click_and_release.Fruit	Time_to_first_mouse_click_and_release.Fruit	Time_to_first_mouse_click_and_release.Mushroom	Time_to_first_mouse_click_and_release.Mushroom	Time_to_first_mouse_click_and_release.Mushroom	Time_to_first_mouse_click_and_release.Snake	Time_to_first_mouse_click_and_release.Snake	Time_to_first_mouse_click_and_release.Snake	Time_to_first_mouse_click_and_release.Spider	Time_to_first_mouse_click_and_release.Spider	Time_to_first_mouse_click_and_release.Spider	Time_from_first_fixation_to_mouse_click_and_release.Fruit	Time_from_first_fixation_to_mouse_click_and_release.Fruit	Time_from_first_fixation_to_mouse_click_and_release.Fruit	Time_from_first_fixation_to_mouse_click_and_release.Mushroom	Time_from_first_fixation_to_mouse_click_and_release.Mushroom	Time_from_first_fixation_to_mouse_click_and_release.Mushroom	Time_from_first_fixation_to_mouse_click_and_release.Snake	Time_from_first_fixation_to_mouse_click_and_release.Snake	Time_from_first_fixation_to_mouse_click_and_release.Snake	Time_from_first_fixation_to_mouse_click_and_release.Spider	Time_from_first_fixation_to_mouse_click_and_release.Spider	Time_from_first_fixation_to_mouse_click_and_release.Spider	Average_GSR	Number_of_SCR	Amplitude_of_event_related_SCR	Total_duration_of_whole_fixations	Average_duration_of_whole_fixations	Number_of_whole_fixations	Duration_of_first_whole_fixation	Average_whole-fixation_pupil_diameter	Number_of_saccades	Average_peak_velocity_of_saccades	Minimum_peak_velocity_of_saccades	Maximum_peak_velocity_of_saccades	Standard_deviation_of_peak_velocity_of_saccades	Average_amplitude_of_saccades	Minimum_amplitude_of_saccades	Maximum_amplitude_of_saccades	Total_amplitude_of_saccades	Time_to_first_saccade	Direction_of_first_saccade	Peak_velocity_of_first_saccade	Average_velocity_of_first_saccade	Amplitude_of_first_saccade	Number_of_saccades_in_AOI.Fruit	Number_of_saccades_in_AOI.Fruit	Number_of_saccades_in_AOI.Fruit	Number_of_saccades_in_AOI.Mushroom	Number_of_saccades_in_AOI.Mushroom	Number_of_saccades_in_AOI.Mushroom	Number_of_saccades_in_AOI.Snake	Number_of_saccades_in_AOI.Snake	Number_of_saccades_in_AOI.Snake	Number_of_saccades_in_AOI.Spider	Number_of_saccades_in_AOI.Spider	Number_of_saccades_in_AOI.Spider	Time_to_entry_saccade.Fruit	Time_to_entry_saccade.Fruit	Time_to_entry_saccade.Fruit	Time_to_entry_saccade.Mushroom	Time_to_entry_saccade.Mushroom	Time_to_entry_saccade.Mushroom	Time_to_entry_saccade.Snake	Time_to_entry_saccade.Snake	Time_to_entry_saccade.Snake	Time_to_entry_saccade.Spider	Time_to_entry_saccade.Spider	Time_to_entry_saccade.Spider	Time_to_exit_saccade.Fruit	Time_to_exit_saccade.Fruit	Time_to_exit_saccade.Fruit	Time_to_exit_saccade.Mushroom	Time_to_exit_saccade.Mushroom	Time_to_exit_saccade.Mushroom	Time_to_exit_saccade.Snake	Time_to_exit_saccade.Snake	Time_to_exit_saccade.Snake	Time_to_exit_saccade.Spider	Time_to_exit_saccade.Spider	Time_to_exit_saccade.Spider	Peak_velocity_of_entry_saccade.Fruit	Peak_velocity_of_entry_saccade.Fruit	Peak_velocity_of_entry_saccade.Fruit	Peak_velocity_of_entry_saccade.Mushroom	Peak_velocity_of_entry_saccade.Mushroom	Peak_velocity_of_entry_saccade.Mushroom	Peak_velocity_of_entry_saccade.Snake	Peak_velocity_of_entry_saccade.Snake	Peak_velocity_of_entry_saccade.Snake	Peak_velocity_of_entry_saccade.Spider	Peak_velocity_of_entry_saccade.Spider	Peak_velocity_of_entry_saccade.Spider
Recording1	Participant1	30 - 40	Female	Low	> 10	Videos - 1	Commercial 1 - Phillips Hero	1	Commercial 1 - Phillips Hero.mp4	91058	49939	0	0	0	0																																																																																																																																																																																																																																																																																																																																																																																																																																																								23.58024	14	0.47315	42252	224	189	497	3.15502	117	119.84	30.04	472.58	101.78	2.79	0.05	18.91	326.35	810	195.94	30.63	30.63	0.33																																																
Recording1	Participant1	30 - 40	Female	Low	> 10	Videos - 1	Commercial 2 - The chase	1	Commercial 2 - The chase.mp4	30097	151057	0	0	0	0																																																																																																																																																																																																																																																																																																																																																																																																																																																								24.12404	6	1.07732	13114	190	69	235	3.3166	34	104.43	30.91	342.74	95.18	2.1	0.26	9.15	71.29	335	321.3	223.68	136.8	6.25																																																
Recording1	Participant1	30 - 40	Female	Low	> 10	Videos - 1	Commercial 3 - The heist	1	Commercial 3 - The heist.mp4	60244	191214	0	0	0	0																																																																																																																																																																																																																																																																																																																																																																																																																																																								22.01757	12	0.03091	32409	212	153	165	3.14334	93	112.38	30.97	413.72	105.29	2.47	0.13	14.09	229.52	208	113.56	250.71	143.04	4.88																																																
Recording1	Participant1	30 - 40	Female	Low	> 10	Videos - 1	Commercial 4 - The lady	1	Commercial 4 - The lady.mp4	30097	261534	0	0	0	0																																																																																																																																																																																																																																																																																																																																																																																																																																																								21.30904	3	1.75971	13515	193	70	112	3.18691	26	138.95	30.9	510.12	122.89	3.27	0.49	18.49	84.92	3422	136.25	47.98	40.94	1.13																																																
Recording1	Participant1	30 - 40	Female	Low	> 10	Videos - 1	Commercials_cross	1	Commercials_cross.png	10093	39846	0	0	0	0																																																																																																																																																																																																																																																																																																																																																																																																																																																								28.32786	2	1.80583	858	143	6	93	3.04705	3	52.69	42.33	68.6	13.98	0.57	0.36	0.72	1.72	3298	264.15	68.6	52.62	0.72																																																
Recording1	Participant1	30 - 40	Female	Low	> 10	Videos - 1	Commercials_cross	2	Commercials_cross.png	10060	140997	0	0	0	0																																																																																																																																																																																																																																																																																																																																																																																																																																																								30.52316	2	2.2972	5758	274	21	295	3.03476	13	65.92	30.49	395.59	99.39	1.33	0.19	11.95	17.26	1522	248.1	40.61	37.26	0.19																																																
Recording1	Participant1	30 - 40	Female	Low	> 10	Videos - 1	Commercials_cross	3	Commercials_cross.png	10060	181154	0	0	0	0																																																																																																																																																																																																																																																																																																																																																																																																																																																								22.43547	2	0.25158	4850	269	18	157	2.89847	6	162.89	42.17	377.54	132.24	4.28	0.4	12.68	25.67	16	179.92	203.52	122.81	5.69																																																
Recording1	Participant1	30 - 40	Female	Low	> 10	Videos - 1	Commercials_cross	4	Commercials_cross.png	10076	251457	0	0	0	0																																																																																																																																																																																																																																																																																																																																																																																																																																																								22.73795	1	1.85879	5138	206	25	128	2.9912	13	117.96	40.1	402.79	103.73	2.55	0.39	13.94	33.21	480	96.47	123.4	83.85	1.82																																																
Recording1	Participant1	30 - 40	Female	Low	> 10	Videos - 1	Commercials_instructions	1	Commercials_instructions.png	5839	34007	0	0	0	0					Space																																																																																																																																																																																																																																																																																																																																																																																																																																																			20.08451	3	1.59093	1952	163	12	238	2.94301	1	306.86	306.86	306.86		6.94	6.94	6.94	6.94	674	357.28	306.86	170.08	6.94																																																
Recording1	Participant1	30 - 40	Female	Low	> 10	Videos - 1	Commercials_rate_adobe	1	Commercials_rate_adobe.png	6223	291631	0	0	0	0					5																																																																																																																																																																																																																																																																																																																																																																																																																																																			21.21636	2	2.49462	2608	163	16	75	3.13531	6	227.57	45.1	406.54	117.98	5.57	0.87	11.32	33.44	1226	344.54	219.71	140.32	5.5																																																
Recording1	Participant1	30 - 40	Female	Low	> 10	Videos - 1	Commercials_rate_aeroline	1	Commercials_rate_aeroline.png	4821	297854	0	0	0	0					2																																																																																																																																																																																																																																																																																																																																																																																																																																																			26.82142	0		1380	197	7	72	3.32507	6	193.84	35.15	388.97	141	4.76	0.83	11.02	28.58	255	296.32	154.73	82.67	2.98																																																
Recording1	Participant1	30 - 40	Female	Low	> 10	Videos - 1	Commercials_rate_hyundai	1	Commercials_rate_hyundai.png	4721	302675	0	0	0	0					3																																																																																																																																																																																																																																																																																																																																																																																																																																																			40.03135	0		1390	174	8	213	3.17537	4	111.93	34.72	221.4	85.95	2.15	0.51	4.69	8.61	660	146.08	138.79	87.14	2.69																																																
Recording1	Participant1	30 - 40	Female	Low	> 10	Videos - 1	Commercials_rate_philips	1	Commercials_rate_philips.png	3337	307397	0	0	0	0					4																																																																																																																																																																																																																																																																																																																																																																																																																																																			42.00745	1	0.49884	968	121	8	237	2.99725	4	200.08	32.12	272.5	112.62	4.55	0.66	6.41	18.19	464	7.64	272.5	147.3	6.41																																																
Recording1	Participant1	30 - 40	Female	Low	> 10	Videos - 1	thankyou	1	thankyou.png	10010	310733	0	0	0	0																																																																																																																																																																																																																																																																																																																																																																																																																																																								39.67989	3	0.49884	5587	193	29	278	3.13024	17	161.09	30.21	484.36	147.25	4.03	0.3	16.15	68.48	657	0.34	117.63	73.41	2.19																																																
Recording1	Participant1	30 - 40	Female	Low	> 10	Videos - 1	Entire Recording	1	Commercial 1 - Phillips Hero.mp4,Commercial 2 - The chase.mp4,Commercial 3 - The heist.mp4,Commercial 4 - The lady.mp4,Commercials_cross.png,Commercials_instructions.png,Commercials_rate_adobe.png,Commercials_rate_aeroline.png,Commercials_rate_hyundai.png,Commercials_rate_philips.png,thankyou.png	320999	0	0	0	0	0					4																																																																																																																																																																																																																																																																																																																																																																																																																																																			23.98375	57	0.13163	145019	220	659	465	3.13692	358	122.63	30.04	510.12	108.55	2.79	0.05	18.91	998.87	872	194.14	162.68	97.94	3.61																																																
Recording2	Participant1	30 - 40	Female	Low	> 10	Visual search - 1	search_fearful	1	fear_F.png	10010	231283	0	1	0	0		0			Space								7536												628												107												2229												12												340												107					Snake	Snake								3.03159												1843												614												303												1163												3												614												1163												2.94184												7831												2610												377												6018												3												340												1437												7926												2642												382												6061												3												294												1483												0																																				0																													37.91124	2	5.47526	2878	480	6	1163	3.01673	5	150.3	35.33	341.82	149.74	3.16	0.26	7.36	15.8	70	133.65	47.27	41.94	0.58								1												3949												3634												341.82				
Recording2	Participant1	30 - 40	Female	Low	> 10	Visual search - 1	search_fearful	2	fear_C.png	9993	259295	0	1	0	0		0			Space											8427												8427												8427												8427												1												1566												8427		Spider	Spider											3.00121												0																																																0																																																8427												8427												8427												8427												1												1566												8427												8435												8435												8435												8435												1												1558												8435												0																																				0																										38.87761	2	0.85727	627	125	5	178	2.84834	4	230.78	63.44	296.67	111.82	6.1	0.64	8.76	24.4	401	176.93	296.67	177.15	7.51											0																																					
Recording2	Participant1	30 - 40	Female	Low	> 10	Visual search - 1	search_fearful	3	fear_A.png	10010	371307	0	1	0	0		0			Space												8498												2833												92												8067												3												940												92	Spider													2.80734												8498												2833												92												8067												3												940												92												2.80734												8523												8523												8523												8523												1												940												8523												8535												8535												8535												8535												1												928												8535												0																																				0																									28.93362	0		9302	1034	9	137	2.77227	4	113.77	35.44	241.44	89.1	2.5	0.17	7.07	9.99	665	65.38	241.44	148.73	7.07												2																																				
Recording2	Participant1	30 - 40	Female	Low	> 10	Visual search - 1	search_fearful	4	fear_B.png	9993	399318	0	1	0	0		0			Space										6688												334												23												978												20												1802												325			Spider	Spider										2.66771												1962												327												188												613												6												1802												325												2.59668												7695												3847												2433												5262												2												1802												5262												7696												3848												2433												5263												2												1800												5263												0																																				0																											28.75973	3	0.4197	2922	266	11	210	2.56362	8	100.16	30.64	313.61	119.68	2.03	0.08	7.66	16.21	360	178.44	313.61	172.63	7.66										6																																						
Recording2	Participant1	30 - 40	Female	Low	> 10	Visual search - 1	search_fearful	5	fear_D.png	10010	427313	0	1	0	0		0			Space							4147												592												198												1128												7												2935												1128						Snake								2.61345												3027												757												498												1128												4												2935												1128												2.5877												4723												2362												1952												2772												2												2935												1952												4750												2375												1958												2792												2												2928												1958												0																																				0																														26.75543	1	0.77	4030	448	9	147	2.58207	11	122.26	46.11	321.89	103.19	2.71	0.16	10.17	29.76	579	94.22	284.85	171.92	7.78							2												2928												4886												73.22					
Recording2	Participant1	30 - 40	Female	Low	> 10	Visual search - 1	search_fearful	6	fear_E.png	10010	483319	0	1	0	0		0			Space									7582												505												78												2107												15												1453												257				Snake	Snake									2.61875												5997												750												257												2107												8												1453												257												2.65515												8037												2679												257												7203												3												1453												257												8081												2694												290												7203												3												1419												290												0																																				0																												26.03671	1		6903	493	14	210	2.63611	9	108.62	31.61	311.1	112.4	2.3	0.31	9.04	20.7	776	349.5	297.24	177.83	9.04									6												9423												1709												44.52			
Recording2	Participant1	30 - 40	Female	Low	> 10	Visual search - 1	search_nonfearful	1	fear_K.png	10010	287289	0	0	0	1				0	Space						7216												902												80												2705												8												2647												318							Mushroom	Mushroom						2.88218												3897												779												80												2193												5												2989												80												2.83265												7363												7363												7363												7363												1												2647												7363												7363												7363												7363												7363												1												2647												7363												0																																				0																															31.36194	3	0.80783	4770	477	10	75	2.83687	7	98.27	37.39	246.68	82.11	1.46	0.17	6.01	10.24	890	241.18	38.37	34.43	0.67						4																																										
Recording2	Participant1	30 - 40	Female	Low	> 10	Visual search - 1	search_nonfearful	2	fear_G.png	9993	315301	0	0	0	1				0	Space			503												252												152												352												2												749												152										Fruit				2.9021												0																																																0																																																503												252												152												352												2												749												152												503												252												152												352												2												749												152												0																																				0																																		31.43015	3	0.32218	1060	212	5	187	2.97989	4	112.29	30.65	342.09	153.3	2.28	0.12	7.82	9.12	901	256.24	30.65	30.65	0.45			0																								901																					
Recording2	Participant1	30 - 40	Female	Low	> 10	Visual search - 1	search_nonfearful	3	fear_H.png	9993	343312	0	0	0	1				0	Space		7608												1268												125												3908												6												2019												210											Fruit	Fruit		2.73165												4118												2059												210												3908												2												2019												210												2.76779												7975												7975												7975												7975												1												2019												7975												8021												8021												8021												8021												1												1972												8021												0																																				0																																			28.03793	2	0.25443	4752	950	5	198	2.74901	5	189.75	38.7	280.5	120.71	4.85	0.43	7.58	24.23	654	90.83	276.43	164.23	7.58		2												1972																								274.99										
Recording2	Participant1	30 - 40	Female	Low	> 10	Visual search - 1	search_nonfearful	4	fear_I.png	9993	455324	0	0	0	1				0	Space	7200												450												60												3562												16												302												210												Fruit	Fruit	2.64718												4288												858												60												3562												5												517												60												2.68382												8751												2188												628												3787												4												302												628												8766												2192												628												3787												4												302												628												0																																				0																																				26.58951	2	1.47777	4368	728	6	60	2.67653	4	32.09	30.02	36.58	3.06	0.63	0.29	0.91	2.54	512	72.39	36.58	34.84	0.91	4																																															
Recording2	Participant1	30 - 40	Female	Low	> 10	Visual search - 1	search_nonfearful	5	fear_J.png	10010	511330	0	0	0	1				0	Space				5865												279												78												988												21												1495												92									Mushroom	Mushroom				2.76298												1508												302												87												518												5												3172												518												2.78366												6833												1139												368												2375												6												1495												1330												6890												1148												368												2377												6												1495												1330												0																																				0																																	28.56358	3	1.72115	2227	247	9	215	2.66504	9	74.6	34.43	208.21	55.47	1.21	0.33	5.13	10.92	2825	275.76	208.21	129.59	5.13				5												4820												2825												34.43								
Recording2	Participant1	30 - 40	Female	Low	> 10	Visual search - 1	search_nonfearful	6	fear_L.png	9993	539341	0	0	0	1				0	Space					8776												627												73												3448												14												866												257								Mushroom	Mushroom					2.65004												543												136												82												257												4												866												257												2.51724												9127												9127												9127												9127												1												866												9127												9174												9174												9174												9174												1												819												9174												0																																				0																																30.30033	1	1.58237	618	124	5	75	2.51436	4	117.28	30.29	306.83	127.9	2.4	0.71	6.98	9.61	819	344.53	306.83	149.44	6.98					3												819																								306.83							
Recording2	Participant1	30 - 40	Female	Low	> 10	Visual search - 1	fear_A	1	fear_A.png	10010	371307	1	1	0	0	10010	0			Space												8498												2833												92												8067												3												940												92	Spider													2.80734												8498												2833												92												8067												3												940												92												2.80734												8523												8523												8523												8523												1												940												8523												8535												8535												8535												8535												1												928												8535												0																																				0																									28.93362	0		9302	1034	9	137	2.77227	4	113.77	35.44	241.44	89.1	2.5	0.17	7.07	9.99	665	65.38	241.44	148.73	7.07												2																																				
Recording2	Participant1	30 - 40	Female	Low	> 10	Visual search - 1	fear_B	1	fear_B.png	9993	399318	1	1	0	0	9993	0			Space										6688												334												23												978												20												1802												325			Spider	Spider										2.66771												1962												327												188												613												6												1802												325												2.59668												7695												3847												2433												5262												2												1802												5262												7696												3848												2433												5263												2												1800												5263												0																																				0																											28.75973	3	0.4197	2922	266	11	210	2.56362	8	100.16	30.64	313.61	119.68	2.03	0.08	7.66	16.21	360	178.44	313.61	172.63	7.66										6																																						
Recording2	Participant1	30 - 40	Female	Low	> 10	Visual search - 1	fear_C	1	fear_C.png	9993	259295	1	1	0	0	9993	0			Space											8427												8427												8427												8427												1												1566												8427		Spider	Spider											3.00121												0																																																0																																																8427												8427												8427												8427												1												1566												8427												8435												8435												8435												8435												1												1558												8435												0																																				0																										38.87761	2	0.85727	627	125	5	178	2.84834	4	230.78	63.44	296.67	111.82	6.1	0.64	8.76	24.4	401	176.93	296.67	177.15	7.51											0																																					
Recording2	Participant1	30 - 40	Female	Low	> 10	Visual search - 1	fear_cat_fruit	1	fear_cat_fruit.png	9993	123910	0	0	0	0																																																																																																																																																																																																																																																																																																																																																																																																																																																								24.5393	1		5085	254	20	418	2.93914	10	80.46	31.3	156.7	39.18	1.53	0.54	3.85	15.28	1674	83.94	113	75.95	2.37																																																
Recording2	Participant1	30 - 40	Female	Low	> 10	Visual search - 1	fear_cat_mushroom	1	fear_cat_mushroom.png	10010	87890	0	0	0	0																																																																																																																																																																																																																																																																																																																																																																																																																																																								29.09301	2	1.50654	4965	451	11	413	2.87162	10	110.54	40.99	245.71	74.37	2.27	0.07	5.81	22.69	473	85.16	40.99	35.64	0.98																																																
Recording2	Participant1	30 - 40	Female	Low	> 10	Visual search - 1	fear_cat_snake	1	fear_cat_snake.png	10010	69889	0	0	0	0																																																																																																																																																																																																																																																																																																																																																																																																																																																								37.4	1		3228	538	6	530	3.10266	5	84.07	58.96	133.12	34.27	1.48	0.64	2.46	7.42	224	269.9	61.88	46.53	0.68																																																
Recording2	Participant1	30 - 40	Female	Low	> 10	Visual search - 1	fear_cat_spider	1	fear_cat_spider.png	9993	105908	0	0	0	0																																																																																																																																																																																																																																																																																																																																																																																																																																																								26.50828	2	0.80764	5498	229	24	228	2.94924	15	76.66	34.06	169.41	40.1	1.26	0.47	3.3	18.83	1344	89.81	87.92	72.62	1.15																																																
Recording2	Participant1	30 - 40	Female	Low	> 10	Visual search - 1	fear_cross	1	fear_cross.png	7991	61898	0	0	0	0																																																																																																																																																																																																																																																																																																																																																																																																																																																								47.55901	1	0.24883	4935	411	12	223	3.14992	8	52.93	36.3	73.71	13.06	0.65	0.25	1.53	5.18	272	201.21	73.71	58.72	1.53																																																
Recording2	Participant1	30 - 40	Female	Low	> 10	Visual search - 1	fear_cross	2	fear_cross.png	7991	79899	0	0	0	0																																																																																																																																																																																																																																																																																																																																																																																																																																																								31.05266	1	0.20634	2300	767	3	170	2.73565	4	59.53	35.15	105.93	31.85	0.91	0.11	2.45	3.65	68	278.99	53.7	47.41	0.57																																																
Recording2	Participant1	30 - 40	Female	Low	> 10	Visual search - 1	fear_cross	3	fear_cross.png	8008	97900	0	0	0	0																																																																																																																																																																																																																																																																																																																																																																																																																																																								27.4085	3	0.4278	1378	689	2	1190	2.80301	3	46.71	32.04	72.51	22.41	0.69	0.39	1.14	2.06	1952	240.85	32.04	32.04	0.54																																																
Recording2	Participant1	30 - 40	Female	Low	> 10	Visual search - 1	fear_cross	4	fear_cross.png	8008	115902	0	0	0	0																																																																																																																																																																																																																																																																																																																																																																																																																																																								25.11778	2	0.1492	5492	549	10	160	2.70431	6	39.72	30.41	60.53	10.72	0.58	0.06	1.2	3.47	502	79.56	60.53	42.35	1.2																																																
Recording2	Participant1	30 - 40	Female	Low	> 10	Visual search - 1	fear_cross	5	fear_cross.png	8008	213282	0	0	0	0																																																																																																																																																																																																																																																																																																																																																																																																																																																								48.60225	0		1003	502	2	728	3.22779	3	61.88	41.23	84.3	21.59	1.1	0.56	2.15	3.31	225	269.58	84.3	59.95	2.15																																																
Recording2	Participant1	30 - 40	Female	Low	> 10	Visual search - 1	fear_cross	6	fear_cross.png	7991	241293	0	0	0	0																																																																																																																																																																																																																																																																																																																																																																																																																																																								37.7932	2		4433	887	5	187	2.79911	2	50.15	46.12	54.18	5.7	0.7	0.18	1.23	1.41	1137	303.31	46.12	40.09	1.23																																																
Recording2	Participant1	30 - 40	Female	Low	> 10	Visual search - 1	fear_cross	7	fear_cross.png	8008	269288	0	0	0	0																																																																																																																																																																																																																																																																																																																																																																																																																																																								34.14689	4	0.11208	2543	363	7	127	2.72821	3	41.2	31.74	54.05	11.53	0.39	0.08	0.61	1.17	1405	339.09	54.05	48.1	0.47																																																
Recording2	Participant1	30 - 40	Female	Low	> 10	Visual search - 1	fear_cross	8	fear_cross.png	7991	297299	0	0	0	0																																																																																																																																																																																																																																																																																																																																																																																																																																																								30.18474	3	0.48409	6782	848	8	135	2.73104	5	37.96	30.29	57.55	11.22	0.51	0.14	1.09	2.54	272	345.2	30.29	30.29	0.14																																																
Recording2	Participant1	30 - 40	Female	Low	> 10	Visual search - 1	fear_cross	9	fear_cross.png	8008	325294	0	0	0	0																																																																																																																																																																																																																																																																																																																																																																																																																																																								30.06444	2	0.17532	5532	1106	5	240	2.61954	3	44.54	39.19	53.37	7.7	0.36	0.28	0.45	1.07	5845	275.27	53.37	44.61	0.28																																																
Recording2	Participant1	30 - 40	Female	Low	> 10	Visual search - 1	fear_cross	10	fear_cross.png	8008	353305	0	0	0	0																																																																																																																																																																																																																																																																																																																																																																																																																																																								27.26548	1		420	420	1	420	2.63023	0																																																													
Recording2	Participant1	30 - 40	Female	Low	> 10	Visual search - 1	fear_cross	11	fear_cross.png	7991	381317	0	0	0	0																																																																																																																																																																																																																																																																																																																																																																																																																																																								27.97577	1		3947	658	6	117	2.67758	3	47.47	30.26	74.96	24.06	0.94	0.5	1.26	2.82	451	139.47	37.19	34.33	0.5																																																
Recording2	Participant1	30 - 40	Female	Low	> 10	Visual search - 1	fear_cross	12	fear_cross.png	8008	409311	0	0	0	0																																																																																																																																																																																																																																																																																																																																																																																																																																																								27.42095	1	0.10168	3005	501	6	2025	2.6174	4	35.83	30.29	45.87	7.26	0.68	0.35	1.45	2.71	2547	159.4	45.87	38.69	0.35																																																
Recording2	Participant1	30 - 40	Female	Low	> 10	Visual search - 1	fear_cross	13	fear_cross.png	7991	437323	0	0	0	0																																																																																																																																																																																																																																																																																																																																																																																																																																																								26.45189	1	0.47614	212	212	1	212	2.49135	2	41.59	30.69	52.49	15.42	0.59	0.57	0.62	1.19	2393	279.43	30.69	30.69	0.57																																																
Recording2	Participant1	30 - 40	Female	Low	> 10	Visual search - 1	fear_cross	14	fear_cross.png	8008	465317	0	0	0	0																																																																																																																																																																																																																																																																																																																																																																																																																																																								26.78843	2	1.55146	0		0			2	201.61	41.54	361.68	226.38	4.8	0.59	9.01	9.6	214	306	361.68	174.08	9.01																																																
Recording2	Participant1	30 - 40	Female	Low	> 10	Visual search - 1	fear_cross	15	fear_cross.png	8008	493329	0	0	0	0																																																																																																																																																																																																																																																																																																																																																																																																																																																								26.23516	1	0.19636	5418	1084	5	365	2.58282	3	61.99	44.75	78.5	16.88	0.7	0.57	0.82	2.11	573	177.16	78.5	53.91	0.82																																																
Recording2	Participant1	30 - 40	Female	Low	> 10	Visual search - 1	fear_cross	16	fear_cross.png	7991	521340	0	0	0	0																																																																																																																																																																																																																																																																																																																																																																																																																																																								35.95153	1		705	235	3	140	2.43901	3	34.79	33.12	36.77	1.85	0.53	0.44	0.72	1.6	1382	296.78	36.77	35.23	0.72																																																
Recording2	Participant1	30 - 40	Female	Low	> 10	Visual search - 1	fear_D	1	fear_D.png	10010	427313	1	1	0	0	10010	0			Space							4147												592												198												1128												7												2935												1128						Snake								2.61345												3027												757												498												1128												4												2935												1128												2.5877												4723												2362												1952												2772												2												2935												1952												4750												2375												1958												2792												2												2928												1958												0																																				0																														26.75543	1	0.77	4030	448	9	147	2.58207	11	122.26	46.11	321.89	103.19	2.71	0.16	10.17	29.76	579	94.22	284.85	171.92	7.78							2												2928												4886												73.22					
Recording2	Participant1	30 - 40	Female	Low	> 10	Visual search - 1	fear_E	1	fear_E.png	10010	483319	1	1	0	0	10010	0			Space									7582												505												78												2107												15												1453												257				Snake	Snake									2.61875												5997												750												257												2107												8												1453												257												2.65515												8037												2679												257												7203												3												1453												257												8081												2694												290												7203												3												1419												290												0																																				0																												26.03671	1		6903	493	14	210	2.63611	9	108.62	31.61	311.1	112.4	2.3	0.31	9.04	20.7	776	349.5	297.24	177.83	9.04									6												9423												1709												44.52			
Recording2	Participant1	30 - 40	Female	Low	> 10	Visual search - 1	fear_F	1	fear_F.png	10010	231283	1	1	0	0	10010	0			Space								7536												628												107												2229												12												340												107					Snake	Snake								3.03159												1843												614												303												1163												3												614												1163												2.94184												7831												2610												377												6018												3												340												1437												7926												2642												382												6061												3												294												1483												0																																				0																													37.91124	2	5.47526	2878	480	6	1163	3.01673	5	150.3	35.33	341.82	149.74	3.16	0.26	7.36	15.8	70	133.65	47.27	41.94	0.58								1												3949												3634												341.82				
Recording2	Participant1	30 - 40	Female	Low	> 10	Visual search - 1	fear_G	1	fear_G.png	9993	315301	0	0	1	1			9993	0	Space			503												252												152												352												2												749												152										Fruit				2.9021												0																																																0																																																503												252												152												352												2												749												152												503												252												152												352												2												749												152												0																																				0																																		31.43015	3	0.32218	1060	212	5	187	2.97989	4	112.29	30.65	342.09	153.3	2.28	0.12	7.82	9.12	901	256.24	30.65	30.65	0.45			0																								901																					
Recording2	Participant1	30 - 40	Female	Low	> 10	Visual search - 1	fear_H	1	fear_H.png	9993	343312	0	0	1	1			9993	0	Space		7608												1268												125												3908												6												2019												210											Fruit	Fruit		2.73165												4118												2059												210												3908												2												2019												210												2.76779												7975												7975												7975												7975												1												2019												7975												8021												8021												8021												8021												1												1972												8021												0																																				0																																			28.03793	2	0.25443	4752	950	5	198	2.74901	5	189.75	38.7	280.5	120.71	4.85	0.43	7.58	24.23	654	90.83	276.43	164.23	7.58		2												1972																								274.99										
Recording2	Participant1	30 - 40	Female	Low	> 10	Visual search - 1	fear_I	1	fear_I.png	9993	455324	0	0	1	1			9993	0	Space	7200												450												60												3562												16												302												210												Fruit	Fruit	2.64718												4288												858												60												3562												5												517												60												2.68382												8751												2188												628												3787												4												302												628												8766												2192												628												3787												4												302												628												0																																				0																																				26.58951	2	1.47777	4368	728	6	60	2.67653	4	32.09	30.02	36.58	3.06	0.63	0.29	0.91	2.54	512	72.39	36.58	34.84	0.91	4																																															
Recording2	Participant1	30 - 40	Female	Low	> 10	Visual search - 1	fear_instructions_ready	1	fear_instructions_ready.png	2186	211097	0	0	0	0					Space																																																																																																																																																																																																																																																																																																																																																																																																																																																			45.26044	0		820	164	5	140	3.21592	2	200.98	168.23	233.74	46.33	4.69	4.06	5.33	9.39	787	353.89	233.74	153.27	5.33																																																
Recording2	Participant1	30 - 40	Female	Low	> 10	Visual search - 1	fear_instructions_summary	1	fear_instructions_summary.png	15115	195982	0	0	0	0					Space																																																																																																																																																																																																																																																																																																																																																																																																																																																			34.44712	4	0.223	5727	174	33	75	3.05726	18	161.09	32.51	494.71	111.7	3.79	0.21	16.4	68.22	2868	343.44	267.03	173.38	7.4																																																
Recording2	Participant1	30 - 40	Female	Low	> 10	Visual search - 1	fear_intructions_1	1	fear_intructions_1.png	14063	47834	0	0	0	0					Space																																																																																																																																																																																																																																																																																																																																																																																																																																																			32.90634	1		6437	179	36	63	3.17794	17	184.47	30.03	429.52	107.25	4.62	0.57	16.39	78.52	575	134.24	30.03	30.03	0.64																																																
Recording2	Participant1	30 - 40	Female	Low	> 10	Visual search - 1	fear_intructions_2	1	fear_intructions_2.png	3987	133903	0	0	0	0					Space																																																																																																																																																																																																																																																																																																																																																																																																																																																			25.72111	2	1.19276	1827	166	11	318	3.16996	8	144.89	32.15	241.63	90.98	3.18	0.33	5.56	25.44	256	150.24	218.04	144.31	5.56																																																
Recording2	Participant1	30 - 40	Female	Low	> 10	Visual search - 1	fear_intructions_3	1	fear_intructions_3.png	58091	137890	0	0	0	0					Space																																																																																																																																																																																																																																																																																																																																																																																																																																																			38.12161	15		27791	174	160	108	3.13817	92	154.49	30.51	476.93	102.3	3.54	0.18	19.74	325.82	432	204.62	38.53	35.46	0.32																																																
Recording2	Participant1	30 - 40	Female	Low	> 10	Visual search - 1	fear_J	1	fear_J.png	10010	511330	0	0	1	1			10010	0	Space				5865												279												78												988												21												1495												92									Mushroom	Mushroom				2.76298												1508												302												87												518												5												3172												518												2.78366												6833												1139												368												2375												6												1495												1330												6890												1148												368												2377												6												1495												1330												0																																				0																																	28.56358	3	1.72115	2227	247	9	215	2.66504	9	74.6	34.43	208.21	55.47	1.21	0.33	5.13	10.92	2825	275.76	208.21	129.59	5.13				5												4820												2825												34.43								
Recording2	Participant1	30 - 40	Female	Low	> 10	Visual search - 1	fear_K	1	fear_K.png	10010	287289	0	0	1	1			10010	0	Space						7216												902												80												2705												8												2647												318							Mushroom	Mushroom						2.88218												3897												779												80												2193												5												2989												80												2.83265												7363												7363												7363												7363												1												2647												7363												7363												7363												7363												7363												1												2647												7363												0																																				0																															31.36194	3	0.80783	4770	477	10	75	2.83687	7	98.27	37.39	246.68	82.11	1.46	0.17	6.01	10.24	890	241.18	38.37	34.43	0.67						4																																										
Recording2	Participant1	30 - 40	Female	Low	> 10	Visual search - 1	fear_L	1	fear_L.png	9993	539341	0	0	1	1			9993	0	Space					8776												627												73												3448												14												866												257								Mushroom	Mushroom					2.65004												543												136												82												257												4												866												257												2.51724												9127												9127												9127												9127												1												866												9127												9174												9174												9174												9174												1												819												9174												0																																				0																																30.30033	1	1.58237	618	124	5	75	2.51436	4	117.28	30.29	306.83	127.9	2.4	0.71	6.98	9.61	819	344.53	306.83	149.44	6.98					3												819																								306.83							
Recording2	Participant1	30 - 40	Female	Low	> 10	Visual search - 1	fear_name_fruit	1	fear_name_fruit.png	10010	305291	0	0	0	0																																																																																																																																																																																																																																																																																																																																																																																																																																																								31.35322	3	2.28541	6277	448	14	90	2.55554	12	44.11	32.98	72.29	9.87	0.54	0.14	0.93	6.5	1454	207.21	41.1	39.62	0.89																																																
Recording2	Participant1	30 - 40	Female	Low	> 10	Visual search - 1	fear_name_fruit	2	fear_name_fruit.png	10010	333302	0	0	0	0																																																																																																																																																																																																																																																																																																																																																																																																																																																								29.00237	2	1.2785	6493	649	10	2117	2.59097	8	39.92	30.43	53.9	8.12	0.46	0.27	0.84	3.68	308	286.12	36.57	36.54	0.35																																																
Recording2	Participant1	30 - 40	Female	Low	> 10	Visual search - 1	fear_name_fruit	3	fear_name_fruit.png	10010	445314	0	0	0	0																																																																																																																																																																																																																																																																																																																																																																																																																																																								26.5853	2		427	213	2	123	2.42844	2	39.06	35.88	42.25	4.5	0.65	0.6	0.7	1.3	6433	356.61	42.25	38.9	0.7																																																
Recording2	Participant1	30 - 40	Female	Low	> 10	Visual search - 1	fear_name_mushroom	1	fear_name_mushroom.png	9993	277296	0	0	0	0																																																																																																																																																																																																																																																																																																																																																																																																																																																								33.44731	2	0.62669	4767	251	19	272	2.7035	16	82.32	35.71	131.88	27.9	1.51	0.25	2.64	24.09	1565	322.06	103.48	61.4	2.24																																																
Recording2	Participant1	30 - 40	Female	Low	> 10	Visual search - 1	fear_name_mushroom	2	fear_name_mushroom.png	9993	501337	0	0	0	0																																																																																																																																																																																																																																																																																																																																																																																																																																																								25.96259	1	1.04074	4658	259	18	847	2.53675	9	73.5	36.13	137.14	34.05	1.17	0.18	2.5	10.51	1323	167.88	85.54	51.28	1.31																																																
Recording2	Participant1	30 - 40	Female	Low	> 10	Visual search - 1	fear_name_mushroom	3	fear_name_mushroom.png	10010	529331	0	0	0	0																																																																																																																																																																																																																																																																																																																																																																																																																																																								32.48026	0		3685	283	13	113	2.48412	7	66.46	43.69	97.94	20.4	1.15	0.46	2.04	8.04	1811	284.1	44.57	39.38	0.46																																																
Recording2	Participant1	30 - 40	Female	Low	> 10	Visual search - 1	fear_name_snake	1	fear_name_snake.png	9993	221290	0	0	0	0																																																																																																																																																																																																																																																																																																																																																																																																																																																								39.69609	1	0.5019	4967	355	14	80	3.17454	15	50.12	35.58	67.93	10.87	0.71	0.09	1.79	10.59	935	270.26	41.38	37.31	1.79																																																
Recording2	Participant1	30 - 40	Female	Low	> 10	Visual search - 1	fear_name_snake	2	fear_name_snake.png	9993	417319	0	0	0	0																																																																																																																																																																																																																																																																																																																																																																																																																																																								27.373	2	2.27356	5242	403	13	557	2.56302	11	62.59	31.66	106	22.35	0.91	0.46	1.37	10.03	1389	213.67	31.66	31.46	0.86																																																
Recording2	Participant1	30 - 40	Female	Low	> 10	Visual search - 1	fear_name_snake	3	fear_name_snake.png	9993	473325	0	0	0	0																																																																																																																																																																																																																																																																																																																																																																																																																																																								26.19481	2	0.06727	3782	420	9	267	2.4346	9	51.93	30	70.51	13.44	0.83	0.16	1.42	7.44	1118	336.67	57.49	49.29	0.72																																																
Recording2	Participant1	30 - 40	Female	Low	> 10	Visual search - 1	fear_name_spider	1	fear_name_spider.png	10010	249285	0	0	0	0																																																																																																																																																																																																																																																																																																																																																																																																																																																								37.65107	4	1.13784	7417	742	10	360	2.76862	9	51.46	39.86	62.06	8	0.71	0.39	1.04	6.35	893	235.39	56.37	46.86	0.84																																																
Recording2	Participant1	30 - 40	Female	Low	> 10	Visual search - 1	fear_name_spider	2	fear_name_spider.png	9993	361313	0	0	0	0																																																																																																																																																																																																																																																																																																																																																																																																																																																								28.76492	2		3427	428	8	1545	2.59642	9	57.66	43.69	89.9	13.98	1.02	0.63	1.73	9.16	2499	324.48	89.9	61.25	1.61																																																
Recording2	Participant1	30 - 40	Female	Low	> 10	Visual search - 1	fear_name_spider	3	fear_name_spider.png	10010	389308	0	0	0	0																																																																																																																																																																																																																																																																																																																																																																																																																																																								29.39115	3	0.88333	4933	617	8	290	2.50551	8	54.33	34.07	77.78	16.8	0.6	0.34	0.96	4.78	407	277.26	39.03	37.22	0.52																																																
Recording2	Participant1	30 - 40	Female	Low	> 10	Visual search - 1	fear_question_snakes	1	fear_question_snakes.png	3871	549335	0	0	0	0					1																																																																																																																																																																																																																																																																																																																																																																																																																																																			29.83567	1	9.27891	497	166	3	175	2.74986	3	140.21	88.13	179.45	47	2.93	1.79	3.58	8.8	198	254.52	153.06	98.3	3.58																																																
Recording2	Participant1	30 - 40	Female	Low	> 10	Visual search - 1	fear_question_spider	1	fear_question_spider.png	1602	553205	0	0	0	0					1																																																																																																																																																																																																																																																																																																																																																																																																																																																			35.02549	0		302	151	2	132	3.0598	1	53.98	53.98	53.98		0.67	0.67	0.67	0.67	21	275.92	53.98	46.18	0.67																																																
Recording2	Participant1	30 - 40	Female	Low	> 10	Visual search - 1	thankyou	1	thankyou.png	6023	554807	0	0	0	0																																																																																																																																																																																																																																																																																																																																																																																																																																																								42.75354	0		1143	127	9	175	3.30517	3	58.24	30.67	110.27	45.08	1.29	0.18	2.85	3.86	517	331.86	110.27	75.06	2.85																																																
Recording2	Participant1	30 - 40	Female	Low	> 10	Visual search - 1	Entire Recording	1	fear_A.png,fear_B.png,fear_C.png,fear_cat_fruit.png,fear_cat_mushroom.png,fear_cat_snake.png,fear_cat_spider.png,fear_cross.png,fear_D.png,fear_E.png,fear_F.png,fear_G.png,fear_H.png,fear_I.png,fear_instructions_ready.png,fear_instructions_summary.png,fear_intructions_1.png,fear_intructions_2.png,fear_intructions_3.png,fear_J.png,fear_K.png,fear_L.png,fear_name_fruit.png,fear_name_mushroom.png,fear_name_snake.png,fear_name_spider.png,fear_question_snakes.png,fear_question_spider.png,thankyou.png	560954	0	6	6	6	6	241293	231283	297299	287289	1	7200	7608	503	5865	8776	7216	4147	7536	7582	6688	8427	8498	450	1268	252	279	627	902	592	628	505	334	8427	2833	60	125	152	78	73	80	198	107	78	23	8427	92	3562	3908	352	988	3448	2705	1128	2229	2107	978	8427	8067	16	6	2	21	14	8	7	12	15	20	1	3	455626	345331	316050	512825	540207	289936	430247	231624	484771	401120	260861	372246	210	210	152	92	257	318	1128	107	257	325	8427	92	Mushroom		2.64718	2.73165	2.9021	2.76298	2.65004	2.88218	2.61345	3.03159	2.61875	2.66771	3.00121	2.80734	4288	4118	0	1508	543	3897	3027	1843	5997	1962	0	8498	858	2059		302	136	779	757	614	750	327		2833	60	210		87	82	80	498	303	257	188		92	3562	3908		518	257	2193	1128	1163	2107	613		8067	5	2	0	5	4	5	4	3	8	6	0	3	455841	345331		514502	540207	290278	430247	231897	484771	401120		372246	60	210		518	257	80	1128	1163	257	325		92	2.68382	2.76779		2.78366	2.51724	2.83265	2.5877	2.94184	2.65515	2.59668		2.80734	8751	7975	503	6833	9127	7363	4723	7831	8037	7695	8427	8523	2188	7975	252	1139	9127	7363	2362	2610	2679	3847	8427	8523	628	7975	152	368	9127	7363	1952	377	257	2433	8427	8523	3787	7975	352	2375	9127	7363	2772	6018	7203	5262	8427	8523	4	1	2	6	1	1	2	3	3	2	1	1	455626	345331	316050	512825	540207	289936	430247	231624	484771	401120	260861	372246	628	7975	152	1330	9127	7363	1952	1437	257	5262	8427	8523	8766	8021	503	6890	9174	7363	4750	7926	8081	7696	8435	8535	2192	8021	252	1148	9174	7363	2375	2642	2694	3848	8435	8535	628	8021	152	368	9174	7363	1958	382	290	2433	8435	8535	3787	8021	352	2377	9174	7363	2792	6061	7203	5263	8435	8535	4	1	2	6	1	1	2	3	3	2	1	1	455626	345284	316050	512825	540161	289936	430240	231577	484738	401118	260853	372235	628	8021	152	1330	9174	7363	1958	1483	290	5263	8435	8535	0	0	0	0	0	0	0	0	0	0	0	0																									0	0	0	0	0	0	0	0	0	0	0	0																									31.62552	116	0.31871	268096	374	716	217	2.83467	471	106.47	30	494.71	89.49	2.24	0.06	19.74	1056.48	523	86.3	134.08	84.16	2.67	4	2	0	5	3	4	2	1	6	6	0	2		345284		516150	540161		430240	235232	492741						316202	514155			432199	234917	485028					274.99		34.43	306.83		73.22	341.82	44.52			
Recording3	Participant1	30 - 40	Female	Low	> 10	Visual search - 1	search_fearful	1	fear_F.png	9993	278288	0	1	0	0		0			Space								8948												8948												8948												8948												1												1046												8948					Snake	Snake								3.13249												0																																																0																																																8948												8948												8948												8948												1												1046												8948												8991												8991												8991												8991												1												1002												8991												0																																				0																													7.2799	1	0.20902	805	161	5	242	2.75718	5	264.42	219.93	301.43	31.04	7.55	5.46	9.29	37.74	261	94.59	265.72	162.27	7.14								0												1002																								301.43				
Recording3	Participant1	30 - 40	Female	Low	> 10	Visual search - 1	search_fearful	2	fear_C.png	9993	306299	0	1	0	0		0			Space											8212												1642												202												6698												5												1337												202		Spider	Spider											2.94256												7820												1955												202												6698												4												1337												202												2.94607												8385												4192												470												7915												2												1337												470												8477												4238												515												7962												2												1292												515												0																																				0																										7.04668	2	0.20879	8845	804	11	103	2.94341	11	221.9	36.67	318.2	97.14	6.63	0.77	9.72	72.98	160	102.27	249.77	152.6	6.78											2												1292												1807												268.82	
Recording3	Participant1	30 - 40	Female	Low	> 10	Visual search - 1	search_fearful	3	fear_A.png	10010	418311	0	1	0	0		0			Space												8455												4228												207												8248												2												1537												207	Spider	Spider												2.73584												207												207												207												207												1												1537												207												2.80452												8473												8473												8473												8473												1												1537												8473												8515												8515												8515												8515												1												1495												8515												0																																				0																									6.46598	0		1128	141	8	183	2.64153	9	250.16	54.62	315.61	78.95	7.75	1.09	10.2	69.74	233	181.22	280.2	177.57	8.98												1												1495																								248.81
Recording3	Participant1	30 - 40	Female	Low	> 10	Visual search - 1	search_fearful	4	fear_B.png	10010	446322	0	1	0	0		0			Space										7913												1319												100												2823												6												589												100			Spider	Spider										2.74009												5605												1121												100												2823												5												589												100												2.7873												8129												4065												100												8029												2												589												100												8234												4117												143												8091												2												546												143												0																																				0																											6.25679	1	0.07985	6777	565	12	245	2.80675	12	217.08	34.9	325.83	105.04	7.17	0.82	13.73	86.03	247	178.41	325.83	206.06	11.05										3												546												689												231.12		
Recording3	Participant1	30 - 40	Female	Low	> 10	Visual search - 1	search_fearful	5	fear_D.png	9993	474333	0	1	0	0		0			Space							8702												1450												640												3115												6												1202												1820						Snake	Snake							2.73233												5587												1117												640												1820												5												1202												1820												2.72751												8792												8792												8792												8792												1												1202												8792												8838												8838												8838												8838												1												1155												8838												0																																				0																														6.02434	0		6302	630	10	237	2.7244	11	174.64	36.45	312.55	120.6	5.16	0.55	10.51	56.81	200	182.95	288.12	199.18	10.51							5												1155																								248.28					
Recording3	Participant1	30 - 40	Female	Low	> 10	Visual search - 1	search_fearful	6	fear_E.png	9993	530339	0	1	0	0		0			Space									9062												1812												163												6715												5												732												163				Snake	Snake									2.92711												2347												587												163												917												4												732												163												2.9504												9092												4546												163												8928												2												732												163												9173												4587												207												8967												2												688												207												0																																				0																												5.39634	0		2825	353	8	177	2.91958	9	190.81	30.67	320.97	118.62	5.12	0.66	10.17	46.04	172	185.27	280.8	179.22	7.98									3												688												895												278.71			
Recording3	Participant1	30 - 40	Female	Low	> 10	Visual search - 1	search_nonfearful	1	fear_K.png	10010	334294	0	0	0	1				0	Space						9057												2264												167												4753												4												913												167							Mushroom	Mushroom						3.00871												6108												2036												167												4753												3												913												167												3.0422												9097												9097												9097												9097												1												913												9097												9164												9164												9164												9164												1												846												9164												0																																				0																															7.02411	1		6613	1102	6	172	3.01498	7	201	32.73	411.23	139.34	6.49	0.6	16.43	45.42	194	174.51	274.88	174.12	9.25						3												846																								411.23						
Recording3	Participant1	30 - 40	Female	Low	> 10	Visual search - 1	search_nonfearful	2	fear_G.png	9993	362305	0	0	0	1				0	Space			8637												2159												108												7378												4												1100												108										Fruit	Fruit			2.81284												7640												2547												108												7378												3												1100												108												2.79332												8667												4333												108												8558												2												1100												108												8790												4395												183												8607												2												1025												183												0																																				0																																		6.54549	1	0.0886	8460	1209	7	215	2.77501	8	232.93	35.92	352.87	120.72	7.84	0.34	15.92	62.75	190	187.98	261.31	180.79	9.52			2												1025												1208												344.73									
Recording3	Participant1	30 - 40	Female	Low	> 10	Visual search - 1	search_nonfearful	3	fear_H.png	9993	390316	0	0	0	1				0	Space		6516												1086												98												3902												6												562												98											Fruit	Fruit		2.98978												5367												1073												98												3902												5												562												98												3.05793												6564												1641												98												5504												4												562												98												6781												1695												148												5559												4												512												148												0																																				0																																			6.54461	1	0.14106	7700	367	21	148	3.0173	22	264.14	61.97	379.28	86.66	8.13	0.98	17.43	178.84	159	186.45	270.42	172.09	7.98		2												512												661												338.84										
Recording3	Participant1	30 - 40	Female	Low	> 10	Visual search - 1	search_nonfearful	4	fear_I.png	10010	502328	0	0	0	1				0	Space	9222												922												125												3845												10												249												125												Fruit	Fruit	2.76789												8508												945												125												3845												9												249												125												2.78435												9469												4735												125												9344												2												249												125												9571												4785												175												9396												2												199												175												0																																				0																																				5.68228	1	0.0371	8838	803	11	133	2.77392	11	101.93	31.53	277.45	104.18	2.85	0.57	9.48	31.37	42	5.09	64.47	50.2	1.38	7												199												374												277.45											
Recording3	Participant1	30 - 40	Female	Low	> 10	Visual search - 1	search_nonfearful	5	fear_J.png	9993	558351	0	0	0	1				0	Space				9169												1834												118												5403												5												602												188									Mushroom	Mushroom				2.6068												3767												942												118												3002												4												602												188												2.72692												9391												9391												9391												9391												1												602												9391												9461												9461												9461												9461												1												532												9461												0																																				0																																	5.25683	1	0.03991	4198	600	7	188	2.68874	6	174.72	44.81	382.96	146.97	6.28	0.67	18.85	37.7	194	193.56	303.61	191.05	10.67				3												532																								382.96								
Recording3	Participant1	30 - 40	Female	Low	> 10	Visual search - 1	search_nonfearful	6	fear_L.png	10010	586345	0	0	0	1				0	Space					8639												4319												2117												6522												2												1067												2117								Mushroom	Mushroom					2.6809												2117												2117												2117												2117												1												1067												2117												2.79434												8639												4319												2117												6522												2												1067												2117												8732												4366												2163												6568												2												1020												2163												0																																				0																																4.98967	0		3070	439	7	192	2.73253	7	239.72	136.53	318.05	63.34	7.72	2.57	10.76	54.07	280	229.22	318.05	205.02	10.76					0												1020												3183												302.46							
Recording3	Participant1	30 - 40	Female	Low	> 10	Visual search - 1	fear_A	1	fear_A.png	10010	418311	1	1	0	0	10010	0			Space												8455												4228												207												8248												2												1537												207	Spider	Spider												2.73584												207												207												207												207												1												1537												207												2.80452												8473												8473												8473												8473												1												1537												8473												8515												8515												8515												8515												1												1495												8515												0																																				0																									6.46598	0		1128	141	8	183	2.64153	9	250.16	54.62	315.61	78.95	7.75	1.09	10.2	69.74	233	181.22	280.2	177.57	8.98												1												1495																								248.81
Recording3	Participant1	30 - 40	Female	Low	> 10	Visual search - 1	fear_B	1	fear_B.png	10010	446322	1	1	0	0	10010	0			Space										7913												1319												100												2823												6												589												100			Spider	Spider										2.74009												5605												1121												100												2823												5												589												100												2.7873												8129												4065												100												8029												2												589												100												8234												4117												143												8091												2												546												143												0																																				0																											6.25679	1	0.07985	6777	565	12	245	2.80675	12	217.08	34.9	325.83	105.04	7.17	0.82	13.73	86.03	247	178.41	325.83	206.06	11.05										3												546												689												231.12		
Recording3	Participant1	30 - 40	Female	Low	> 10	Visual search - 1	fear_C	1	fear_C.png	9993	306299	1	1	0	0	9993	0			Space											8212												1642												202												6698												5												1337												202		Spider	Spider											2.94256												7820												1955												202												6698												4												1337												202												2.94607												8385												4192												470												7915												2												1337												470												8477												4238												515												7962												2												1292												515												0																																				0																										7.04668	2	0.20879	8845	804	11	103	2.94341	11	221.9	36.67	318.2	97.14	6.63	0.77	9.72	72.98	160	102.27	249.77	152.6	6.78											2												1292												1807												268.82	
Recording3	Participant1	30 - 40	Female	Low	> 10	Visual search - 1	fear_cat_fruit	1	fear_cat_fruit.png	9993	155281	0	0	0	0																																																																																																																																																																																																																																																																																																																																																																																																																																																								5.85608	0		7582	632	12	112	2.75834	12	76.57	36.66	160.52	37.73	1.94	0.81	4.29	23.31	835	242.07	36.66	31.92	1.23																																																
Recording3	Participant1	30 - 40	Female	Low	> 10	Visual search - 1	fear_cat_mushroom	1	fear_cat_mushroom.png	9993	119279	0	0	0	0																																																																																																																																																																																																																																																																																																																																																																																																																																																								6.23344	1	0.0383	4067	813	5	1070	2.92421	6	54.13	35.76	75.16	14.96	1.18	0.99	1.5	7.1	344	106.74	53.56	42.49	1.01																																																
Recording3	Participant1	30 - 40	Female	Low	> 10	Visual search - 1	fear_cat_snake	1	fear_cat_snake.png	9993	101278	0	0	0	0																																																																																																																																																																																																																																																																																																																																																																																																																																																								6.77901	1		8914	446	20	253	2.8779	20	142.4	53.22	349.4	77.91	3.92	0.79	14.07	78.35	377	350.71	100.75	69.6	2.24																																																
Recording3	Participant1	30 - 40	Female	Low	> 10	Visual search - 1	fear_cat_spider	1	fear_cat_spider.png	9993	137280	0	0	0	0																																																																																																																																																																																																																																																																																																																																																																																																																																																								5.81983	0		7088	506	14	837	2.81047	14	91.43	36.45	191.65	48.85	2.22	0.5	5.77	31.08	373	329.08	36.45	34.71	0.5																																																
Recording3	Participant1	30 - 40	Female	Low	> 10	Visual search - 1	fear_cross	1	fear_cross.png	8008	93270	0	0	0	0																																																																																																																																																																																																																																																																																																																																																																																																																																																								6.85743	0		7315	3658	2	173	3.09953	2	135.32	38.2	232.44	137.35	3.47	0.88	6.05	6.93	171	58.96	232.44	142.18	6.05																																																
Recording3	Participant1	30 - 40	Female	Low	> 10	Visual search - 1	fear_cross	2	fear_cross.png	8008	111271	0	0	0	0																																																																																																																																																																																																																																																																																																																																																																																																																																																								6.48911	0		6780	6780	1	6780	2.91404	0																																																													
Recording3	Participant1	30 - 40	Female	Low	> 10	Visual search - 1	fear_cross	3	fear_cross.png	8008	129272	0	0	0	0																																																																																																																																																																																																																																																																																																																																																																																																																																																								5.97942	0		0		0			0																																																													
Recording3	Participant1	30 - 40	Female	Low	> 10	Visual search - 1	fear_cross	4	fear_cross.png	8008	147273	0	0	0	0																																																																																																																																																																																																																																																																																																																																																																																																																																																								5.87536	0		0		0			0																																																													
Recording3	Participant1	30 - 40	Female	Low	> 10	Visual search - 1	fear_cross	5	fear_cross.png	8008	260286	0	0	0	0																																																																																																																																																																																																																																																																																																																																																																																																																																																								7.08192	1	0.05601	7372	7372	1	7372	3.06667	1	159.68	159.68	159.68		3.53	3.53	3.53	3.53	184	248.38	159.68	105.21	3.53																																																
Recording3	Participant1	30 - 40	Female	Low	> 10	Visual search - 1	fear_cross	6	fear_cross.png	8008	288281	0	0	0	0																																																																																																																																																																																																																																																																																																																																																																																																																																																								7.10787	1	0.04437	5713	1428	4	105	2.71259	2	179.13	92.87	265.39	121.99	4.75	2.03	7.48	9.5	356	2.61	265.39	169.7	7.48																																																
Recording3	Participant1	30 - 40	Female	Low	> 10	Visual search - 1	fear_cross	7	fear_cross.png	8008	316292	0	0	0	0																																																																																																																																																																																																																																																																																																																																																																																																																																																								7.01445	1	0.16571	2715	1358	2	135	2.70171	2	158.37	37.93	278.8	170.32	4.47	0.54	8.39	8.93	337	185.4	278.8	169.57	8.39																																																
Recording3	Participant1	30 - 40	Female	Low	> 10	Visual search - 1	fear_cross	8	fear_cross.png	7991	344304	0	0	0	0																																																																																																																																																																																																																																																																																																																																																																																																																																																								6.84926	1	0.11431	102	102	1	102	2.94604	1	67.45	67.45	67.45		1.58	1.58	1.58	1.58	738	196.33	67.45	53.66	1.58																																																
Recording3	Participant1	30 - 40	Female	Low	> 10	Visual search - 1	fear_cross	9	fear_cross.png	8008	372298	0	0	0	0																																																																																																																																																																																																																																																																																																																																																																																																																																																								6.42065	1		4990	1248	4	218	2.63281	3	137.35	46.37	314.05	153.05	4.34	0.75	11.43	13.01	378	312.29	314.05	199.54	11.43																																																
Recording3	Participant1	30 - 40	Female	Low	> 10	Visual search - 1	fear_cross	10	fear_cross.png	8008	400310	0	0	0	0																																																																																																																																																																																																																																																																																																																																																																																																																																																								6.50722	1		5408	5408	1	5408	2.64109	1	256.26	256.26	256.26		8.12	8.12	8.12	8.12	858	90.99	256.26	141.11	8.12																																																
Recording3	Participant1	30 - 40	Female	Low	> 10	Visual search - 1	fear_cross	11	fear_cross.png	7991	428321	0	0	0	0																																																																																																																																																																																																																																																																																																																																																																																																																																																								6.29187	0		4972	1243	4	110	2.53268	2	191.2	95.22	287.17	135.73	6.19	2.04	10.33	12.37	362	305.48	287.17	188.31	10.33																																																
Recording3	Participant1	30 - 40	Female	Low	> 10	Visual search - 1	fear_cross	12	fear_cross.png	7991	456332	0	0	0	0																																																																																																																																																																																																																																																																																																																																																																																																																																																								6.21252	0		2907	969	3	75	2.44762	2	177.07	106.61	247.54	99.66	6.7	2.22	11.18	13.41	306	47.63	247.54	167.65	11.18																																																
Recording3	Participant1	30 - 40	Female	Low	> 10	Visual search - 1	fear_cross	13	fear_cross.png	8008	484327	0	0	0	0																																																																																																																																																																																																																																																																																																																																																																																																																																																								5.9148	0		6365	1591	4	123	2.6531	2	200.99	84.46	317.52	164.8	6.2	2.03	10.37	12.39	537	232.4	317.52	194.82	10.37																																																
Recording3	Participant1	30 - 40	Female	Low	> 10	Visual search - 1	fear_cross	14	fear_cross.png	7991	512338	0	0	0	0																																																																																																																																																																																																																																																																																																																																																																																																																																																								5.59581	0		7133	1783	4	505	2.51298	1	286.51	286.51	286.51		9.78	9.78	9.78	9.78	323	6.27	286.51	178.57	9.78																																																
Recording3	Participant1	30 - 40	Female	Low	> 10	Visual search - 1	fear_cross	15	fear_cross.png	8008	540333	0	0	0	0																																																																																																																																																																																																																																																																																																																																																																																																																																																								5.31011	0		3852	1284	3	448	2.59758	1	57.28	57.28	57.28		1.09	1.09	1.09	1.09	1068	271.55	57.28	47.61	1.09																																																
Recording3	Participant1	30 - 40	Female	Low	> 10	Visual search - 1	fear_cross	16	fear_cross.png	8008	568344	0	0	0	0																																																																																																																																																																																																																																																																																																																																																																																																																																																								5.17663	0		5370	1343	4	150	2.4896	2	158.98	31.35	286.61	180.49	4.74	0.6	8.89	9.49	361	183.27	286.61	178.84	8.89																																																
Recording3	Participant1	30 - 40	Female	Low	> 10	Visual search - 1	fear_D	1	fear_D.png	9993	474333	1	1	0	0	9993	0			Space							8702												1450												640												3115												6												1202												1820						Snake	Snake							2.73233												5587												1117												640												1820												5												1202												1820												2.72751												8792												8792												8792												8792												1												1202												8792												8838												8838												8838												8838												1												1155												8838												0																																				0																														6.02434	0		6302	630	10	237	2.7244	11	174.64	36.45	312.55	120.6	5.16	0.55	10.51	56.81	200	182.95	288.12	199.18	10.51							5												1155																								248.28					
Recording3	Participant1	30 - 40	Female	Low	> 10	Visual search - 1	fear_E	1	fear_E.png	9993	530339	1	1	0	0	9993	0			Space									9062												1812												163												6715												5												732												163				Snake	Snake									2.92711												2347												587												163												917												4												732												163												2.9504												9092												4546												163												8928												2												732												163												9173												4587												207												8967												2												688												207												0																																				0																												5.39634	0		2825	353	8	177	2.91958	9	190.81	30.67	320.97	118.62	5.12	0.66	10.17	46.04	172	185.27	280.8	179.22	7.98									3												688												895												278.71			
Recording3	Participant1	30 - 40	Female	Low	> 10	Visual search - 1	fear_F	1	fear_F.png	9993	278288	1	1	0	0	9993	0			Space								8948												8948												8948												8948												1												1046												8948					Snake	Snake								3.13249												0																																																0																																																8948												8948												8948												8948												1												1046												8948												8991												8991												8991												8991												1												1002												8991												0																																				0																													7.2799	1	0.20902	805	161	5	242	2.75718	5	264.42	219.93	301.43	31.04	7.55	5.46	9.29	37.74	261	94.59	265.72	162.27	7.14								0												1002																								301.43				
Recording3	Participant1	30 - 40	Female	Low	> 10	Visual search - 1	fear_G	1	fear_G.png	9993	362305	0	0	1	1			9993	0	Space			8637												2159												108												7378												4												1100												108										Fruit	Fruit			2.81284												7640												2547												108												7378												3												1100												108												2.79332												8667												4333												108												8558												2												1100												108												8790												4395												183												8607												2												1025												183												0																																				0																																		6.54549	1	0.0886	8460	1209	7	215	2.77501	8	232.93	35.92	352.87	120.72	7.84	0.34	15.92	62.75	190	187.98	261.31	180.79	9.52			2												1025												1208												344.73									
Recording3	Participant1	30 - 40	Female	Low	> 10	Visual search - 1	fear_H	1	fear_H.png	9993	390316	0	0	1	1			9993	0	Space		6516												1086												98												3902												6												562												98											Fruit	Fruit		2.98978												5367												1073												98												3902												5												562												98												3.05793												6564												1641												98												5504												4												562												98												6781												1695												148												5559												4												512												148												0																																				0																																			6.54461	1	0.14106	7700	367	21	148	3.0173	22	264.14	61.97	379.28	86.66	8.13	0.98	17.43	178.84	159	186.45	270.42	172.09	7.98		2												512												661												338.84										
Recording3	Participant1	30 - 40	Female	Low	> 10	Visual search - 1	fear_I	1	fear_I.png	10010	502328	0	0	1	1			10010	0	Space	9222												922												125												3845												10												249												125												Fruit	Fruit	2.76789												8508												945												125												3845												9												249												125												2.78435												9469												4735												125												9344												2												249												125												9571												4785												175												9396												2												199												175												0																																				0																																				5.68228	1	0.0371	8838	803	11	133	2.77392	11	101.93	31.53	277.45	104.18	2.85	0.57	9.48	31.37	42	5.09	64.47	50.2	1.38	7												199												374												277.45											
Recording3	Participant1	30 - 40	Female	Low	> 10	Visual search - 1	fear_instructions_ready	1	fear_instructions_ready.png	2452	257834	0	0	0	0					Space																																																																																																																																																																																																																																																																																																																																																																																																																																																			7.08973	1	0.04682	1813	201	9	132	3.05707	10	193.58	110.83	291.53	63.82	4.82	2.22	8.01	48.23	138	6.99	282.22	164.24	7.3																																																
Recording3	Participant1	30 - 40	Female	Low	> 10	Visual search - 1	fear_instructions_summary	1	fear_instructions_summary.png	62062	195772	0	0	0	0					Space																																																																																																																																																																																																																																																																																																																																																																																																																																																			7.04698	11		46681	227	206	203	3.03058	174	189.03	35.5	403.39	90.1	5.61	0.6	19.52	975.29	260	332.94	233.73	140.78	6.13																																																
Recording3	Participant1	30 - 40	Female	Low	> 10	Visual search - 1	fear_intructions_1	1	fear_intructions_1.png	12663	80607	0	0	0	0					Space																																																																																																																																																																																																																																																																																																																																																																																																																																																			6.4684	3		9255	181	51	65	2.96736	49	128.77	45.27	429.9	71.39	3.44	0.72	24.28	168.41	182	166.52	267.18	164.88	7.9																																																
Recording3	Participant1	30 - 40	Female	Low	> 10	Visual search - 1	fear_intructions_2	1	fear_intructions_2.png	11695	165275	0	0	0	0					Space																																																																																																																																																																																																																																																																																																																																																																																																																																																			6.18118	1	0.69201	8105	165	49	172	2.90385	41	149.36	51.98	385.12	81.07	4.08	0.78	15.92	167.15	254	51.53	100.47	73.35	2.39																																																
Recording3	Participant1	30 - 40	Female	Low	> 10	Visual search - 1	fear_intructions_3	1	fear_intructions_3.png	18802	176970	0	0	0	0					Space																																																																																																																																																																																																																																																																																																																																																																																																																																																			6.29445	2		15007	208	72	137	2.9351	64	122.95	39.21	402.36	68.61	3.37	0.63	25.14	215.65	384	163.09	125.05	91.02	2.8																																																
Recording3	Participant1	30 - 40	Female	Low	> 10	Visual search - 1	fear_J	1	fear_J.png	9993	558351	0	0	1	1			9993	0	Space				9169												1834												118												5403												5												602												188									Mushroom	Mushroom				2.6068												3767												942												118												3002												4												602												188												2.72692												9391												9391												9391												9391												1												602												9391												9461												9461												9461												9461												1												532												9461												0																																				0																																	5.25683	1	0.03991	4198	600	7	188	2.68874	6	174.72	44.81	382.96	146.97	6.28	0.67	18.85	37.7	194	193.56	303.61	191.05	10.67				3												532																								382.96								
Recording3	Participant1	30 - 40	Female	Low	> 10	Visual search - 1	fear_K	1	fear_K.png	10010	334294	0	0	1	1			10010	0	Space						9057												2264												167												4753												4												913												167							Mushroom	Mushroom						3.00871												6108												2036												167												4753												3												913												167												3.0422												9097												9097												9097												9097												1												913												9097												9164												9164												9164												9164												1												846												9164												0																																				0																															7.02411	1		6613	1102	6	172	3.01498	7	201	32.73	411.23	139.34	6.49	0.6	16.43	45.42	194	174.51	274.88	174.12	9.25						3												846																								411.23						
Recording3	Participant1	30 - 40	Female	Low	> 10	Visual search - 1	fear_L	1	fear_L.png	10010	586345	0	0	1	1			10010	0	Space					8639												4319												2117												6522												2												1067												2117								Mushroom	Mushroom					2.6809												2117												2117												2117												2117												1												1067												2117												2.79434												8639												4319												2117												6522												2												1067												2117												8732												4366												2163												6568												2												1020												2163												0																																				0																																4.98967	0		3070	439	7	192	2.73253	7	239.72	136.53	318.05	63.34	7.72	2.57	10.76	54.07	280	229.22	318.05	205.02	10.76					0												1020												3183												302.46							
Recording3	Participant1	30 - 40	Female	Low	> 10	Visual search - 1	fear_name_fruit	1	fear_name_fruit.png	10010	352295	0	0	0	0					Space																																																																																																																																																																																																																																																																																																																																																																																																																																																			6.68995	1	0.08661	8995	600	15	277	2.70636	15	61.74	40.37	91.23	15.26	1.21	0.8	1.54	18.1	445	334.68	40.37	35.86	0.8																																																
Recording3	Participant1	30 - 40	Female	Low	> 10	Visual search - 1	fear_name_fruit	2	fear_name_fruit.png	10010	380306	0	0	0	0																																																																																																																																																																																																																																																																																																																																																																																																																																																								6.56822	2	0.12192	8855	633	14	2038	2.55501	13	55.59	35.15	81.93	12.2	1.12	0.67	1.81	14.62	282	350.89	42.01	37.39	0.95																																																
Recording3	Participant1	30 - 40	Female	Low	> 10	Visual search - 1	fear_name_fruit	3	fear_name_fruit.png	9993	492335	0	0	0	0																																																																																																																																																																																																																																																																																																																																																																																																																																																								5.78096	0		7644	306	25	342	2.55151	20	50.84	33.2	80.15	12.95	1.06	0.53	1.87	21.12	1356	180.13	79.11	61.21	1.87																																																
Recording3	Participant1	30 - 40	Female	Low	> 10	Visual search - 1	fear_name_mushroom	1	fear_name_mushroom.png	9993	324300	0	0	0	0																																																																																																																																																																																																																																																																																																																																																																																																																																																								7.07337	2	0.0435	9207	658	14	147	2.87209	13	78.91	33.95	134.69	32.3	1.68	0.58	3.07	21.85	181	204.06	57.17	47.95	0.88																																																
Recording3	Participant1	30 - 40	Female	Low	> 10	Visual search - 1	fear_name_mushroom	2	fear_name_mushroom.png	10010	548341	0	0	0	0																																																																																																																																																																																																																																																																																																																																																																																																																																																								5.30812	1		8292	553	15	5553	2.60097	11	75.34	41.49	150.01	37.52	1.92	0.84	5.06	21.13	6749	0.71	150.01	102.53	5.06																																																
Recording3	Participant1	30 - 40	Female	Low	> 10	Visual search - 1	fear_name_mushroom	3	fear_name_mushroom.png	9993	576352	0	0	0	0																																																																																																																																																																																																																																																																																																																																																																																																																																																								5.0811	0		8720	484	18	305	2.56417	15	97.87	45.93	149.44	32.05	2.49	0.98	4	37.35	258	346.65	61.52	51.25	1.27																																																
Recording3	Participant1	30 - 40	Female	Low	> 10	Visual search - 1	fear_name_snake	1	fear_name_snake.png	9993	268294	0	0	0	0																																																																																																																																																																																																																																																																																																																																																																																																																																																								7.16476	2	0.36016	8855	492	18	588	2.90949	17	55.53	36.37	75.97	9.76	1.03	0.7	1.36	17.54	604	344.42	52.09	44.7	0.72																																																
Recording3	Participant1	30 - 40	Female	Low	> 10	Visual search - 1	fear_name_snake	2	fear_name_snake.png	10010	464323	0	0	0	0																																																																																																																																																																																																																																																																																																																																																																																																																																																								6.12832	0		8370	598	14	238	2.49716	12	63.04	37.03	95.26	16.9	1.37	0.64	2.29	16.46	378	349.13	41.2	37.03	0.64																																																
Recording3	Participant1	30 - 40	Female	Low	> 10	Visual search - 1	fear_name_snake	3	fear_name_snake.png	10010	520329	0	0	0	0																																																																																																																																																																																																																																																																																																																																																																																																																																																								5.49059	0		8675	394	22	715	2.43412	21	65.66	37.99	100.59	20.85	1.44	0.64	2.29	30.25	470	346.54	46.45	41.82	0.96																																																
Recording3	Participant1	30 - 40	Female	Low	> 10	Visual search - 1	fear_name_spider	1	fear_name_spider.png	10010	296289	0	0	0	0																																																																																																																																																																																																																																																																																																																																																																																																																																																								7.00086	0		8474	706	12	1128	2.84505	12	57.59	40.7	78.66	11.1	1.13	0.73	1.38	13.5	330	341.6	45.3	40	0.9																																																
Recording3	Participant1	30 - 40	Female	Low	> 10	Visual search - 1	fear_name_spider	2	fear_name_spider.png	9993	408318	0	0	0	0																																																																																																																																																																																																																																																																																																																																																																																																																																																								6.47076	1		8752	625	14	500	2.54269	11	52	35.08	73.73	14.13	1.03	0.64	1.58	11.36	365	342.04	41.64	36.39	0.81																																																
Recording3	Participant1	30 - 40	Female	Low	> 10	Visual search - 1	fear_name_spider	3	fear_name_spider.png	10010	436312	0	0	0	0																																																																																																																																																																																																																																																																																																																																																																																																																																																								6.3086	1	0.16124	8248	1650	5	247	2.65242	2	71.24	50.19	92.3	29.77	1.31	0.87	1.76	2.63	412	9.95	50.19	42.73	0.87																																																
Recording3	Participant1	30 - 40	Female	Low	> 10	Visual search - 1	fear_question_snakes	1	fear_question_snakes.png	8191	596355	0	0	0	0					1																																																																																																																																																																																																																																																																																																																																																																																																																																																			5.09352	0		5310	183	29	77	3.01916	22	131.26	50.07	226.82	55.8	3.09	0.86	6.47	68.06	265	256.68	119.8	85.19	3.75																																																
Recording3	Participant1	30 - 40	Female	Low	> 10	Visual search - 1	fear_question_spider	1	fear_question_spider.png	2970	604547	0	0	0	0					1																																																																																																																																																																																																																																																																																																																																																																																																																																																			6.15186	0		1875	268	7	270	3.546	6	159.39	80.69	260.43	62.53	3.71	1.57	7.11	22.25	325	89.57	150.19	98.14	2.75																																																
Recording3	Participant1	30 - 40	Female	Low	> 10	Visual search - 1	thankyou	1	thankyou.png	5172	607516	0	0	0	0																																																																																																																																																																																																																																																																																																																																																																																																																																																								7.45057	0		2920	265	11	78	3.42984	9	176.21	101.87	321.15	63.61	4.42	1.84	13.41	39.76	242	352.07	148.33	104.49	2.46																																																
Recording3	Participant1	30 - 40	Female	Low	> 10	Visual search - 1	Entire Recording	1	fear_A.png,fear_B.png,fear_C.png,fear_cat_fruit.png,fear_cat_mushroom.png,fear_cat_snake.png,fear_cat_spider.png,fear_cross.png,fear_D.png,fear_E.png,fear_F.png,fear_G.png,fear_H.png,fear_I.png,fear_instructions_ready.png,fear_instructions_summary.png,fear_intructions_1.png,fear_intructions_2.png,fear_intructions_3.png,fear_J.png,fear_K.png,fear_L.png,fear_name_fruit.png,fear_name_mushroom.png,fear_name_snake.png,fear_name_spider.png,fear_question_snakes.png,fear_question_spider.png,thankyou.png	612805	0	6	6	6	6	288281	278288	344304	334294	1	9222	6516	8637	9169	8639	9057	8702	8948	9062	7913	8212	8455	922	1086	2159	1834	4319	2264	1450	8948	1812	1319	1642	4228	125	98	108	118	2117	167	640	8948	163	100	202	207	3845	3902	7378	5403	6522	4753	3115	8948	6715	2823	6698	8248	10	6	4	5	2	4	6	1	5	6	5	2	502577	390879	363405	558953	587412	335206	475535	279333	531071	446911	307636	419847	125	98	108	188	2117	167	1820	8948	163	100	202	207	Mushroom		2.76789	2.98978	2.81284	2.6068	2.6809	3.00871	2.73233	3.13249	2.92711	2.74009	2.94256	2.73584	8508	5367	7640	3767	2117	6108	5587	0	2347	5605	7820	207	945	1073	2547	942	2117	2036	1117		587	1121	1955	207	125	98	108	118	2117	167	640		163	100	202	207	3845	3902	7378	3002	2117	4753	1820		917	2823	6698	207	9	5	3	4	1	3	5	0	4	5	4	1	502577	390879	363405	558953	587412	335206	475535		531071	446911	307636	419847	125	98	108	188	2117	167	1820		163	100	202	207	2.78435	3.05793	2.79332	2.72692	2.79434	3.0422	2.72751		2.9504	2.7873	2.94607	2.80452	9469	6564	8667	9391	8639	9097	8792	8948	9092	8129	8385	8473	4735	1641	4333	9391	4319	9097	8792	8948	4546	4065	4192	8473	125	98	108	9391	2117	9097	8792	8948	163	100	470	8473	9344	5504	8558	9391	6522	9097	8792	8948	8928	8029	7915	8473	2	4	2	1	2	1	1	1	2	2	2	1	502577	390879	363405	558953	587412	335206	475535	279333	531071	446911	307636	419847	125	98	108	9391	2117	9097	8792	8948	163	100	470	8473	9571	6781	8790	9461	8732	9164	8838	8991	9173	8234	8477	8515	4785	1695	4395	9461	4366	9164	8838	8991	4587	4117	4238	8515	175	148	183	9461	2163	9164	8838	8991	207	143	515	8515	9396	5559	8607	9461	6568	9164	8838	8991	8967	8091	7962	8515	2	4	2	1	2	1	1	1	2	2	2	1	502527	390829	363330	558883	587365	335139	475488	279290	531028	446868	307591	419806	175	148	183	9461	2163	9164	8838	8991	207	143	515	8515	0	0	0	0	0	0	0	0	0	0	0	0																									0	0	0	0	0	0	0	0	0	0	0	0																									6.33449	51		532445	538	989	130	2.81755	844	142.31	30.67	429.9	91.39	3.96	0.34	25.14	3346.44	2205	59.78	123.35	89.03	2.85	7	2	2	3	0	3	5	0	3	3	2	1	502527	390829	363330	558883	587365	335139	475488	279290	531028	446868	307591	419806	502702	390977	363513		589529				531234	447011	308106		277.45	338.84	344.73	382.96	302.46	411.23	248.28	301.43	278.71	231.12	268.82	248.81
Recording4	Participant1	30 - 40	Female	Low	> 10	Videos - 2	Commercial 1 - Phillips Hero	1	Commercial 1 - Phillips Hero.mp4	91008	240485	0	0	0	0																																																																																																																																																																																																																																																																																																																																																																																																																																																								7.19841	6		80555	385	209	328	3.02531	194	191.81	41.82	395.65	80.84	5.71	0.66	17.52	1107.55	512	226.15	182.37	118.45	5.57																																																
Recording4	Participant1	30 - 40	Female	Low	> 10	Videos - 2	Commercial 2 - The chase	1	Commercial 2 - The chase.mp4	30097	200278	0	0	0	0																																																																																																																																																																																																																																																																																																																																																																																																																																																								8.36083	1		26527	435	61	1212	3.27885	60	227.52	68.03	370.89	85.82	6.98	0.9	13.31	418.73	382	259.39	121.9	81.47	3.26																																																
Recording4	Participant1	30 - 40	Female	Low	> 10	Videos - 2	Commercial 3 - The heist	1	Commercial 3 - The heist.mp4	60260	129958	0	0	0	0																																																																																																																																																																																																																																																																																																																																																																																																																																																								8.80653	8	0.20245	53572	375	143	303	3.03475	135	184.65	35.56	429.45	108.54	5.74	0.55	22.62	775.19	226	125.82	157.57	106.25	4.06																																																
Recording4	Participant1	30 - 40	Female	Low	> 10	Videos - 2	Commercial 4 - The lady	1	Commercial 4 - The lady.mp4	30498	89417	0	0	0	0																																																																																																																																																																																																																																																																																																																																																																																																																																																								8.81509	5	0.2886	26445	323	82	143	3.21701	77	190.24	41.62	391.75	98.23	5.79	0.61	21.53	446.04	288	86.91	137.9	91.78	4.59																																																
Recording4	Participant1	30 - 40	Female	Low	> 10	Videos - 2	Commercials_cross	1	Commercials_cross.png	10193	79224	0	0	0	0																																																																																																																																																																																																																																																																																																																																																																																																																																																								8.90118	1	0.05757	8615	1723	5	185	2.88894	2	75.66	39.22	112.1	51.53	1.05	0.23	1.87	2.1	207	29.74	112.1	82.51	1.87																																																
Recording4	Participant1	30 - 40	Female	Low	> 10	Videos - 2	Commercials_cross	2	Commercials_cross.png	10043	119914	0	0	0	0																																																																																																																																																																																																																																																																																																																																																																																																																																																								8.83749	2	0.15074	6268	1045	6	303	3.01425	2	158.28	31.18	285.38	179.74	5.24	0.57	9.91	10.48	367	79.44	285.38	169.3	9.91																																																
Recording4	Participant1	30 - 40	Female	Low	> 10	Videos - 2	Commercials_cross	3	Commercials_cross.png	10060	190218	0	0	0	0																																																																																																																																																																																																																																																																																																																																																																																																																																																								9.07676	1	0.08855	8533	1067	8	148	2.89216	4	76.12	35.96	188.34	74.85	1.48	0.35	4.27	5.92	33	355.86	35.96	33.99	0.63																																																
Recording4	Participant1	30 - 40	Female	Low	> 10	Videos - 2	Commercials_cross	4	Commercials_cross.png	10110	230375	0	0	0	0																																																																																																																																																																																																																																																																																																																																																																																																																																																								7.83915	1	0.05793	8523	1421	6	1373	2.83807	3	101.38	31.25	234.66	115.48	2.65	0.52	6.82	7.95	185	153.54	234.66	148.88	6.82																																																
Recording4	Participant1	30 - 40	Female	Low	> 10	Videos - 2	Commercials_instructions	1	Commercials_instructions.png	8492	70732	0	0	0	0					Space																																																																																																																																																																																																																																																																																																																																																																																																																																																			8.74743	1		6030	172	35	105	2.91857	31	166.49	65.52	365.6	80.26	5	1.03	21.66	154.85	239	82.98	74.62	53.55	1.68																																																
Recording4	Participant1	30 - 40	Female	Low	> 10	Videos - 2	Commercials_rate_adobe	1	Commercials_rate_adobe.png	17768	331492	0	0	0	0					5																																																																																																																																																																																																																																																																																																																																																																																																																																																			8.09242	3	1.36651	10845	178	61	282	3.11583	52	155.22	50.85	375.03	75.3	4.07	0.83	14.52	211.84	301	100.96	205.35	138.96	8.05																																																
Recording4	Participant1	30 - 40	Female	Low	> 10	Videos - 2	Commercials_rate_aeroline	1	Commercials_rate_aeroline.png	10661	349260	0	0	0	0					1																																																																																																																																																																																																																																																																																																																																																																																																																																																			8.81808	1	0.38363	7325	170	43	127	3.27231	38	188.36	42.09	403.31	99.12	5.75	0.7	18.82	218.6	214	107.3	243.45	141.65	6.37																																																
Recording4	Participant1	30 - 40	Female	Low	> 10	Videos - 2	Commercials_rate_hyundai	1	Commercials_rate_hyundai.png	3720	359921	0	0	0	0					1																																																																																																																																																																																																																																																																																																																																																																																																																																																			8.85801	1		2917	194	15	170	3.19829	14	217.66	90.21	373.08	79.63	6.09	1.8	13.49	85.29	180	106.53	197.78	109.92	4.15																																																
Recording4	Participant1	30 - 40	Female	Low	> 10	Videos - 2	Commercials_rate_philips	1	Commercials_rate_philips.png	2352	363641	0	0	0	0					5																																																																																																																																																																																																																																																																																																																																																																																																																																																			8.86371	0		1032	147	7	80	3.34785	7	233.97	95	354.41	87.61	6.39	1.55	10.97	44.71	186	175.28	274.79	175.66	7.62																																																
Recording4	Participant1	30 - 40	Female	Low	> 10	Videos - 2	thankyou	1	thankyou.png	4605	365994	0	0	0	0																																																																																																																																																																																																																																																																																																																																																																																																																																																								9.21796	0		3067	341	9	118	3.23141	6	137	113.42	163	19.53	2.87	2.2	3.32	17.21	217	257	143.25	95.1	2.66																																																
Recording4	Participant1	30 - 40	Female	Low	> 10	Videos - 2	Entire Recording	1	Commercial 1 - Phillips Hero.mp4,Commercial 2 - The chase.mp4,Commercial 3 - The heist.mp4,Commercial 4 - The lady.mp4,Commercials_cross.png,Commercials_instructions.png,Commercials_rate_adobe.png,Commercials_rate_aeroline.png,Commercials_rate_hyundai.png,Commercials_rate_philips.png,thankyou.png	370724	0	0	0	0	0					5																																																																																																																																																																																																																																																																																																																																																																																																																																																			8.12323	38		305950	366	837	82	3.04518	744	177.42	30.45	429.45	93.54	5.23	0.18	22.62	3889.6	2430	88.81	97.34	71.12	2.01																																																
Recording5	Participant3	30 - 40	Male	Low	> 10	Videos - 3	Commercial 1 - Phillips Hero	1	Commercial 1 - Phillips Hero.mp4	90991	155961	0	0	0	0																																																																																																																																																																																																																																																																																																																																																																																																																																																								4.44282	4		61094	249	245	298	3.18637	127	161.71	30.16	481.03	124.59	3.57	0.21	18.14	452.97	540	168.22	199.98	128.06	3.93																																																
Recording5	Participant3	30 - 40	Male	Low	> 10	Videos - 3	Commercial 2 - The chase	1	Commercial 2 - The chase.mp4	30113	297186	0	0	0	0																																																																																																																																																																																																																																																																																																																																																																																																																																																								4.74066	0		18250	264	69	383	3.44633	20	146.6	30.1	459.43	149.17	3.25	0.13	15.59	64.97	297	163.65	305.86	192.66	6.71																																																
Recording5	Participant3	30 - 40	Male	Low	> 10	Videos - 3	Commercial 3 - The heist	1	Commercial 3 - The heist.mp4	60310	85558	0	0	0	0																																																																																																																																																																																																																																																																																																																																																																																																																																																								5.1889	6		45626	278	164	205	3.34685	111	206.9	31.1	545.1	153.9	4.89	0.36	19.48	542.8	284	130.61	262.94	163.41	4.79																																																
Recording5	Participant3	30 - 40	Male	Low	> 10	Videos - 3	Commercial 4 - The lady	1	Commercial 4 - The lady.mp4	30097	257029	0	0	0	0																																																																																																																																																																																																																																																																																																																																																																																																																																																								5.86516	4	0.39698	16769	195	86	123	3.28652	32	190.95	31.31	549.9	147.68	4.68	0.61	19.88	149.71	348	23.29	297.03	174.36	5.86																																																
Recording5	Participant3	30 - 40	Male	Low	> 10	Videos - 3	Commercials_cross	1	Commercials_cross.png	10093	75464	0	0	0	0																																																																																																																																																																																																																																																																																																																																																																																																																																																								3.7387	2	0.08546	8377	1396	6	77	3.0168	2	139.1	36.28	241.91	145.4	0.59	0.02	1.16	1.18	550	166.05	36.28	36.28	1.16																																																
Recording5	Participant3	30 - 40	Male	Low	> 10	Videos - 3	Commercials_cross	2	Commercials_cross.png	10093	145868	0	0	0	0																																																																																																																																																																																																																																																																																																																																																																																																																																																								5.37269	0		7562	1080	7	185	2.77408	2	55.49	38.65	72.34	23.82	1.08	0.62	1.54	2.16	228	261.45	72.34	54.86	1.54																																																
Recording5	Participant3	30 - 40	Male	Low	> 10	Videos - 3	Commercials_cross	3	Commercials_cross.png	10077	246952	0	0	0	0																																																																																																																																																																																																																																																																																																																																																																																																																																																								5.62473	0		6693	515	13	258	2.69424	4	99.04	31.11	266.12	111.74	1.77	0.62	5.08	7.07	15	356.22	266.12	163.88	5.08																																																
Recording5	Participant3	30 - 40	Male	Low	> 10	Videos - 3	Commercials_cross	4	Commercials_cross.png	10060	287126	0	0	0	0																																																																																																																																																																																																																																																																																																																																																																																																																																																								5.69813	0		6525	653	10	100	2.72808	2	195.71	120.46	270.96	106.42	3.79	1.8	5.77	7.57	162	104.78	270.96	171.11	5.77																																																
Recording5	Participant3	30 - 40	Male	Low	> 10	Videos - 3	Commercials_instructions	1	Commercials_instructions.png	6440	69025	0	0	0	0					Space																																																																																																																																																																																																																																																																																																																																																																																																																																																			3.82521	0		3850	143	27	123	3.07864	24	239.62	62.78	451.99	109.93	5.51	0.68	18.59	132.29	637	348.82	201.12	123.85	3.84																																																
Recording5	Participant3	30 - 40	Male	Low	> 10	Videos - 3	Commercials_rate_adobe	1	Commercials_rate_adobe.png	5522	327299	0	0	0	0					5																																																																																																																																																																																																																																																																																																																																																																																																																																																			3.74905	1		2528	133	19	157	2.97774	7	157.71	62.38	217.66	51.28	2.41	0.63	3.4	16.87	421	173.06	173	101.56	2.64																																																
Recording5	Participant3	30 - 40	Male	Low	> 10	Videos - 3	Commercials_rate_aeroline	1	Commercials_rate_aeroline.png	7724	332821	0	0	0	0					2																																																																																																																																																																																																																																																																																																																																																																																																																																																			3.85043	0		4203	162	26	170	3.21884	8	361.84	43.58	489.32	156.14	10.78	0.55	18.18	86.2	679	9.51	302.08	145.76	5.92																																																
Recording5	Participant3	30 - 40	Male	Low	> 10	Videos - 3	Commercials_rate_hyundai	1	Commercials_rate_hyundai.png	4588	340546	0	0	0	0					4																																																																																																																																																																																																																																																																																																																																																																																																																																																			3.80259	0		2060	147	14	168	3.1406	2	218.15	180.05	256.26	53.89	3.77	2.9	4.64	7.53	180	77.65	256.26	160.05	4.64																																																
Recording5	Participant3	30 - 40	Male	Low	> 10	Videos - 3	Commercials_rate_philips	1	Commercials_rate_philips.png	2302	345134	0	0	0	0					5																																																																																																																																																																																																																																																																																																																																																																																																																																																			3.74538	0		752	125	6	100	3.08539	1	77.82	77.82	77.82		1.28	1.28	1.28	1.28	690	193.71	77.82	59.52	1.28																																																
Recording5	Participant3	30 - 40	Male	Low	> 10	Videos - 3	thankyou	1	thankyou.png	3487	347436	0	0	0	0																																																																																																																																																																																																																																																																																																																																																																																																																																																								3.87171	0		2175	181	12	220	3.08527	5	221.71	45.81	485.92	210.38	9.71	0.65	23.05	48.57	1138	171.15	86.64	65.83	1.35																																																
Recording5	Participant3	30 - 40	Male	Low	> 10	Videos - 3	Entire Recording	1	Commercial 1 - Phillips Hero.mp4,Commercial 2 - The chase.mp4,Commercial 3 - The heist.mp4,Commercial 4 - The lady.mp4,Commercials_cross.png,Commercials_instructions.png,Commercials_rate_adobe.png,Commercials_rate_aeroline.png,Commercials_rate_hyundai.png,Commercials_rate_philips.png,thankyou.png	351046	0	0	0	0	0					5																																																																																																																																																																																																																																																																																																																																																																																																																																																			4.7435	19		234519	274	856	220	3.17643	459	177.77	30.1	561.72	135.47	4.06	0.02	23.05	1863.61	427	89.43	499.24	287.56	19.69																																																
Recording6	Participant3	30 - 40	Male	Low	> 10	Visual search - 2	search_fearful	1	fear_D.png	10010	187121	0	1	0	0		0			Space							6130												438												80												1398												14												830												133						Snake								2.73628												6130												438												80												1398												14												830												133												2.73628												6722												3361												603												6118												2												830												603												6742												3371												615												6127												2												819												615												0																																				0																														11.66742	1	0.71693	8895	424	21	160	2.87552	9	116.54	30.67	518.54	154.54	2.7	0.27	16.77	24.3	324	181.88	518.54	310.37	16.77							7																																									
Recording6	Participant3	30 - 40	Male	Low	> 10	Visual search - 2	search_fearful	2	fear_B.png	9993	243144	0	1	0	0		0			Space										8016												891												53												4522												9												1377												4522			Spider	Spider										2.83092												7964												995												157												4522												8												1377												4522												2.83168												8616												8616												8616												8616												1												1377												8616												8631												8631												8631												8631												1												1362												8631												0																																				0																											10.28487	1	0.49188	8750	583	15	118	2.82924	7	99.71	34.25	402.87	134.06	2.16	0.32	11.78	15.11	942	258.12	402.87	191.47	11.78										6																																						
Recording6	Participant3	30 - 40	Male	Low	> 10	Visual search - 2	search_fearful	3	fear_F.png	10010	271138	0	1	0	0		0			Space								8980												599												125												1723												15												256												148					Snake									2.71739												8832												631												125												1723												14												436												125												2.71468												9320												4660												305												9015												2												256												305												9377												4688												318												9059												2												243												318												0																																				0																													8.77317	1	0.27756	8987	599	15	125	2.71683	11	86.09	48.26	323.31	79.49	1.27	0.61	5.71	13.93	780	265.82	323.31	154.57	5.71								10												780																								323.31				
Recording6	Participant3	30 - 40	Male	Low	> 10	Visual search - 2	search_fearful	4	fear_E.png	9993	299150	0	1	0	0		0			Space									8268												2756												210												6785												3												1395												210				Snake	Snake									2.79156												6995												3498												210												6785												2												1395												210												2.79278												8391												4196												210												8181												2												1395												210												8411												4206												217												8195												2												1389												217												0																																				0																												6.99405	1	0.33879	7658	957	8	67	2.79514	1	309.92	309.92	309.92		7.84	7.84	7.84	7.84	1027	269.81	309.92	180.47	7.84									0																																							
Recording6	Participant3	30 - 40	Male	Low	> 10	Visual search - 2	search_fearful	5	fear_A.png	10010	411162	0	1	0	0		0			Space												8905												524												163												1935												17												534												192	Spider	Spider												2.76601												8732												546												163												1935												16												534												192												2.76803												9476												9476												9476												9476												1												534												9476												9483												9483												9483												9483												1												527												9483												0																																				0																									3.57121	1	0.03368	8895	494	18	73	2.76827	12	49.8	30.17	69.41	12.54	0.66	0.32	0.95	7.93	725	113.51	58.81	44.26	0.77												12																																				
Recording6	Participant3	30 - 40	Male	Low	> 10	Visual search - 2	search_fearful	6	fear_C.png	10010	495179	0	1	0	0		0			Space											8527												1705												297												4135												5												866												297		Spider	Spider											2.64978												7087												2362												297												4135												3												866												297												2.664												9144												9144												9144												9144												1												866												9144												9184												9184												9184												9184												1												826												9184												0																																				0																										3.4553	1	0.05154	7307	1461	5	152	2.66354	3	124.96	30.38	312.7	162.59	2.94	0.13	7.76	8.81	826	268.92	312.7	183.99	7.76											2												826																								312.7	
Recording6	Participant3	30 - 40	Male	Low	> 10	Visual search - 2	search_nonfearful	1	fear_I.png	9993	215132	0	0	0	1				0	Space	8999												2250												80												7812												4												308												80												Fruit	Fruit	2.78238												8202												2734												80												7812												3												308												80												2.79472												9029												4514												80												8949												2												308												80												9072												4536												113												8959												2												275												113												0																																				0																																				11.08656	1	0.31377	8610	1435	6	80	2.79586	2	189.84	36.44	343.23	216.93	3.59	0.23	6.95	7.18	275	179.03	343.23	212.26	6.95	1												275																								343.23											
Recording6	Participant3	30 - 40	Male	Low	> 10	Visual search - 2	search_nonfearful	2	fear_K.png	10010	327144	0	0	0	1				0	Space						7827												3914												190												7637												2												2009												190							Mushroom	Mushroom						2.67839												190												190												190												190												1												2009												190												2.96835												7827												3914												190												7637												2												2009												190												7886												3943												203												7682												2												1996												203												0																																				0																															5.75489	0		1370	137	10	160	2.74611	3	232.1	83.78	398.87	158.36	4.84	1.57	9.78	14.51	174	168.39	398.87	218.05	9.78						0												2328																								213.63						
Recording6	Participant3	30 - 40	Male	Low	> 10	Visual search - 2	search_nonfearful	3	fear_J.png	9993	355156	0	0	0	1				0	Space				8710												1089												98												4873												8												897												200									Mushroom	Mushroom				2.57198												8508												1215												98												4873												7												897												200												2.57647												8805												4402												200												8605												2												897												200												8855												4427												238												8616												2												859												238												0																																				0																																	4.94431	0		8942	894	10	175	2.58713	6	66.77	41.44	102.47	22.01	0.95	0.6	1.37	5.72	6262	276.77	41.44	36.31	0.84				6																																												
Recording6	Participant3	30 - 40	Male	Low	> 10	Visual search - 2	search_nonfearful	4	fear_H.png	9993	383167	0	0	0	1				0	Space		8404												2101												75												3739												4												988												75											Fruit	Fruit		2.78115												4665												1555												75												2585												3												988												75												2.81887												8441												2814												2117												3739												3												988												2117												8469												2823												2130												3744												3												974												2130												0																																				0																																			3.99234	0		5502	688	8	150	2.81668	2	310.72	255.72	365.72	77.78	6.23	5.09	7.37	12.46	171	176.6	365.72	210.75	7.37		0																								5993																						
Recording6	Participant3	30 - 40	Male	Low	> 10	Visual search - 2	search_nonfearful	5	fear_G.png	9993	439173	0	0	0	1				0	Space			9221												1537												132												2598												6												501												132										Fruit	Fruit			2.56063												3012												1004												132												2598												3												501												132												2.84879												9296												4648												132												9164												2												501												132												9339												4669												167												9172												2												466												167												0																																				0																																		3.52543	1	0.22886	3235	647	5	127	2.86859	3	218.3	46.64	331.18	151.1	4.55	0.29	6.95	13.65	466	95.62	277.08	182.79	6.41			1												466												633												277.08									
Recording6	Participant3	30 - 40	Male	Low	> 10	Visual search - 2	search_nonfearful	6	fear_L.png	10010	467167	0	0	0	1				0	Space					9063												1133												153												4018												8												759												300								Mushroom	Mushroom					2.68025												2202												734												230												1672												3												759												300												2.61163												9251												9251												9251												9251												1												759												9251												9263												9263												9263												9263												1												747												9263												0																																				0																																3.4442	1	0.15049	2435	487	5	133	2.62209	5	133.57	31.14	318.45	119.62	2.58	0.48	7.52	12.89	195	176.41	318.45	189.25	7.52					3																																											
Recording6	Participant3	30 - 40	Male	Low	> 10	Visual search - 2	fear_A	1	fear_A.png	10010	411162	1	1	0	0	10010	0			Space												8905												524												163												1935												17												534												192	Spider	Spider												2.76601												8732												546												163												1935												16												534												192												2.76803												9476												9476												9476												9476												1												534												9476												9483												9483												9483												9483												1												527												9483												0																																				0																									3.57121	1	0.03368	8895	494	18	73	2.76827	12	49.8	30.17	69.41	12.54	0.66	0.32	0.95	7.93	725	113.51	58.81	44.26	0.77												12																																				
Recording6	Participant3	30 - 40	Male	Low	> 10	Visual search - 2	fear_B	1	fear_B.png	9993	243144	1	1	0	0	9993	0			Space										8016												891												53												4522												9												1377												4522			Spider	Spider										2.83092												7964												995												157												4522												8												1377												4522												2.83168												8616												8616												8616												8616												1												1377												8616												8631												8631												8631												8631												1												1362												8631												0																																				0																											10.28487	1	0.49188	8750	583	15	118	2.82924	7	99.71	34.25	402.87	134.06	2.16	0.32	11.78	15.11	942	258.12	402.87	191.47	11.78										6																																						
Recording6	Participant3	30 - 40	Male	Low	> 10	Visual search - 2	fear_C	1	fear_C.png	10010	495179	1	1	0	0	10010	0			Space											8527												1705												297												4135												5												866												297		Spider	Spider											2.64978												7087												2362												297												4135												3												866												297												2.664												9144												9144												9144												9144												1												866												9144												9184												9184												9184												9184												1												826												9184												0																																				0																										3.4553	1	0.05154	7307	1461	5	152	2.66354	3	124.96	30.38	312.7	162.59	2.94	0.13	7.76	8.81	826	268.92	312.7	183.99	7.76											2												826																								312.7	
Recording6	Participant3	30 - 40	Male	Low	> 10	Visual search - 2	fear_cat_fruit	1	fear_cat_fruit.png	10010	47415	0	0	0	0																																																																																																																																																																																																																																																																																																																																																																																																																																																								7.14255	1	0.17106	8657	289	30	360	2.76129	23	148.09	61.81	372.51	87.31	2.9	0.74	10.8	66.78	673	236.96	61.81	52.63	1.07																																																
Recording6	Participant3	30 - 40	Male	Low	> 10	Visual search - 2	fear_cat_mushroom	1	fear_cat_mushroom.png	9993	83434	0	0	0	0																																																																																																																																																																																																																																																																																																																																																																																																																																																								7.285	0		7225	314	23	548	2.71694	16	128.45	31.98	360.31	82.46	2.35	0.61	8.74	37.62	303	108.52	118.71	89.15	1.57																																																
Recording6	Participant3	30 - 40	Male	Low	> 10	Visual search - 2	fear_cat_snake	1	fear_cat_snake.png	9993	101436	0	0	0	0																																																																																																																																																																																																																																																																																																																																																																																																																																																								6.4627	0		8463	313	27	182	2.75441	17	149.42	38.97	323.23	96.96	2.69	0.38	6.99	45.81	1040	184.02	263.02	165.64	5.68																																																
Recording6	Participant3	30 - 40	Male	Low	> 10	Visual search - 2	fear_cat_spider	1	fear_cat_spider.png	10010	65416	0	0	0	0																																																																																																																																																																																																																																																																																																																																																																																																																																																								7.34579	2	1.06869	7953	295	27	252	2.80934	13	121.58	53.41	282.76	66.49	1.96	0.65	5.87	25.52	810	293.3	53.41	45.55	1.06																																																
Recording6	Participant3	30 - 40	Male	Low	> 10	Visual search - 2	fear_cross	1	fear_cross.png	7991	39424	0	0	0	0																																																																																																																																																																																																																																																																																																																																																																																																																																																								7.0139	2	0.04106	4543	1514	3	972	2.81892	2	33.29	32.48	34.1	1.15	0.71	0.66	0.75	1.41	1717	108.4	34.1	34.03	0.75																																																
Recording6	Participant3	30 - 40	Male	Low	> 10	Visual search - 2	fear_cross	2	fear_cross.png	7991	57425	0	0	0	0																																																																																																																																																																																																																																																																																																																																																																																																																																																								6.86077	0		3455	346	10	98	2.77466	3	56.18	47.94	64.4	8.23	0.97	0.83	1.08	2.92	373	34.03	64.4	53.59	0.83																																																
Recording6	Participant3	30 - 40	Male	Low	> 10	Visual search - 2	fear_cross	3	fear_cross.png	8008	75426	0	0	0	0																																																																																																																																																																																																																																																																																																																																																																																																																																																								7.59003	1	0.10889	6190	1032	6	1230	2.80186	1	59.22	59.22	59.22		0.38	0.38	0.38	0.38	5170	187.22	59.22	48.23	0.38																																																
Recording6	Participant3	30 - 40	Male	Low	> 10	Visual search - 2	fear_cross	4	fear_cross.png	8008	93428	0	0	0	0																																																																																																																																																																																																																																																																																																																																																																																																																																																								6.93049	0		4823	804	6	275	3.01926	3	50.24	31.94	63.03	16.26	0.82	0.78	0.89	2.46	414	288.51	55.76	45.04	0.78																																																
Recording6	Participant3	30 - 40	Male	Low	> 10	Visual search - 2	fear_cross	5	fear_cross.png	8008	169120	0	0	0	0																																																																																																																																																																																																																																																																																																																																																																																																																																																								10.91455	0		6788	2263	3	5047	2.9717	1	114.78	114.78	114.78		2.49	2.49	2.49	2.49	198	271.73	114.78	85.33	2.49																																																
Recording6	Participant3	30 - 40	Male	Low	> 10	Visual search - 2	fear_cross	6	fear_cross.png	7991	197131	0	0	0	0																																																																																																																																																																																																																																																																																																																																																																																																																																																								11.63174	1	0.97944	7128	1426	5	467	2.72827	1	110.28	110.28	110.28		0.91	0.91	0.91	0.91	636	210.7	110.28	82.43	0.91																																																
Recording6	Participant3	30 - 40	Male	Low	> 10	Visual search - 2	fear_cross	7	fear_cross.png	8008	225126	0	0	0	0																																																																																																																																																																																																																																																																																																																																																																																																																																																								10.70889	0		5308	885	6	115	2.45603	3	162.85	85.34	308.92	126.58	3.46	1.28	7.47	10.39	348	357.81	308.92	184.66	7.47																																																
Recording6	Participant3	30 - 40	Male	Low	> 10	Visual search - 2	fear_cross	8	fear_cross.png	8008	253137	0	0	0	0																																																																																																																																																																																																																																																																																																																																																																																																																																																								9.93806	1	0.10102	6282	1047	6	92	2.75253	3	370.64	345.41	384.22	21.88	10.4	9.77	10.8	31.2	264	40.96	384.22	233.77	9.77																																																
Recording6	Participant3	30 - 40	Male	Low	> 10	Visual search - 2	fear_cross	9	fear_cross.png	7991	281148	0	0	0	0																																																																																																																																																																																																																																																																																																																																																																																																																																																								8.1139	0		3560	712	5	312	2.70537	2	215.34	68.74	361.94	207.32	4.48	0.77	8.19	8.96	325	355.93	361.94	215.35	8.19																																																
Recording6	Participant3	30 - 40	Male	Low	> 10	Visual search - 2	fear_cross	10	fear_cross.png	8008	309143	0	0	0	0																																																																																																																																																																																																																																																																																																																																																																																																																																																								6.52007	0		5690	813	7	63	2.71079	1	74.49	74.49	74.49		0.55	0.55	0.55	0.55	640	122.43	74.49	56.73	0.55																																																
Recording6	Participant3	30 - 40	Male	Low	> 10	Visual search - 2	fear_cross	11	fear_cross.png	7991	337154	0	0	0	0																																																																																																																																																																																																																																																																																																																																																																																																																																																								5.38348	0		5565	506	11	115	2.53012	7	209.36	38.42	364.26	148.39	4.68	0.74	8.63	32.74	636	45.29	65.41	50.12	0.84																																																
Recording6	Participant3	30 - 40	Male	Low	> 10	Visual search - 2	fear_cross	12	fear_cross.png	8008	365149	0	0	0	0																																																																																																																																																																																																																																																																																																																																																																																																																																																								4.73893	0		5947	1189	5	105	2.62866	2	184.79	45.52	324.06	196.96	4.95	0.89	9.02	9.9	344	190.89	324.06	188.17	9.02																																																
Recording6	Participant3	30 - 40	Male	Low	> 10	Visual search - 2	fear_cross	13	fear_cross.png	8008	393160	0	0	0	0																																																																																																																																																																																																																																																																																																																																																																																																																																																								3.79706	0		5335	1334	4	1375	2.51464	0																																																													
Recording6	Participant3	30 - 40	Male	Low	> 10	Visual search - 2	fear_cross	14	fear_cross.png	7991	421171	0	0	0	0																																																																																																																																																																																																																																																																																																																																																																																																																																																								3.46632	0		4395	733	6	113	2.63701	2	87.5	41.13	133.88	65.58	1.09	0.41	1.77	2.17	499	12.31	133.88	92.48	1.77																																																
Recording6	Participant3	30 - 40	Male	Low	> 10	Visual search - 2	fear_cross	15	fear_cross.png	8008	449166	0	0	0	0																																																																																																																																																																																																																																																																																																																																																																																																																																																								3.519	0		3603	1201	3	1057	2.511	0																																																													
Recording6	Participant3	30 - 40	Male	Low	> 10	Visual search - 2	fear_cross	16	fear_cross.png	7991	477178	0	0	0	0																																																																																																																																																																																																																																																																																																																																																																																																																																																								3.47913	1	0.07157	4407	1102	4	2497	2.65482	1	36.59	36.59	36.59		0.34	0.34	0.34	0.34	3717	209.65	36.59	36.29	0.34																																																
Recording6	Participant3	30 - 40	Male	Low	> 10	Visual search - 2	fear_D	1	fear_D.png	10010	187121	1	1	0	0	10010	0			Space							6130												438												80												1398												14												830												133						Snake								2.73628												6130												438												80												1398												14												830												133												2.73628												6722												3361												603												6118												2												830												603												6742												3371												615												6127												2												819												615												0																																				0																														11.66742	1	0.71693	8895	424	21	160	2.87552	9	116.54	30.67	518.54	154.54	2.7	0.27	16.77	24.3	324	181.88	518.54	310.37	16.77							7																																									
Recording6	Participant3	30 - 40	Male	Low	> 10	Visual search - 2	fear_E	1	fear_E.png	9993	299150	1	1	0	0	9993	0			Space									8268												2756												210												6785												3												1395												210				Snake	Snake									2.79156												6995												3498												210												6785												2												1395												210												2.79278												8391												4196												210												8181												2												1395												210												8411												4206												217												8195												2												1389												217												0																																				0																												6.99405	1	0.33879	7658	957	8	67	2.79514	1	309.92	309.92	309.92		7.84	7.84	7.84	7.84	1027	269.81	309.92	180.47	7.84									0																																							
Recording6	Participant3	30 - 40	Male	Low	> 10	Visual search - 2	fear_F	1	fear_F.png	10010	271138	1	1	0	0	10010	0			Space								8980												599												125												1723												15												256												148					Snake									2.71739												8832												631												125												1723												14												436												125												2.71468												9320												4660												305												9015												2												256												305												9377												4688												318												9059												2												243												318												0																																				0																													8.77317	1	0.27756	8987	599	15	125	2.71683	11	86.09	48.26	323.31	79.49	1.27	0.61	5.71	13.93	780	265.82	323.31	154.57	5.71								10												780																								323.31				
Recording6	Participant3	30 - 40	Male	Low	> 10	Visual search - 2	fear_G	1	fear_G.png	9993	439173	0	0	1	1			9993	0	Space			9221												1537												132												2598												6												501												132										Fruit	Fruit			2.56063												3012												1004												132												2598												3												501												132												2.84879												9296												4648												132												9164												2												501												132												9339												4669												167												9172												2												466												167												0																																				0																																		3.52543	1	0.22886	3235	647	5	127	2.86859	3	218.3	46.64	331.18	151.1	4.55	0.29	6.95	13.65	466	95.62	277.08	182.79	6.41			1												466												633												277.08									
Recording6	Participant3	30 - 40	Male	Low	> 10	Visual search - 2	fear_H	1	fear_H.png	9993	383167	0	0	1	1			9993	0	Space		8404												2101												75												3739												4												988												75											Fruit	Fruit		2.78115												4665												1555												75												2585												3												988												75												2.81887												8441												2814												2117												3739												3												988												2117												8469												2823												2130												3744												3												974												2130												0																																				0																																			3.99234	0		5502	688	8	150	2.81668	2	310.72	255.72	365.72	77.78	6.23	5.09	7.37	12.46	171	176.6	365.72	210.75	7.37		0																								5993																						
Recording6	Participant3	30 - 40	Male	Low	> 10	Visual search - 2	fear_I	1	fear_I.png	9993	215132	0	0	1	1			9993	0	Space	8999												2250												80												7812												4												308												80												Fruit	Fruit	2.78238												8202												2734												80												7812												3												308												80												2.79472												9029												4514												80												8949												2												308												80												9072												4536												113												8959												2												275												113												0																																				0																																				11.08656	1	0.31377	8610	1435	6	80	2.79586	2	189.84	36.44	343.23	216.93	3.59	0.23	6.95	7.18	275	179.03	343.23	212.26	6.95	1												275																								343.23											
Recording6	Participant3	30 - 40	Male	Low	> 10	Visual search - 2	fear_instructions_ready	1	fear_instructions_ready.png	1318	167802	0	0	0	0					Space																																																																																																																																																																																																																																																																																																																																																																																																																																																			9.39388	1		555	139	4	172	2.93091	1	63.34	63.34	63.34		0.74	0.74	0.74	0.74	183	104.74	63.34	53.93	0.74																																																
Recording6	Participant3	30 - 40	Male	Low	> 10	Visual search - 2	fear_instructions_summary	1	fear_instructions_summary.png	39223	128579	0	0	0	0					Space																																																																																																																																																																																																																																																																																																																																																																																																																																																			9.58843	5		28941	261	111	302	3.01218	33	183.05	31.01	481.12	145.6	4.49	0.36	16.38	148.32	1301	4.22	233.6	128.11	4.14																																																
Recording6	Participant3	30 - 40	Male	Low	> 10	Visual search - 2	fear_intructions_1	1	fear_intructions_1.png	5817	33606	0	0	0	0					Space																																																																																																																																																																																																																																																																																																																																																																																																																																																			6.71786	1	0.42017	3205	134	24	107	2.82992	11	206.35	61.55	460.74	112.64	4.82	0.87	19.25	53.02	485	174.59	92.44	74.94	1.4																																																
Recording6	Participant3	30 - 40	Male	Low	> 10	Visual search - 2	fear_intructions_2	1	fear_intructions_2.png	5839	111429	0	0	0	0					Space																																																																																																																																																																																																																																																																																																																																																																																																																																																			5.99182	1	0.28421	3422	137	25	75	2.93498	4	160.54	58	421.8	174.52	3.98	0.79	12.87	15.91	648	196.3	58	48.29	0.79																																																
Recording6	Participant3	30 - 40	Male	Low	> 10	Visual search - 2	fear_intructions_3	1	fear_intructions_3.png	11311	117268	0	0	0	0					Space																																																																																																																																																																																																																																																																																																																																																																																																																																																			6.27009	2	0.04149	6928	144	48	130	3.06429	11	216.25	33.68	518.07	179.96	6.95	0.67	27.18	76.48	1066	2.63	176.09	117.07	2.84																																																
Recording6	Participant3	30 - 40	Male	Low	> 10	Visual search - 2	fear_J	1	fear_J.png	9993	355156	0	0	1	1			9993	0	Space				8710												1089												98												4873												8												897												200									Mushroom	Mushroom				2.57198												8508												1215												98												4873												7												897												200												2.57647												8805												4402												200												8605												2												897												200												8855												4427												238												8616												2												859												238												0																																				0																																	4.94431	0		8942	894	10	175	2.58713	6	66.77	41.44	102.47	22.01	0.95	0.6	1.37	5.72	6262	276.77	41.44	36.31	0.84				6																																												
Recording6	Participant3	30 - 40	Male	Low	> 10	Visual search - 2	fear_K	1	fear_K.png	10010	327144	0	0	1	1			10010	0	Space						7827												3914												190												7637												2												2009												190							Mushroom	Mushroom						2.67839												190												190												190												190												1												2009												190												2.96835												7827												3914												190												7637												2												2009												190												7886												3943												203												7682												2												1996												203												0																																				0																															5.75489	0		1370	137	10	160	2.74611	3	232.1	83.78	398.87	158.36	4.84	1.57	9.78	14.51	174	168.39	398.87	218.05	9.78						0												2328																								213.63						
Recording6	Participant3	30 - 40	Male	Low	> 10	Visual search - 2	fear_L	1	fear_L.png	10010	467167	0	0	1	1			10010	0	Space					9063												1133												153												4018												8												759												300								Mushroom	Mushroom					2.68025												2202												734												230												1672												3												759												300												2.61163												9251												9251												9251												9251												1												759												9251												9263												9263												9263												9263												1												747												9263												0																																				0																																3.4442	1	0.15049	2435	487	5	133	2.62209	5	133.57	31.14	318.45	119.62	2.58	0.48	7.52	12.89	195	176.41	318.45	189.25	7.52					3																																											
Recording6	Participant3	30 - 40	Male	Low	> 10	Visual search - 2	fear_name_fruit	1	fear_name_fruit.png	10010	205122	0	0	0	0					Space																																																																																																																																																																																																																																																																																																																																																																																																																																																			11.24255	1		8838	589	15	235	2.83321	12	59.88	32.72	90.32	17.11	0.8	0.33	1.29	9.62	459	0.64	56.1	45.18	0.76																																																
Recording6	Participant3	30 - 40	Male	Low	> 10	Visual search - 2	fear_name_fruit	2	fear_name_fruit.png	10010	373157	0	0	0	0																																																																																																																																																																																																																																																																																																																																																																																																																																																								4.36089	0		6833	402	17	915	2.69116	6	62.62	44.1	80.95	15.57	0.79	0.52	1.06	4.71	2496	202.07	56.28	45.04	0.65																																																
Recording6	Participant3	30 - 40	Male	Low	> 10	Visual search - 2	fear_name_fruit	3	fear_name_fruit.png	10010	429163	0	0	0	0																																																																																																																																																																																																																																																																																																																																																																																																																																																								3.39277	1	0.0667	2358	393	6	613	2.67337	4	51.6	35.5	72.81	15.54	0.55	0.42	0.64	2.22	1348	308.84	48	41.28	0.42																																																
Recording6	Participant3	30 - 40	Male	Low	> 10	Visual search - 2	fear_name_mushroom	1	fear_name_mushroom.png	9993	317151	0	0	0	0																																																																																																																																																																																																																																																																																																																																																																																																																																																								6.11442	0		7967	295	27	200	2.59975	26	99	52.41	208.43	45.23	1.53	0.61	3.41	39.82	258	178.84	67.46	56.19	1.18																																																
Recording6	Participant3	30 - 40	Male	Low	> 10	Visual search - 2	fear_name_mushroom	2	fear_name_mushroom.png	10010	345146	0	0	0	0																																																																																																																																																																																																																																																																																																																																																																																																																																																								5.11244	1		7825	373	21	265	2.64722	15	67.95	38.23	107.95	21.45	0.91	0.55	1.52	13.72	225	174.62	90.33	64.89	1.32																																																
Recording6	Participant3	30 - 40	Male	Low	> 10	Visual search - 2	fear_name_mushroom	3	fear_name_mushroom.png	9993	457174	0	0	0	0																																																																																																																																																																																																																																																																																																																																																																																																																																																								3.42402	0		6770	423	16	457	2.49185	12	88.32	46.36	174.37	36.82	1.32	0.71	2.45	15.88	1285	349.4	46.36	41.63	0.89																																																
Recording6	Participant3	30 - 40	Male	Low	> 10	Visual search - 2	fear_name_snake	1	fear_name_snake.png	9993	177128	0	0	0	0																																																																																																																																																																																																																																																																																																																																																																																																																																																								11.4778	2	0.8217	8994	642	14	520	3.11451	7	70.47	33.47	110.39	26.26	0.96	0.57	1.54	6.71	633	345.48	68.6	54.65	0.57																																																
Recording6	Participant3	30 - 40	Male	Low	> 10	Visual search - 2	fear_name_snake	2	fear_name_snake.png	9993	261145	0	0	0	0																																																																																																																																																																																																																																																																																																																																																																																																																																																								9.31289	0		7950	468	17	355	2.82318	10	69.15	45.38	134.98	25.74	0.84	0.44	1.95	8.36	611	187.6	48.74	40.81	0.44																																																
Recording6	Participant3	30 - 40	Male	Low	> 10	Visual search - 2	fear_name_snake	3	fear_name_snake.png	10010	289140	0	0	0	0																																																																																																																																																																																																																																																																																																																																																																																																																																																								7.37274	0		6867	404	17	460	2.63472	11	67.24	30.78	138.29	29.75	0.91	0.4	2.11	9.98	2604	347.9	30.78	30.78	0.4																																																
Recording6	Participant3	30 - 40	Male	Low	> 10	Visual search - 2	fear_name_spider	1	fear_name_spider.png	10010	233134	0	0	0	0																																																																																																																																																																																																																																																																																																																																																																																																																																																								10.38383	1	0.24795	7343	334	22	255	2.64112	14	78.36	35.26	291.47	63.56	1.4	0.54	9.71	19.58	1214	351.53	90.07	72.29	1.17																																																
Recording6	Participant3	30 - 40	Male	Low	> 10	Visual search - 2	fear_name_spider	2	fear_name_spider.png	9993	401168	0	0	0	0																																																																																																																																																																																																																																																																																																																																																																																																																																																								3.64467	0		5892	393	15	175	2.63126	10	64.29	36.47	109.29	26.1	1.17	0.55	2.17	11.74	2415	129.45	86.26	65.85	1.63																																																
Recording6	Participant3	30 - 40	Male	Low	> 10	Visual search - 2	fear_name_spider	3	fear_name_spider.png	10010	485169	0	0	0	0																																																																																																																																																																																																																																																																																																																																																																																																																																																								3.49606	0		7052	504	14	197	2.52366	8	54.9	36.82	82.11	15.25	0.67	0.2	0.99	5.34	199	202.54	72.78	55.28	0.93																																																
Recording6	Participant3	30 - 40	Male	Low	> 10	Visual search - 2	fear_question_snakes	1	fear_question_snakes.png	4588	505189	0	0	0	0					2																																																																																																																																																																																																																																																																																																																																																																																																																																																			3.5	2	0.18798	2047	136	15	67	2.87626	7	147.91	52.19	316.19	118.01	2.7	0.52	7.31	18.87	630	354.25	312.78	201.65	6.11																																																
Recording6	Participant3	30 - 40	Male	Low	> 10	Visual search - 2	fear_question_spider	1	fear_question_spider.png	1685	509777	0	0	0	0					2																																																																																																																																																																																																																																																																																																																																																																																																																																																			3.72156	0		648	162	4	143	3.11298	2	75.71	73.42	77.99	3.23	1.09	0.85	1.32	2.17	762	283.96	73.42	55.43	0.85																																																
Recording6	Participant3	30 - 40	Male	Low	> 10	Visual search - 2	thankyou	1	thankyou.png	3904	511462	0	0	0	0																																																																																																																																																																																																																																																																																																																																																																																																																																																								3.85883	0		1563	156	10	175	3.29764	2	563.09	520.59	605.58	60.1	18.64	15.36	21.92	37.27	2410	131.19	605.58	345.92	21.92																																																
Recording6	Participant3	30 - 40	Male	Low	> 10	Visual search - 2	Entire Recording	1	fear_A.png,fear_B.png,fear_C.png,fear_cat_fruit.png,fear_cat_mushroom.png,fear_cat_snake.png,fear_cat_spider.png,fear_cross.png,fear_D.png,fear_E.png,fear_F.png,fear_G.png,fear_H.png,fear_I.png,fear_instructions_ready.png,fear_instructions_summary.png,fear_intructions_1.png,fear_intructions_2.png,fear_intructions_3.png,fear_J.png,fear_K.png,fear_L.png,fear_name_fruit.png,fear_name_mushroom.png,fear_name_snake.png,fear_name_spider.png,fear_question_snakes.png,fear_question_spider.png,thankyou.png	515490	0	6	6	6	6	197131	187121	225126	215132	2	8999	8404	9221	8710	9063	7827	6130	8980	8268	8016	8527	8905	2250	2101	1537	1089	1133	3914	438	599	2756	891	1705	524	80	75	132	98	153	190	80	125	210	53	297	163	7812	3739	2598	4873	4018	7637	1398	1723	6785	4522	4135	1935	4	4	6	8	8	2	14	15	3	9	5	17	215440	384155	439674	356053	467926	329154	187951	271395	300545	244521	496045	411695	80	75	132	200	300	190	133	148	210	4522	297	192	Spider		2.78238	2.78115	2.56063	2.57198	2.68025	2.67839	2.73628	2.71739	2.79156	2.83092	2.64978	2.76601	8202	4665	3012	8508	2202	190	6130	8832	6995	7964	7087	8732	2734	1555	1004	1215	734	190	438	631	3498	995	2362	546	80	75	132	98	230	190	80	125	210	157	297	163	7812	2585	2598	4873	1672	190	1398	1723	6785	4522	4135	1935	3	3	3	7	3	1	14	14	2	8	3	16	215440	384155	439674	356053	467926	329154	187951	271575	300545	244521	496045	411695	80	75	132	200	300	190	133	125	210	4522	297	192	2.79472	2.81887	2.84879	2.57647	2.61163	2.96835	2.73628	2.71468	2.79278	2.83168	2.664	2.76803	9029	8441	9296	8805	9251	7827	6722	9320	8391	8616	9144	9476	4514	2814	4648	4402	9251	3914	3361	4660	4196	8616	9144	9476	80	2117	132	200	9251	190	603	305	210	8616	9144	9476	8949	3739	9164	8605	9251	7637	6118	9015	8181	8616	9144	9476	2	3	2	2	1	2	2	2	2	1	1	1	215440	384155	439674	356053	467926	329154	187951	271395	300545	244521	496045	411695	80	2117	132	200	9251	190	603	305	210	8616	9144	9476	9072	8469	9339	8855	9263	7886	6742	9377	8411	8631	9184	9483	4536	2823	4669	4427	9263	3943	3371	4688	4206	8631	9184	9483	113	2130	167	238	9263	203	615	318	217	8631	9184	9483	8959	3744	9172	8616	9263	7682	6127	9059	8195	8631	9184	9483	2	3	2	2	1	2	2	2	2	1	1	1	215407	384141	439639	356014	467914	329140	187940	271381	300538	244506	496005	411688	113	2130	167	238	9263	203	615	318	217	8631	9184	9483	0	0	0	0	0	0	0	0	0	0	0	0																									0	0	0	0	0	0	0	0	0	0	0	0																									6.86774	37		391192	458	855	72	2.77042	401	121.96	30.17	605.58	110.82	2.5	0.13	27.18	1003.74	1365	88.92	530.79	286.93	15.29	1	0	1	6	3	0	7	10	0	6	2	12	215407		439639			329472		271918			496005			389160	439806				197125						343.23		277.08			213.63		323.31			312.7	
Recording7	Participant4	20 - 30	Male	Low	5 - 10	Visual search - 3	search_fearful	1	fear_F.png	9993	231020	0	1	0	0		0			Space								8331												1041												170												3070												8												1171												185					Snake	Snake								3.21144												6457												1076												170												3070												6												1171												185												3.22968												8599												4300												1550												7049												2												1171												1550												8656												4328												1607												7049												2												1114												1607												0																																				0																													3.73535	1	0.06539	7358	613	12	105	3.22747	10	193.92	46.04	528.13	158	4.9	0.07	18.09	49.02	119	135.05	273.38	167.45	6.64								5												1114																								528.13				
Recording7	Participant4	20 - 30	Male	Low	5 - 10	Visual search - 3	search_fearful	2	fear_C.png	9993	287026	0	1	0	0		0			Space											8889												2222												73												8303												4												876												265		Spider	Spider											3.26247												8642												2881												73												8303												3												876												265												3.26852												9118												9118												9118												9118												1												876												9118												9131												9131												9131												9131												1												862												9131												0																																				0																										3.2553	0		9227	1153	8	87	3.25262	6	194.02	30.55	329.26	133.09	4.76	0.51	9.61	28.56	156	115.55	301.38	174.45	7											2																																					
Recording7	Participant4	20 - 30	Male	Low	5 - 10	Visual search - 3	search_fearful	3	fear_D.png	10010	315021	0	1	0	0		0			Space							8907												636												185												2415												14												660												220						Snake	Snake							3.06744												6492												499												185												1150												13												660												220												3.05424												9350												9350												9350												9350												1												660												9350												9357												9357												9357												9357												1												653												9357												0																																				0																														3.08552	1	0.10699	6805	454	15	193	3.05502	12	88.39	32.62	314.4	80.94	1.7	0.53	7.4	20.36	442	8.81	314.4	182.88	7.4							11																																									
Recording7	Participant4	20 - 30	Male	Low	5 - 10	Visual search - 3	search_fearful	4	fear_E.png	10010	399038	0	1	0	0		0			Space									8501												2125												67												7467												4												1011												67				Snake	Snake									3.23446												1033												344												67												623												3												1011												67												3.30144												8761												4380												67												8694												2												1011												67												8831												4415												82												8749												2												996												82												0																																				0																												3.27118	0		1738	217	8	155	3.1979	6	283.34	83.32	409.76	129.04	7.42	1.09	14.13	44.53	182	96.85	283.68	182.5	6.09									1												1261												1078												403.76			
Recording7	Participant4	20 - 30	Male	Low	5 - 10	Visual search - 3	search_fearful	5	fear_A.png	9993	455060	0	1	0	0		0			Space												7018												1404												200												3637												5												2437												200	Spider	Spider												3.13972												3380												845												200												1640												4												2437												200												3.32377												7199												3600												3158												4041												2												2437												3158												7216												3608												3167												4049												2												2429												3167												0																																				0																									3.09811	0		5153	368	14	98	3.29349	4	148.32	48.41	347.61	137.88	3.18	0.37	8.84	12.73	302	128.65	133.21	89.04	2.76												2																																				
Recording7	Participant4	20 - 30	Male	Low	5 - 10	Visual search - 3	search_fearful	6	fear_B.png	10010	483055	0	1	0	0		0			Space										7625												1271												178												3472												6												2083												178			Spider	Spider										3.0597												5712												1142												178												3472												5												2083												178												3.07295												7927												7927												7927												7927												1												2083												7927												7937												7937												7937												7937												1												2073												7937												0																																				0																											3.03745	1	0.07972	7117	508	14	142	3.04967	7	151.95	42.67	352.56	133.24	3.11	0.55	9.07	21.77	338	53.3	120.11	95.93	1.99										4																																						
Recording7	Participant4	20 - 30	Male	Low	5 - 10	Visual search - 3	search_nonfearful	1	fear_G.png	9993	203009	0	0	0	1				0	Space			3208												267												101												560												12												345												533										Fruit	Fruit			3.31389												3107												282												133												560												11												345												533												3.3146												3276												364												101												812												9												345												812												3566												396												140												843												9												313												843												0																																				0																																		4.13891	1	0.1594	7920	283	28	97	3.3773	19	271.93	49.59	468.42	106.37	7.07	0.7	15	134.37	313	178.58	245.09	157.81	4.97			2												313												1735												245.09									
Recording7	Participant4	20 - 30	Male	Low	5 - 10	Visual search - 3	search_nonfearful	2	fear_L.png	10010	259015	0	0	0	1				0	Space					8547												712												215												2125												12												227												215								Mushroom						3.15708												8547												712												215												2125												12												227												215												3.15708												8790												2198												215												4923												4												227												215												8893												2223												253												4965												4												188												253												0																																				0																																3.40067	1	0.05393	9324	583	16	107	3.16077	13	149.04	34.67	354.96	116.28	3.47	0.51	8.44	45.07	62	11.32	77.68	60.01	1.15					7												188												442												293.34							
Recording7	Participant4	20 - 30	Male	Low	5 - 10	Visual search - 3	search_nonfearful	3	fear_H.png	9993	343032	0	0	0	1				0	Space		8592												1432												227												2068												6												1032												227											Fruit	Fruit		3.32711												6795												1359												227												2068												5												1032												227												3.36748												8652												4326												2050												6602												2												1032												2050												8674												4337												2063												6611												2												1019												2063												0																																				0																																			3.05738	1	0.41114	7477	831	9	303	3.34304	5	94.71	33.22	243.91	87.89	1.95	0.42	6.05	9.73	617	179.61	243.91	155.32	6.05		4																																														
Recording7	Participant4	20 - 30	Male	Low	5 - 10	Visual search - 3	search_nonfearful	4	fear_K.png	9993	371043	0	0	0	1				0	Space						7572												1514												108												6007												5												1293												108							Mushroom							3.36155												7572												1514												108												6007												5												1293												108												3.36155												7825												2608												108												6475												3												1293												108												7850												2617												118												6482												3												1283												118												0																																				0																															3.24378	1		8867	739	12	212	3.33798	3	203.85	70.84	287.63	116.48	5.06	1.15	8.46	15.19	175	93.69	253.08	164.16	5.58						1																																										
Recording7	Participant4	20 - 30	Male	Low	5 - 10	Visual search - 3	search_nonfearful	5	fear_J.png	10010	427049	0	0	0	1				0	Space				8967												2989												292												4502												3												737												4173									Mushroom	Mushroom				2.82538												8675												4338												4173												4502												2												737												4173												2.832												9273												9273												9273												9273												1												737												9273												9280												9280												9280												9280												1												730												9280												0																																				0																																	3.06212	1	0.16402	9062	1812	5	152	2.83321	2	229.04	114.85	343.23	161.49	5.07	1.85	8.29	10.13	375	21.03	114.85	85.3	1.85				0																																												
Recording7	Participant4	20 - 30	Male	Low	5 - 10	Visual search - 3	search_nonfearful	6	fear_I.png	10010	511066	0	0	0	1				0	Space	8903												1484												245												6150												6												792												245												Fruit	Fruit	3.12667												7757												1551												245												6150												5												792												245												3.151												9218												9218												9218												9218												1												792												9218												9223												9223												9223												9223												1												787												9223												0																																				0																																				2.7967	1	0.08414	8173	1022	8	160	3.1339	6	161.26	58.02	350.26	128.58	3.44	0.69	9.34	20.63	147	100.23	295.52	178.17	6.37	3																																															
Recording7	Participant4	20 - 30	Male	Low	5 - 10	Visual search - 3	fear_A	1	fear_A.png	9993	455060	1	1	0	0	9993	0			Space												7018												1404												200												3637												5												2437												200	Spider	Spider												3.13972												3380												845												200												1640												4												2437												200												3.32377												7199												3600												3158												4041												2												2437												3158												7216												3608												3167												4049												2												2429												3167												0																																				0																									3.09811	0		5153	368	14	98	3.29349	4	148.32	48.41	347.61	137.88	3.18	0.37	8.84	12.73	302	128.65	133.21	89.04	2.76												2																																				
Recording7	Participant4	20 - 30	Male	Low	5 - 10	Visual search - 3	fear_B	1	fear_B.png	10010	483055	1	1	0	0	10010	0			Space										7625												1271												178												3472												6												2083												178			Spider	Spider										3.0597												5712												1142												178												3472												5												2083												178												3.07295												7927												7927												7927												7927												1												2083												7927												7937												7937												7937												7937												1												2073												7937												0																																				0																											3.03745	1	0.07972	7117	508	14	142	3.04967	7	151.95	42.67	352.56	133.24	3.11	0.55	9.07	21.77	338	53.3	120.11	95.93	1.99										4																																						
Recording7	Participant4	20 - 30	Male	Low	5 - 10	Visual search - 3	fear_C	1	fear_C.png	9993	287026	1	1	0	0	9993	0			Space											8889												2222												73												8303												4												876												265		Spider	Spider											3.26247												8642												2881												73												8303												3												876												265												3.26852												9118												9118												9118												9118												1												876												9118												9131												9131												9131												9131												1												862												9131												0																																				0																										3.2553	0		9227	1153	8	87	3.25262	6	194.02	30.55	329.26	133.09	4.76	0.51	9.61	28.56	156	115.55	301.38	174.45	7											2																																					
Recording7	Participant4	20 - 30	Male	Low	5 - 10	Visual search - 3	fear_cat_fruit	1	fear_cat_fruit.png	9993	75348	0	0	0	0																																																																																																																																																																																																																																																																																																																																																																																																																																																								3.44848	1		8517	426	20	760	2.86361	19	129.56	45.45	202.55	48.78	3.06	0.72	5.22	58.14	344	227	46.33	37.1	0.86																																																
Recording7	Participant4	20 - 30	Male	Low	5 - 10	Visual search - 3	fear_cat_mushroom	1	fear_cat_mushroom.png	10010	111351	0	0	0	0																																																																																																																																																																																																																																																																																																																																																																																																																																																								2.95982	0		7905	282	28	317	2.88142	28	104.72	34.83	250.38	57.14	2.21	0.37	6.51	61.84	273	96.93	69.67	56.61	1.4																																																
Recording7	Participant4	20 - 30	Male	Low	5 - 10	Visual search - 3	fear_cat_snake	1	fear_cat_snake.png	9994	93349	0	0	0	0																																																																																																																																																																																																																																																																																																																																																																																																																																																								3.2166	1		8775	382	23	635	2.86597	24	146.95	60.38	343	81.54	3.46	0.96	10.7	83.11	422	349.2	115.19	80.5	2.35																																																
Recording7	Participant4	20 - 30	Male	Low	5 - 10	Visual search - 3	fear_cat_spider	1	fear_cat_spider.png	9993	57347	0	0	0	0																																																																																																																																																																																																																																																																																																																																																																																																																																																								3.51976	1	0.33764	8697	395	22	208	3.06301	23	137.26	55.79	250.12	51.98	3.11	1.01	6.13	71.59	437	90.3	106	74.31	1.9																																																
Recording7	Participant4	20 - 30	Male	Low	5 - 10	Visual search - 3	fear_cross	1	fear_cross.png	8008	49339	0	0	0	0																																																																																																																																																																																																																																																																																																																																																																																																																																																								3.4286	2		130	130	1	130	3.22378	0																																																													
Recording7	Participant4	20 - 30	Male	Low	5 - 10	Visual search - 3	fear_cross	2	fear_cross.png	8008	67340	0	0	0	0																																																																																																																																																																																																																																																																																																																																																																																																																																																								3.43443	2	0.17533	6220	3110	2	3612	3.06744	1	122.24	122.24	122.24		2.07	2.07	2.07	2.07	180	89.02	122.24	86.44	2.07																																																
Recording7	Participant4	20 - 30	Male	Low	5 - 10	Visual search - 3	fear_cross	3	fear_cross.png	8008	85341	0	0	0	0																																																																																																																																																																																																																																																																																																																																																																																																																																																								3.29518	0		5893	1473	4	98	3.13656	3	93.32	31.22	138.8	55.68	1.77	0.61	2.71	5.31	79	16.66	109.93	77.12	1.99																																																
Recording7	Participant4	20 - 30	Male	Low	5 - 10	Visual search - 3	fear_cross	4	fear_cross.png	8008	103343	0	0	0	0																																																																																																																																																																																																																																																																																																																																																																																																																																																								3.07809	0		6640	3320	2	2318	3.01703	1	209.85	209.85	209.85		7.45	7.45	7.45	7.45	256	7.45	209.85	135.51	7.45																																																
Recording7	Participant4	20 - 30	Male	Low	5 - 10	Visual search - 3	fear_cross	5	fear_cross.png	8008	185007	0	0	0	0																																																																																																																																																																																																																																																																																																																																																																																																																																																								4.69461	2	0.11133	7363	1473	5	120	3.34673	4	118.17	49.42	201.11	63.4	2.26	1.03	3.98	9.03	198	285.64	201.11	128.79	3.98																																																
Recording7	Participant4	20 - 30	Male	Low	5 - 10	Visual search - 3	fear_cross	6	fear_cross.png	8008	213002	0	0	0	0																																																																																																																																																																																																																																																																																																																																																																																																																																																								3.95699	0		6648	739	9	167	3.17209	5	160.96	52.01	271.56	93.58	4.29	0.8	9.09	21.47	174	308.82	271.56	170.71	9.09																																																
Recording7	Participant4	20 - 30	Male	Low	5 - 10	Visual search - 3	fear_cross	7	fear_cross.png	8008	241013	0	0	0	0																																																																																																																																																																																																																																																																																																																																																																																																																																																								3.59441	0		4862	1621	3	255	3.05608	1	289.76	289.76	289.76		8.49	8.49	8.49	8.49	343	357.26	289.76	183.9	8.49																																																
Recording7	Participant4	20 - 30	Male	Low	5 - 10	Visual search - 3	fear_cross	8	fear_cross.png	7991	269025	0	0	0	0																																																																																																																																																																																																																																																																																																																																																																																																																																																								3.32706	1	0.05559	1030	258	4	385	3.03939	1	54.18	54.18	54.18		0.87	0.87	0.87	0.87	695	74.83	54.18	47.15	0.87																																																
Recording7	Participant4	20 - 30	Male	Low	5 - 10	Visual search - 3	fear_cross	9	fear_cross.png	8008	297019	0	0	0	0																																																																																																																																																																																																																																																																																																																																																																																																																																																								3.17186	0		3750	1875	2	347	3.02891	2	181.79	36.04	327.53	206.11	4.17	0.24	8.1	8.33	299	180.86	327.53	198.44	8.1																																																
Recording7	Participant4	20 - 30	Male	Low	5 - 10	Visual search - 3	fear_cross	10	fear_cross.png	8008	325031	0	0	0	0																																																																																																																																																																																																																																																																																																																																																																																																																																																								2.99787	0		807	403	2	90	3.22683	0																																																													
Recording7	Participant4	20 - 30	Male	Low	5 - 10	Visual search - 3	fear_cross	11	fear_cross.png	8008	353025	0	0	0	0																																																																																																																																																																																																																																																																																																																																																																																																																																																								3.02813	0		3182	1591	2	168	3.11388	1	301.71	301.71	301.71		6.25	6.25	6.25	6.25	421	85.97	301.71	184.3	6.25																																																
Recording7	Participant4	20 - 30	Male	Low	5 - 10	Visual search - 3	fear_cross	12	fear_cross.png	8008	381037	0	0	0	0																																																																																																																																																																																																																																																																																																																																																																																																																																																								3.23772	0		6362	2121	3	507	2.94754	1	49.59	49.59	49.59		0.76	0.76	0.76	0.76	685	52.67	49.59	42.9	0.76																																																
Recording7	Participant4	20 - 30	Male	Low	5 - 10	Visual search - 3	fear_cross	13	fear_cross.png	7991	409048	0	0	0	0																																																																																																																																																																																																																																																																																																																																																																																																																																																								3.21138	0		4968	4968	1	4968	2.99727	0																																																													
Recording7	Participant4	20 - 30	Male	Low	5 - 10	Visual search - 3	fear_cross	14	fear_cross.png	7991	437059	0	0	0	0																																																																																																																																																																																																																																																																																																																																																																																																																																																								2.99034	0		165	165	1	165	2.63885	1	297.05	297.05	297.05		8.04	8.04	8.04	8.04	365	181.72	297.05	184.58	8.04																																																
Recording7	Participant4	20 - 30	Male	Low	5 - 10	Visual search - 3	fear_cross	15	fear_cross.png	8008	465054	0	0	0	0																																																																																																																																																																																																																																																																																																																																																																																																																																																								3.12817	0		5735	2868	2	97	2.86163	1	44.5	44.5	44.5		0.57	0.57	0.57	0.57	951	302.96	44.5	38.77	0.57																																																
Recording7	Participant4	20 - 30	Male	Low	5 - 10	Visual search - 3	fear_cross	16	fear_cross.png	8008	493065	0	0	0	0																																																																																																																																																																																																																																																																																																																																																																																																																																																								2.95547	0		4142	690	6	132	2.87069	4	130.96	44.01	217.71	98.76	2.99	0.59	5.38	11.96	845	43.49	46.87	40.74	0.59																																																
Recording7	Participant4	20 - 30	Male	Low	5 - 10	Visual search - 3	fear_D	1	fear_D.png	10010	315021	1	1	0	0	10010	0			Space							8907												636												185												2415												14												660												220						Snake	Snake							3.06744												6492												499												185												1150												13												660												220												3.05424												9350												9350												9350												9350												1												660												9350												9357												9357												9357												9357												1												653												9357												0																																				0																														3.08552	1	0.10699	6805	454	15	193	3.05502	12	88.39	32.62	314.4	80.94	1.7	0.53	7.4	20.36	442	8.81	314.4	182.88	7.4							11																																									
Recording7	Participant4	20 - 30	Male	Low	5 - 10	Visual search - 3	fear_E	1	fear_E.png	10010	399038	1	1	0	0	10010	0			Space									8501												2125												67												7467												4												1011												67				Snake	Snake									3.23446												1033												344												67												623												3												1011												67												3.30144												8761												4380												67												8694												2												1011												67												8831												4415												82												8749												2												996												82												0																																				0																												3.27118	0		1738	217	8	155	3.1979	6	283.34	83.32	409.76	129.04	7.42	1.09	14.13	44.53	182	96.85	283.68	182.5	6.09									1												1261												1078												403.76			
Recording7	Participant4	20 - 30	Male	Low	5 - 10	Visual search - 3	fear_F	1	fear_F.png	9993	231020	1	1	0	0	9993	0			Space								8331												1041												170												3070												8												1171												185					Snake	Snake								3.21144												6457												1076												170												3070												6												1171												185												3.22968												8599												4300												1550												7049												2												1171												1550												8656												4328												1607												7049												2												1114												1607												0																																				0																													3.73535	1	0.06539	7358	613	12	105	3.22747	10	193.92	46.04	528.13	158	4.9	0.07	18.09	49.02	119	135.05	273.38	167.45	6.64								5												1114																								528.13				
Recording7	Participant4	20 - 30	Male	Low	5 - 10	Visual search - 3	fear_G	1	fear_G.png	9993	203009	0	0	1	1			9993	0	Space			3208												267												101												560												12												345												533										Fruit	Fruit			3.31389												3107												282												133												560												11												345												533												3.3146												3276												364												101												812												9												345												812												3566												396												140												843												9												313												843												0																																				0																																		4.13891	1	0.1594	7920	283	28	97	3.3773	19	271.93	49.59	468.42	106.37	7.07	0.7	15	134.37	313	178.58	245.09	157.81	4.97			2												313												1735												245.09									
Recording7	Participant4	20 - 30	Male	Low	5 - 10	Visual search - 3	fear_H	1	fear_H.png	9993	343032	0	0	1	1			9993	0	Space		8592												1432												227												2068												6												1032												227											Fruit	Fruit		3.32711												6795												1359												227												2068												5												1032												227												3.36748												8652												4326												2050												6602												2												1032												2050												8674												4337												2063												6611												2												1019												2063												0																																				0																																			3.05738	1	0.41114	7477	831	9	303	3.34304	5	94.71	33.22	243.91	87.89	1.95	0.42	6.05	9.73	617	179.61	243.91	155.32	6.05		4																																														
Recording7	Participant4	20 - 30	Male	Low	5 - 10	Visual search - 3	fear_I	1	fear_I.png	10010	511066	0	0	1	1			10010	0	Space	8903												1484												245												6150												6												792												245												Fruit	Fruit	3.12667												7757												1551												245												6150												5												792												245												3.151												9218												9218												9218												9218												1												792												9218												9223												9223												9223												9223												1												787												9223												0																																				0																																				2.7967	1	0.08414	8173	1022	8	160	3.1339	6	161.26	58.02	350.26	128.58	3.44	0.69	9.34	20.63	147	100.23	295.52	178.17	6.37	3																																															
Recording7	Participant4	20 - 30	Male	Low	5 - 10	Visual search - 3	fear_instructions_ready	1	fear_instructions_ready.png	2436	182572	0	0	0	0					Space																																																																																																																																																																																																																																																																																																																																																																																																																																																			4.80344	0	0.11133	1580	158	10	102	3.31642	11	158.51	60.22	318.63	80.27	3.58	0.75	8.91	39.33	175	67.8	94.81	71.82	1.57																																																
Recording7	Participant4	20 - 30	Male	Low	5 - 10	Visual search - 3	fear_instructions_summary	1	fear_instructions_summary.png	28996	153576	0	0	0	0					Space																																																																																																																																																																																																																																																																																																																																																																																																																																																			4.07896	5		20965	178	118	130	3.19167	104	219.2	37.67	498.03	122.39	5.88	0.59	26.57	611.8	365	265.3	117.07	84.02	1.69																																																
Recording7	Participant4	20 - 30	Male	Low	5 - 10	Visual search - 3	fear_intructions_1	1	fear_intructions_1.png	7963	41375	0	0	0	0					Space																																																																																																																																																																																																																																																																																																																																																																																																																																																			3.12396	0		5704	158	36	127	3.13489	36	171.24	95.83	491.57	105.77	4.55	1.59	22.1	163.71	149	162.26	270.16	175.88	7.7																																																
Recording7	Participant4	20 - 30	Male	Low	5 - 10	Visual search - 3	fear_intructions_2	1	fear_intructions_2.png	16116	121361	0	0	0	0					Space																																																																																																																																																																																																																																																																																																																																																																																																																																																			3.10459	3		6800	179	38	220	3.3774	29	168.01	36.74	445.29	98.85	3.91	0.73	14.07	113.51	610	352.61	134.96	93.39	2.74																																																
Recording7	Participant4	20 - 30	Male	Low	5 - 10	Visual search - 3	fear_intructions_3	1	fear_intructions_3.png	16099	137477	0	0	0	0					Space																																																																																																																																																																																																																																																																																																																																																																																																																																																			3.65939	1		12592	168	75	80	3.27299	70	183.95	41.2	511.98	106.87	4.96	0.65	26.9	347.45	206	158.73	240.24	154.17	6.81																																																
Recording7	Participant4	20 - 30	Male	Low	5 - 10	Visual search - 3	fear_J	1	fear_J.png	10010	427049	0	0	1	1			10010	0	Space				8967												2989												292												4502												3												737												4173									Mushroom	Mushroom				2.82538												8675												4338												4173												4502												2												737												4173												2.832												9273												9273												9273												9273												1												737												9273												9280												9280												9280												9280												1												730												9280												0																																				0																																	3.06212	1	0.16402	9062	1812	5	152	2.83321	2	229.04	114.85	343.23	161.49	5.07	1.85	8.29	10.13	375	21.03	114.85	85.3	1.85				0																																												
Recording7	Participant4	20 - 30	Male	Low	5 - 10	Visual search - 3	fear_K	1	fear_K.png	9993	371043	0	0	1	1			9993	0	Space						7572												1514												108												6007												5												1293												108							Mushroom							3.36155												7572												1514												108												6007												5												1293												108												3.36155												7825												2608												108												6475												3												1293												108												7850												2617												118												6482												3												1283												118												0																																				0																															3.24378	1		8867	739	12	212	3.33798	3	203.85	70.84	287.63	116.48	5.06	1.15	8.46	15.19	175	93.69	253.08	164.16	5.58						1																																										
Recording7	Participant4	20 - 30	Male	Low	5 - 10	Visual search - 3	fear_L	1	fear_L.png	10010	259015	0	0	1	1			10010	0	Space					8547												712												215												2125												12												227												215								Mushroom						3.15708												8547												712												215												2125												12												227												215												3.15708												8790												2198												215												4923												4												227												215												8893												2223												253												4965												4												188												253												0																																				0																																3.40067	1	0.05393	9324	583	16	107	3.16077	13	149.04	34.67	354.96	116.28	3.47	0.51	8.44	45.07	62	11.32	77.68	60.01	1.15					7												188												442												293.34							
Recording7	Participant4	20 - 30	Male	Low	5 - 10	Visual search - 3	fear_name_fruit	1	fear_name_fruit.png	9993	193015	0	0	0	0																																																																																																																																																																																																																																																																																																																																																																																																																																																								4.58916	1	0.29079	8302	213	39	187	3.21711	38	79	40.67	195.27	27.06	1.37	0.62	3.94	52.11	453	343.69	62.16	49.95	0.92																																																
Recording7	Participant4	20 - 30	Male	Low	5 - 10	Visual search - 3	fear_name_fruit	2	fear_name_fruit.png	9993	333039	0	0	0	0																																																																																																																																																																																																																																																																																																																																																																																																																																																								2.9167	0		7470	356	21	293	2.84517	21	65.48	39.31	96.06	16.81	1.06	0.55	1.61	22.32	557	352.75	65.16	53.23	1.06																																																
Recording7	Participant4	20 - 30	Male	Low	5 - 10	Visual search - 3	fear_name_fruit	3	fear_name_fruit.png	9993	501073	0	0	0	0																																																																																																																																																																																																																																																																																																																																																																																																																																																								2.83103	0		7743	430	18	512	2.74334	16	74.99	38.6	114.8	17.55	1.09	0.53	1.76	17.48	1492	33.3	83.98	61.02	1.33																																																
Recording7	Participant4	20 - 30	Male	Low	5 - 10	Visual search - 3	fear_name_mushroom	1	fear_name_mushroom.png	9993	249021	0	0	0	0																																																																																																																																																																																																																																																																																																																																																																																																																																																								3.47667	0		8488	223	38	150	3.09833	37	73.96	42.32	140.27	25	1.27	0.43	2.59	46.83	206	172.72	69.84	55.12	1.01																																																
Recording7	Participant4	20 - 30	Male	Low	5 - 10	Visual search - 3	fear_name_mushroom	2	fear_name_mushroom.png	10010	361033	0	0	0	0																																																																																																																																																																																																																																																																																																																																																																																																																																																								2.9141	1		7933	345	23	165	2.76999	20	77.69	40.37	175.34	40.4	1.35	0.46	3.79	26.99	236	186.58	62.08	51.59	0.92																																																
Recording7	Participant4	20 - 30	Male	Low	5 - 10	Visual search - 3	fear_name_mushroom	3	fear_name_mushroom.png	10010	417039	0	0	0	0																																																																																																																																																																																																																																																																																																																																																																																																																																																								3.08496	0		8620	319	27	170	2.7039	24	69.09	41.41	153.8	26.21	1.15	0.41	3.09	27.56	223	180.1	53.8	44.62	0.76																																																
Recording7	Participant4	20 - 30	Male	Low	5 - 10	Visual search - 3	fear_name_snake	1	fear_name_snake.png	10010	221010	0	0	0	0																																																																																																																																																																																																																																																																																																																																																																																																																																																								3.80972	0		8650	240	36	92	3.14313	35	86.27	38.11	198.12	31.7	1.5	0.52	4.16	52.53	44	46.86	101.52	74.2	1.62																																																
Recording7	Participant4	20 - 30	Male	Low	5 - 10	Visual search - 3	fear_name_snake	2	fear_name_snake.png	9993	305027	0	0	0	0																																																																																																																																																																																																																																																																																																																																																																																																																																																								3.10156	0		8198	410	20	290	2.92393	18	67.98	33.42	94.13	18.27	1.13	0.36	1.8	20.31	588	359.93	80.44	62.2	1.28																																																
Recording7	Participant4	20 - 30	Male	Low	5 - 10	Visual search - 3	fear_name_snake	3	fear_name_snake.png	9993	389045	0	0	0	0																																																																																																																																																																																																																																																																																																																																																																																																																																																								3.1303	2		4883	814	6	140	2.70142	5	64.59	43.96	87.22	16.48	1	0.71	1.22	5.01	962	229.05	61.07	48.2	1.22																																																
Recording7	Participant4	20 - 30	Male	Low	5 - 10	Visual search - 3	fear_name_spider	1	fear_name_spider.png	10010	277016	0	0	0	0																																																																																																																																																																																																																																																																																																																																																																																																																																																								3.23431	1		7842	436	18	263	2.90931	17	59.47	30.5	86.63	15.82	0.93	0.52	1.62	15.82	402	322.79	60.58	49.52	0.73																																																
Recording7	Participant4	20 - 30	Male	Low	5 - 10	Visual search - 3	fear_name_spider	2	fear_name_spider.png	10010	445050	0	0	0	0																																																																																																																																																																																																																																																																																																																																																																																																																																																								2.88473	1		8987	1498	6	750	2.78915	6	52.65	43.4	62.24	8.17	0.77	0.49	1.08	4.59	684	7.52	43.4	37.52	0.66																																																
Recording7	Participant4	20 - 30	Male	Low	5 - 10	Visual search - 3	fear_name_spider	3	fear_name_spider.png	9993	473062	0	0	0	0																																																																																																																																																																																																																																																																																																																																																																																																																																																								3.05451	1		8015	364	22	352	2.79625	21	59.35	31.08	132.84	25.24	0.84	0.26	1.95	17.73	1101	188.29	31.08	30.74	0.64																																																
Recording7	Participant4	20 - 30	Male	Low	5 - 10	Visual search - 3	fear_question_snakes	1	fear_question_snakes.png	4505	521076	0	0	0	0					2																																																																																																																																																																																																																																																																																																																																																																																																																																																			2.78291	1	1.04479	2838	189	15	108	3.13279	11	136.71	67.91	216.33	52.35	2.49	0.9	4.57	27.34	386	125.35	187.71	120.7	3.31																																																
Recording7	Participant4	20 - 30	Male	Low	5 - 10	Visual search - 3	fear_question_spider	1	fear_question_spider.png	2452	525581	0	0	0	0					2																																																																																																																																																																																																																																																																																																																																																																																																																																																			3.13713	0		1288	184	7	175	3.29939	3	112.24	84.81	149.8	33.66	1.74	1.55	2.02	5.23	175	85.98	149.8	107.82	2.02																																																
Recording7	Participant4	20 - 30	Male	Low	5 - 10	Visual search - 3	thankyou	1	thankyou.png	3704	528033	0	0	0	0																																																																																																																																																																																																																																																																																																																																																																																																																																																								3.70391	0		1135	189	6	125	3.39572	2	183.25	181.16	185.35	2.96	3.2	3.02	3.38	6.4	244	348.51	185.35	118.74	3.38																																																
Recording7	Participant4	20 - 30	Male	Low	5 - 10	Visual search - 3	Entire Recording	1	fear_A.png,fear_B.png,fear_C.png,fear_cat_fruit.png,fear_cat_mushroom.png,fear_cat_snake.png,fear_cat_spider.png,fear_cross.png,fear_D.png,fear_E.png,fear_F.png,fear_G.png,fear_H.png,fear_I.png,fear_instructions_ready.png,fear_instructions_summary.png,fear_intructions_1.png,fear_intructions_2.png,fear_intructions_3.png,fear_J.png,fear_K.png,fear_L.png,fear_name_fruit.png,fear_name_mushroom.png,fear_name_snake.png,fear_name_spider.png,fear_question_snakes.png,fear_question_spider.png,thankyou.png	531859	0	6	6	6	6	241013	231020	213002	203009	2	8903	8592	3208	8967	8547	7572	8907	8331	8501	7625	8889	7018	1484	1432	267	2989	712	1514	636	1041	2125	1271	2222	1404	245	227	101	292	215	108	185	170	67	178	73	200	6150	2068	560	4502	2125	6007	2415	3070	7467	3472	8303	3637	6	6	12	3	12	5	14	8	4	6	4	5	511859	344064	203354	427786	259241	372336	315681	232191	400049	485138	287902	457498	245	227	533	4173	215	108	220	185	67	178	265	200	Fruit		3.12667	3.32711	3.31389	2.82538	3.15708	3.36155	3.06744	3.21144	3.23446	3.0597	3.26247	3.13972	7757	6795	3107	8675	8547	7572	6492	6457	1033	5712	8642	3380	1551	1359	282	4338	712	1514	499	1076	344	1142	2881	845	245	227	133	4173	215	108	185	170	67	178	73	200	6150	2068	560	4502	2125	6007	1150	3070	623	3472	8303	1640	5	5	11	2	12	5	13	6	3	5	3	4	511859	344064	203354	427786	259241	372336	315681	232191	400049	485138	287902	457498	245	227	533	4173	215	108	220	185	67	178	265	200	3.151	3.36748	3.3146	2.832	3.15708	3.36155	3.05424	3.22968	3.30144	3.07295	3.26852	3.32377	9218	8652	3276	9273	8790	7825	9350	8599	8761	7927	9118	7199	9218	4326	364	9273	2198	2608	9350	4300	4380	7927	9118	3600	9218	2050	101	9273	215	108	9350	1550	67	7927	9118	3158	9218	6602	812	9273	4923	6475	9350	7049	8694	7927	9118	4041	1	2	9	1	4	3	1	2	2	1	1	2	511859	344064	203354	427786	259241	372336	315681	232191	400049	485138	287902	457498	9218	2050	812	9273	215	108	9350	1550	67	7927	9118	3158	9223	8674	3566	9280	8893	7850	9357	8656	8831	7937	9131	7216	9223	4337	396	9280	2223	2617	9357	4328	4415	7937	9131	3608	9223	2063	140	9280	253	118	9357	1607	82	7937	9131	3167	9223	6611	843	9280	4965	6482	9357	7049	8749	7937	9131	4049	1	2	9	1	4	3	1	2	2	1	1	2	511854	344051	203322	427779	259203	372326	315674	232134	400034	485128	287888	457490	9223	2063	843	9280	253	118	9357	1607	82	7937	9131	3167	0	0	0	0	0	0	0	0	0	0	0	0																									0	0	0	0	0	0	0	0	0	0	0	0																									3.34664	38	0.18236	437159	436	1003	390	3.06715	814	139.85	30.5	532.38	102.31	3.3	0.07	26.9	2682.83	474	1.32	108.87	79.77	1.9	3	4	2	0	7	1	11	5	1	4	2	2			203322		259203			232134	400299						204744		259456	381028			400115						245.09		293.34			528.13	403.76			
Recording8	Participant4	20 - 30	Male	Low	5 - 10	Videos - 1	Commercial 1 - Phillips Hero	1	Commercial 1 - Phillips Hero.mp4	91108	46896	0	0	0	0																																																																																																																																																																																																																																																																																																																																																																																																																																																								3.61039	5	0.2659	74373	306	243	282	3.07565	178	192.46	33.05	508.05	99.1	4.69	0.48	28.49	834.4	48	256.13	37.35	35.95	0.51																																																
Recording8	Participant4	20 - 30	Male	Low	5 - 10	Videos - 1	Commercial 2 - The chase	1	Commercial 2 - The chase.mp4	30080	148081	0	0	0	0																																																																																																																																																																																																																																																																																																																																																																																																																																																								2.66601	0		26039	334	78	202	3.48102	47	203.99	49.76	568.2	120.24	4.94	0.59	17.78	232.04	244	143.16	171.99	109.16	4.29																																																
Recording8	Participant4	20 - 30	Male	Low	5 - 10	Videos - 1	Commercial 3 - The heist	1	Commercial 3 - The heist.mp4	60244	188237	0	0	0	0																																																																																																																																																																																																																																																																																																																																																																																																																																																								2.12005	0		50343	256	197	287	3.12428	153	192	45.43	498.5	111.04	4.67	0.5	20.82	714.38	178	117.79	262.75	151.44	4.69																																																
Recording8	Participant4	20 - 30	Male	Low	5 - 10	Videos - 1	Commercial 4 - The lady	1	Commercial 4 - The lady.mp4	30080	258558	0	0	0	0																																																																																																																																																																																																																																																																																																																																																																																																																																																								1.68725	0		23552	245	96	937	3.33081	64	161.85	30.19	400.55	92.87	3.89	0.86	16.79	249.25	305	23.35	209.48	135.98	4.9																																																
Recording8	Participant4	20 - 30	Male	Low	5 - 10	Videos - 1	Commercials_cross	1	Commercials_cross.png	10094	36803	0	0	0	0																																																																																																																																																																																																																																																																																																																																																																																																																																																								4.03534	1		8687	869	10	158	2.96732	6	86.52	36.94	259.51	85.42	1.4	0.41	5.02	8.43	177	311.4	259.51	169.85	5.02																																																
Recording8	Participant4	20 - 30	Male	Low	5 - 10	Videos - 1	Commercials_cross	2	Commercials_cross.png	10077	138004	0	0	0	0																																																																																																																																																																																																																																																																																																																																																																																																																																																								2.95916	0		9214	1843	5	823	2.74586	0																																																													
Recording8	Participant4	20 - 30	Male	Low	5 - 10	Videos - 1	Commercials_cross	3	Commercials_cross.png	10077	178161	0	0	0	0																																																																																																																																																																																																																																																																																																																																																																																																																																																								2.46829	0		8258	1032	8	222	3.02277	2	410.18	293.72	526.65	164.71	14.12	7.28	20.97	28.25	231	137.82	293.72	170.37	7.28																																																
Recording8	Participant4	20 - 30	Male	Low	5 - 10	Videos - 1	Commercials_cross	4	Commercials_cross.png	10077	248481	0	0	0	0																																																																																																																																																																																																																																																																																																																																																																																																																																																								1.81318	0		8873	2218	4	178	2.74822	1	118.62	118.62	118.62		1.76	1.76	1.76	1.76	37	278.22	118.62	86.13	1.76																																																
Recording8	Participant4	20 - 30	Male	Low	5 - 10	Videos - 1	Commercials_instructions	1	Commercials_instructions.png	5807	30996	0	0	0	0					Space																																																																																																																																																																																																																																																																																																																																																																																																																																																			3.72297	0		3788	140	27	70	2.8409	26	161.41	41.27	481.3	97.02	4.43	0.56	23.39	115.16	276	137.51	179.85	119.15	5.03																																																
Recording8	Participant4	20 - 30	Male	Low	5 - 10	Videos - 1	Commercials_rate_adobe	1	Commercials_rate_adobe.png	7508	288638	0	0	0	0					4																																																																																																																																																																																																																																																																																																																																																																																																																																																			1.59384	0		4522	161	28	92	2.97966	25	170.83	84.36	476.34	93.24	3.96	1.49	15.77	99.08	104	162.55	325	185.99	8.69																																																
Recording8	Participant4	20 - 30	Male	Low	5 - 10	Videos - 1	Commercials_rate_aeroline	1	Commercials_rate_aeroline.png	8976	296145	0	0	0	0					3																																																																																																																																																																																																																																																																																																																																																																																																																																																			1.70895	1		6365	172	37	103	3.20304	34	190.07	64.69	482.87	109.45	4.58	0.91	19.14	155.63	145	112.33	297.12	145.78	4.99																																																
Recording8	Participant4	20 - 30	Male	Low	5 - 10	Videos - 1	Commercials_rate_hyundai	1	Commercials_rate_hyundai.png	3987	305121	0	0	0	0					4																																																																																																																																																																																																																																																																																																																																																																																																																																																			1.88795	1		1605	161	10	95	3.20907	5	117.53	54.28	165.67	46.96	2.22	1.28	3.65	11.09	655	136.24	54.28	44.31	1.28																																																
Recording8	Participant4	20 - 30	Male	Low	5 - 10	Videos - 1	Commercials_rate_philips	1	Commercials_rate_philips.png	3937	309108	0	0	0	0					5																																																																																																																																																																																																																																																																																																																																																																																																																																																			2.05827	0		2375	140	17	67	3.16003	13	206.94	79.05	367.85	87.24	4.54	1.31	9.74	59	454	354.04	167.9	111.85	3.12																																																
Recording8	Participant4	20 - 30	Male	Low	5 - 10	Videos - 1	thankyou	1	thankyou.png	4138	313045	0	0	0	0																																																																																																																																																																																																																																																																																																																																																																																																																																																								2.27932	0		2197	183	12	137	3.17636	10	145.33	57.11	225.87	57.48	2.72	0.76	5.02	27.23	179	353.4	189.74	128.56	3.82																																																
Recording8	Participant4	20 - 30	Male	Low	5 - 10	Videos - 1	Entire Recording	1	Commercial 1 - Phillips Hero.mp4,Commercial 2 - The chase.mp4,Commercial 3 - The heist.mp4,Commercial 4 - The lady.mp4,Commercials_cross.png,Commercials_instructions.png,Commercials_rate_adobe.png,Commercials_rate_aeroline.png,Commercials_rate_hyundai.png,Commercials_rate_philips.png,thankyou.png	317317	0	0	0	0	0					5																																																																																																																																																																																																																																																																																																																																																																																																																																																			2.82357	9		249739	301	831	212	3.11997	604	182.6	30.19	568.2	104.71	4.44	0.41	28.49	2680.39	543	329.33	398	250.45	10.78																																																
Recording9	Participant5	20 - 30	Female	High	< 5	Videos - 2	Commercial 1 - Phillips Hero	1	Commercial 1 - Phillips Hero.mp4	91008	237149	0	0	0	0																																																																																																																																																																																																																																																																																																																																																																																																																																																								10.00331	10	0.06176	59266	194	305	147	3.30755	159	160.88	30.01	531.08	120.63	3.69	0.08	26.37	587.27	305	41.74	264.24	129.04	5.7																																																
Recording9	Participant5	20 - 30	Female	High	< 5	Videos - 2	Commercial 2 - The chase	1	Commercial 2 - The chase.mp4	30080	196992	0	0	0	0																																																																																																																																																																																																																																																																																																																																																																																																																																																								9.40878	4		22744	225	101	83	3.53	66	171.67	30.18	473.94	140.49	3.94	0.25	13.08	260.03	305	168.51	269.12	156.35	5.95																																																
Recording9	Participant5	20 - 30	Female	High	< 5	Videos - 2	Commercial 3 - The heist	1	Commercial 3 - The heist.mp4	60527	126389	0	0	0	0																																																																																																																																																																																																																																																																																																																																																																																																																																																								9.34255	9	0.03285	46326	235	197	108	3.37173	100	165.23	30.05	501.97	132.77	3.92	0.39	19.92	391.86	46	73.12	80.12	60.16	0.98																																																
Recording9	Participant5	20 - 30	Female	High	< 5	Videos - 2	Commercial 4 - The lady	1	Commercial 4 - The lady.mp4	30897	85247	0	0	0	0																																																																																																																																																																																																																																																																																																																																																																																																																																																								9.95216	3	0.49813	23065	208	111	188	3.68451	67	214.1	30.84	448.17	146.65	5.54	0.42	17.31	371.02	283	107.4	364.65	209.26	8.23																																																
Recording9	Participant5	20 - 30	Female	High	< 5	Videos - 2	Commercials_cross	1	Commercials_cross.png	10310	74937	0	0	0	0					Space																																																																																																																																																																																																																																																																																																																																																																																																																																																			10.67505	2	0.19177	7877	272	29	948	3.60038	22	238.7	44.55	580.12	195.94	7.04	0.28	22.27	154.78	1172	71.8	68.65	55.01	1.33																																																
Recording9	Participant5	20 - 30	Female	High	< 5	Videos - 2	Commercials_cross	2	Commercials_cross.png	10244	116145	0	0	0	0																																																																																																																																																																																																																																																																																																																																																																																																																																																								9.38423	2	0.13331	8303	268	31	160	3.15522	25	139.46	35.34	453.96	113.87	3.23	0.14	16.37	80.73	268	227.47	86.13	50.87	1.58																																																
Recording9	Participant5	20 - 30	Female	High	< 5	Videos - 2	Commercials_cross	3	Commercials_cross.png	10077	186916	0	0	0	0																																																																																																																																																																																																																																																																																																																																																																																																																																																								9.48323	1	0.07498	8285	487	17	178	3.01126	11	108.55	37.67	428.64	123.56	2.58	0.02	14.36	28.4	43	80.38	106.19	70.31	1.33																																																
Recording9	Participant5	20 - 30	Female	High	< 5	Videos - 2	Commercials_cross	4	Commercials_cross.png	10077	227072	0	0	0	0																																																																																																																																																																																																																																																																																																																																																																																																																																																								9.8783	2	0.61957	6523	210	31	218	3.23331	19	266.82	31.27	504.67	195.45	7.31	0.14	15.84	138.83	640	210.58	44.11	37.38	0.63																																																
Recording9	Participant5	20 - 30	Female	High	< 5	Videos - 2	Commercials_instructions	1	Commercials_instructions.png	8025	66912	0	0	0	0					Space																																																																																																																																																																																																																																																																																																																																																																																																																																																			9.82071	3	0.34756	4805	155	31	127	3.34409	21	193.03	62.3	414.39	89.01	4.36	0.67	18.92	91.56	451	158.6	62.3	49.39	0.67																																																
Recording9	Participant5	20 - 30	Female	High	< 5	Videos - 2	Commercials_rate_adobe	1	Commercials_rate_adobe.png	11528	328157	0	0	0	0					2																																																																																																																																																																																																																																																																																																																																																																																																																																																			10.45922	2	0.87735	6532	159	41	80	3.28176	27	164.54	53.37	351.56	77.43	3.07	0.6	8.06	82.76	611	179.51	70.35	56.04	0.9																																																
Recording9	Participant5	20 - 30	Female	High	< 5	Videos - 2	Commercials_rate_aeroline	1	Commercials_rate_aeroline.png	7541	339685	0	0	0	0					3																																																																																																																																																																																																																																																																																																																																																																																																																																																			12.02605	2	0.11864	4340	155	28	152	3.4698	17	230.29	55.24	463.98	107.42	5.33	1.24	16.76	90.6	181	114.31	247.24	167.77	4.83																																																
Recording9	Participant5	20 - 30	Female	High	< 5	Videos - 2	Commercials_rate_hyundai	1	Commercials_rate_hyundai.png	6807	347226	0	0	0	0					3																																																																																																																																																																																																																																																																																																																																																																																																																																																			12.42194	2		4108	179	23	168	3.44008	17	217.3	37.4	460.16	106.59	4.76	0.56	14.2	80.98	436	32.37	218.7	123.29	3.97																																																
Recording9	Participant5	20 - 30	Female	High	< 5	Videos - 2	Commercials_rate_philips	1	Commercials_rate_philips.png	4721	354033	0	0	0	0					4																																																																																																																																																																																																																																																																																																																																																																																																																																																			12.67162	1	0.06713	2413	172	14	195	3.26693	10	200.73	73.68	334.36	74.08	4.01	0.81	7.06	40.09	170	107.21	238.14	143.91	4.45																																																
Recording9	Participant5	20 - 30	Female	High	< 5	Videos - 2	thankyou	1	thankyou.png	4188	358754	0	0	0	0																																																																																																																																																																																																																																																																																																																																																																																																																																																								12.098	0		2622	175	15	127	3.44557	10	181.21	57.12	444.76	102.71	3.74	0.73	12.32	37.37	179	269.67	140.7	99.95	2.43																																																
Recording9	Participant5	20 - 30	Female	High	< 5	Videos - 2	Entire Recording	1	Commercial 1 - Phillips Hero.mp4,Commercial 2 - The chase.mp4,Commercial 3 - The heist.mp4,Commercial 4 - The lady.mp4,Commercials_cross.png,Commercials_instructions.png,Commercials_rate_adobe.png,Commercials_rate_aeroline.png,Commercials_rate_hyundai.png,Commercials_rate_philips.png,thankyou.png	363060	0	0	0	0	0					4																																																																																																																																																																																																																																																																																																																																																																																																																																																			9.75401	54	0.2545	248394	219	1134	278	3.39172	671	182.14	30.01	631.56	132.31	4.31	0.02	26.37	2895.01	572	50.49	58.27	50.93	1.06																																																
Recording10	Participant5	20 - 30	Female	High	< 5	Visual search - 2	search_fearful	1	fear_D.png	9993	217310	0	1	0	0		0			Space							8248												485												67												2175												17												1010												123						Snake	Snake							3.09319												6220												444												70												2175												14												1010												123												2.98624												8795												4398												3023												5772												2												1010												3023												8835												4418												3032												5803												2												1002												3032												0																																				0																														10.85833	1	0.46138	6670	392	17	143	3.0021	12	87.1	31.45	247.37	74.11	1.27	0.25	4.35	15.24	1133	179.21	67.47	53.02	0.88							10												4190												4033												247.37					
Recording10	Participant5	20 - 30	Female	High	< 5	Visual search - 2	search_fearful	2	fear_B.png	10010	273316	0	1	0	0		0			Space										6955												497												60												1753												14												1132												270			Spider											2.993												4668												667												60												1753												7												1132												270												3.00972												7813												2604												622												4203												3												1132												2988												7825												2608												622												4203												3												1120												3000												0																																				0																											9.8832	1	0.19909	5750	359	16	63	2.98904	9	144.32	31.16	369.04	125.24	2.71	0.15	8.49	24.38	235	14.87	369.04	204.78	8.49										3																								4120														
Recording10	Participant5	20 - 30	Female	High	< 5	Visual search - 2	search_fearful	3	fear_F.png	9993	301327	0	1	0	0		0			Space								8809												979												234												2000												9												666												682					Snake	Snake								2.87895												8575												1072												315												2000												8												666												682												2.87648												9328												9328												9328												9328												1												666												9328												9338												9338												9338												9338												1												656												9338												0																																				0																													10.10059	1	0.63908	8759	876	10	110	2.87217	6	97.06	31.37	375.92	137.07	2.15	0.09	10.95	12.91	499	172.06	375.92	218.77	10.95								5																																								
Recording10	Participant5	20 - 30	Female	High	< 5	Visual search - 2	search_fearful	4	fear_E.png	9993	329338	0	1	0	0		0			Space									7913												791												217												1838												10												1433												217				Snake	Snake									3.09453												5357												765												217												1838												7												1433												217												3.07563												8387												4193												217												8170												2												1433												217												8422												4211												243												8178												2												1407												243												0																																				0																												10.00686	1	0.06366	5822	485	12	75	3.08544	8	144.44	33.92	388.42	145.24	2.93	0.41	8.87	23.42	200	185.9	320.54	181.8	7.08									4												1407																								225.48			
Recording10	Participant5	20 - 30	Female	High	< 5	Visual search - 2	search_fearful	5	fear_A.png,fear_name_spider.png	10010	441350	0	1	0	0		0			Space												7205												240												67												782												30												605												67	Spider													3.05927												4900												272												67												782												18												750												67												3.08181												9288												9288												9288												9288												1												605												9288												9308												9308												9308												9308												1												585												9308												0																																				0																									10.06786	1	0.28506	4960	261	19	60	3.08095	11	43.61	32.3	62.24	8.48	0.48	0.15	1.06	5.28	1185	266.57	43.77	43.67	0.46												11																																				
Recording10	Participant5	20 - 30	Female	High	< 5	Visual search - 2	search_fearful	6	fear_C.png	9993	525367	0	1	0	0		0			Space											7305												365												72												1807												20												1004												145		Spider												3.03275												6643												369												72												1807												18												1004												145												3.03441												8387												4193												2702												5685												2												1004												5685												8433												4217												2738												5695												2												994												5695												0																																				0																										10.84983	1	0.15517	7372	307	24	80	3.01615	11	116.29	31.27	338.66	120.24	2.49	0.21	8.92	27.42	259	174.64	219.63	142.41	4.83											8																																					
Recording10	Participant5	20 - 30	Female	High	< 5	Visual search - 2	search_nonfearful	1	fear_I.png	9993	245321	0	0	0	1				0	Space	7934												418												67												1275												19												247												87												Fruit	Fruit	3.0696												7698												453												67												1275												17												247												87												3.07686												8406												4203												505												7901												2												247												505												8429												4215												517												7913												2												236												517												0																																				0																																				10.3452	1	0.1124	8410	400	21	87	3.1014	14	81.6	30.81	386.95	93.29	1.69	0.36	11.41	23.68	334	131.57	121.48	73.59	2.21	12																								752																							
Recording10	Participant5	20 - 30	Female	High	< 5	Visual search - 2	search_nonfearful	2	fear_K.png	10010	357333	0	0	0	1				0	Space						6669												513												9												1187												13												1741												105							Mushroom	Mushroom						2.94415												4530												566												105												1187												8												1741												105												2.96863												7531												3765												1263												6268												2												1741												1263												7534												3767												1267												6268												2												1737												1267												0																																				0																															9.78463	1		5910	369	16	177	3.00518	10	180.5	32.42	494.37	148.45	4.09	0.18	15.97	40.88	461	157.11	107.7	72.46	1.4						4																								3004																		
Recording10	Participant5	20 - 30	Female	High	< 5	Visual search - 2	search_nonfearful	3	fear_J.png	9993	385344	0	0	0	1				0	Space				7842												436												63												1500												18												1013												1048									Mushroom	Mushroom				2.90468												7493												468												75												1500												16												1013												1048												2.90732												8685												4342												2303												6382												2												1013												2303												8752												4376												2312												6440												2												1005												2312												0																																				0																																	9.44076	0		8132	387	21	85	2.90576	16	132.51	31.34	425.41	126.3	2.67	0.37	10.36	42.74	320	175.27	116.34	81.63	2.52				11												3553																								425.41								
Recording10	Participant5	20 - 30	Female	High	< 5	Visual search - 2	search_nonfearful	4	fear_H.png	9993	413356	0	0	0	1				0	Space		7196												600												106												1953												12												631												125											Fruit	Fruit		3.22027												6012												668												125												1953												9												631												125												3.26216												8762												2921												1190												4950												3												631												1190												8824												2941												1200												4990												3												621												1200												0																																				0																																			9.79021	1	0.59117	6602	550	12	212	3.26752	9	158.54	52.6	337.38	128.51	3.41	0.55	8.1	30.69	222	184.21	316.02	191.54	7.39		6												2126												1821												326.26										
Recording10	Participant5	20 - 30	Female	High	< 5	Visual search - 2	search_nonfearful	5	fear_G.png	9993	469361	0	0	0	1				0	Space			7208												343												65												1455												21												562												110										Fruit	Fruit			3.09323												5108												300												65												1455												17												562												110												3.11067												8144												4072												1259												6885												2												562												6885												8161												4080												1262												6898												2												549												6898												0																																				0																																		10.66876	1		5353	282	19	105	3.10835	10	51.23	30.54	103.54	21.46	0.75	0.13	1.38	7.54	672	113.6	103.54	71.55	1.38			10																																													
Recording10	Participant5	20 - 30	Female	High	< 5	Visual search - 2	search_nonfearful	6	fear_L.png	10010	497356	0	0	0	1				0	Space					7633												273												62												797												28												542												93								Mushroom	Mushroom					2.77745												4120												229												62												598												18												542												93												2.72878												9183												3061												1025												4585												3												542												1025												9207												3069												1030												4597												3												537												1030												0																																				0																																10.62635	1	0.35627	4350	218	20	170	2.73116	9	47.65	30.16	68.39	15.39	0.39	0.13	0.63	3.49	815	30.91	40.19	37.44	0.63					7												6430												6355												64.72							
Recording10	Participant5	20 - 30	Female	High	< 5	Visual search - 2	fear_A	1	fear_A.png	10010	441350	1	0	0	0	10010				Space												7205												240												67												782												30												605												67	Spider													3.05927												4900												272												67												782												18												750												67												3.08181												9288												9288												9288												9288												1												605												9288												9308												9308												9308												9308												1												585												9308												0																																				0																									10.06786	1	0.28506	4960	261	19	60	3.08095	11	43.61	32.3	62.24	8.48	0.48	0.15	1.06	5.28	1185	266.57	43.77	43.67	0.46												11																																				
Recording10	Participant5	20 - 30	Female	High	< 5	Visual search - 2	fear_B	1	fear_B.png	10010	273316	1	1	0	0	10010	0			Space										6955												497												60												1753												14												1132												270			Spider											2.993												4668												667												60												1753												7												1132												270												3.00972												7813												2604												622												4203												3												1132												2988												7825												2608												622												4203												3												1120												3000												0																																				0																											9.8832	1	0.19909	5750	359	16	63	2.98904	9	144.32	31.16	369.04	125.24	2.71	0.15	8.49	24.38	235	14.87	369.04	204.78	8.49										3																								4120														
Recording10	Participant5	20 - 30	Female	High	< 5	Visual search - 2	fear_C	1	fear_C.png	9993	525367	1	1	0	0	9993	0			Space											7305												365												72												1807												20												1004												145		Spider												3.03275												6643												369												72												1807												18												1004												145												3.03441												8387												4193												2702												5685												2												1004												5685												8433												4217												2738												5695												2												994												5695												0																																				0																										10.84983	1	0.15517	7372	307	24	80	3.01615	11	116.29	31.27	338.66	120.24	2.49	0.21	8.92	27.42	259	174.64	219.63	142.41	4.83											8																																					
Recording10	Participant5	20 - 30	Female	High	< 5	Visual search - 2	fear_cat_fruit	1	fear_cat_fruit.png	9993	65308	0	0	0	0																																																																																																																																																																																																																																																																																																																																																																																																																																																								9.83697	1	0.1317	7688	320	24	230	3.0356	23	125.86	59.17	258.44	57.65	2.39	0.64	5.89	55.05	316	178.53	59.17	47.44	0.64																																																
Recording10	Participant5	20 - 30	Female	High	< 5	Visual search - 2	fear_cat_mushroom	1	fear_cat_mushroom.png	10010	101311	0	0	0	0																																																																																																																																																																																																																																																																																																																																																																																																																																																								9.53012	0		8367	364	23	178	2.85722	21	116.77	40.55	282.91	68.88	1.87	0.57	5.7	39.34	289	103.67	81.79	58.59	1.23																																																
Recording10	Participant5	20 - 30	Female	High	< 5	Visual search - 2	fear_cat_snake	1	fear_cat_snake.png	10010	119312	0	0	0	0																																																																																																																																																																																																																																																																																																																																																																																																																																																								9.55731	0		8105	312	26	70	2.66292	23	133.11	38.53	339.4	63.54	2.74	0.17	11.45	62.92	298	176.46	151.43	93.68	2.74																																																
Recording10	Participant5	20 - 30	Female	High	< 5	Visual search - 2	fear_cat_spider	1	fear_cat_spider.png	9993	83309	0	0	0	0																																																																																																																																																																																																																																																																																																																																																																																																																																																								9.9858	1	0.86873	7748	337	23	218	2.89854	20	116.34	38.87	216.83	47.58	2.12	0.64	4.74	42.45	317	68.19	115.22	75.56	2.32																																																
Recording10	Participant5	20 - 30	Female	High	< 5	Visual search - 2	fear_cross	1	fear_cross.png	8008	57300	0	0	0	0					Space																																																																																																																																																																																																																																																																																																																																																																																																																																																			10.38066	0		5242	1747	3	1323	3.29147	2	71.23	40.44	102.02	43.54	1.17	0.6	1.73	2.34	177	302.69	102.02	76.86	1.73																																																
Recording10	Participant5	20 - 30	Female	High	< 5	Visual search - 2	fear_cross	2	fear_cross.png	8008	75301	0	0	0	0																																																																																																																																																																																																																																																																																																																																																																																																																																																								9.73228	1	0.10116	5492	1373	4	1850	2.84221	2	36.3	36.11	36.49	0.27	0.25	0.23	0.28	0.51	2053	271.51	36.11	35.98	0.28																																																
Recording10	Participant5	20 - 30	Female	High	< 5	Visual search - 2	fear_cross	3	fear_cross.png	8008	93303	0	0	0	0																																																																																																																																																																																																																																																																																																																																																																																																																																																								9.65622	0		6065	1516	4	177	2.83957	3	122.14	36.61	261.65	121.84	2.35	0.13	6.17	7.04	37	61.96	68.16	52.07	0.73																																																
Recording10	Participant5	20 - 30	Female	High	< 5	Visual search - 2	fear_cross	4	fear_cross.png	7991	111321	0	0	0	0																																																																																																																																																																																																																																																																																																																																																																																																																																																								9.48319	1	0.3884	5030	1677	3	250	2.68286	2	46.36	33.22	59.51	18.59	0.59	0.22	0.96	1.18	352	286.77	59.51	47.91	0.96																																																
Recording10	Participant5	20 - 30	Female	High	< 5	Visual search - 2	fear_cross	5	fear_cross.png	7991	199308	0	0	0	0																																																																																																																																																																																																																																																																																																																																																																																																																																																								11.1597	1	0.23582	3937	984	4	1305	3.24324	4	56.37	40.56	80.6	17.1	0.71	0.09	1.75	2.84	208	284.25	80.6	61.31	1.75																																																
Recording10	Participant5	20 - 30	Female	High	< 5	Visual search - 2	fear_cross	6	fear_cross.png	8008	227303	0	0	0	0																																																																																																																																																																																																																																																																																																																																																																																																																																																								10.79595	2	0.89152	4787	342	14	77	3.14839	6	180.67	47.31	485.41	176.81	5.48	0.52	14.84	32.88	3845	243.74	58.7	48.32	1.05																																																
Recording10	Participant5	20 - 30	Female	High	< 5	Visual search - 2	fear_cross	7	fear_cross.png	8008	255314	0	0	0	0																																																																																																																																																																																																																																																																																																																																																																																																																																																								10.4023	1	0.84309	5927	593	10	255	2.8233	5	125.5	32.25	480.4	198.43	3.19	0.13	14.51	15.93	26	267.6	42.17	38.69	0.24																																																
Recording10	Participant5	20 - 30	Female	High	< 5	Visual search - 2	fear_cross	8	fear_cross.png	7991	283326	0	0	0	0																																																																																																																																																																																																																																																																																																																																																																																																																																																								9.82075	2	0.05694	4805	343	14	228	3.05134	8	207.87	35.36	451.69	178.98	6.59	0.11	16.85	52.76	300	39.96	277.51	143.99	7.32																																																
Recording10	Participant5	20 - 30	Female	High	< 5	Visual search - 2	fear_cross	9	fear_cross.png	8008	311320	0	0	0	0																																																																																																																																																																																																																																																																																																																																																																																																																																																								10.06198	1	0.44052	3798	292	13	148	3.04286	5	209.21	38.75	497.01	218.96	6.13	0.27	15.4	30.66	684	304.36	69.68	54.17	0.84																																																
Recording10	Participant5	20 - 30	Female	High	< 5	Visual search - 2	fear_cross	10	fear_cross.png	8008	339332	0	0	0	0																																																																																																																																																																																																																																																																																																																																																																																																																																																								9.87516	0		4983	262	19	97	2.75015	11	92.11	44.2	198.69	51.78	1.54	0.38	4.44	16.97	238	133.64	198.69	113.24	4.44																																																
Recording10	Participant5	20 - 30	Female	High	< 5	Visual search - 2	fear_cross	11	fear_cross.png	7991	367343	0	0	0	0																																																																																																																																																																																																																																																																																																																																																																																																																																																								9.59138	0		5787	526	11	113	2.82694	6	66.82	30.29	110.6	35.7	1.02	0.12	2.25	6.1	478	109.17	69.53	53.13	1.06																																																
Recording10	Participant5	20 - 30	Female	High	< 5	Visual search - 2	fear_cross	12	fear_cross.png	8008	395338	0	0	0	0																																																																																																																																																																																																																																																																																																																																																																																																																																																								9.37662	1	0.35236	3217	322	10	88	3.01953	6	47.45	35.19	64.73	11.1	0.63	0.05	1.1	3.81	265	209.2	64.73	47.94	1.1																																																
Recording10	Participant5	20 - 30	Female	High	< 5	Visual search - 2	fear_cross	13	fear_cross.png	8008	423349	0	0	0	0																																																																																																																																																																																																																																																																																																																																																																																																																																																								9.62208	0		4125	375	11	123	2.90883	6	75.88	30.13	123.13	35.4	1.11	0.34	2.07	6.67	321	93.66	56.48	41.09	1.18																																																
Recording10	Participant5	20 - 30	Female	High	< 5	Visual search - 2	fear_cross	14	fear_cross.png	7991	451360	0	0	0	0																																																																																																																																																																																																																																																																																																																																																																																																																																																								9.89289	2	0.09874	4173	321	13	103	3.02118	6	49.63	30.3	94.13	24.03	0.73	0.24	1.58	4.37	1550	90.02	31.17	31.17	0.55																																																
Recording10	Participant5	20 - 30	Female	High	< 5	Visual search - 2	fear_cross	15	fear_cross.png	8008	479355	0	0	0	0																																																																																																																																																																																																																																																																																																																																																																																																																																																								10.69092	1	1.13544	2932	244	12	120	3.05895	5	40.49	31.57	50.69	8.63	0.65	0.42	0.83	3.24	1166	285.11	46.15	38.15	0.52																																																
Recording10	Participant5	20 - 30	Female	High	< 5	Visual search - 2	fear_cross	16	fear_cross.png	8008	507366	0	0	0	0																																																																																																																																																																																																																																																																																																																																																																																																																																																								10.79218	2	0.43632	3998	363	11	183	2.99853	6	57.41	39.32	87.38	16.89	0.78	0.05	1.5	4.67	3103	81.37	87.38	63.36	1.5																																																
Recording10	Participant5	20 - 30	Female	High	< 5	Visual search - 2	fear_D	1	fear_D.png	9993	217310	1	1	0	0	9993	0			Space							8248												485												67												2175												17												1010												123						Snake	Snake							3.09319												6220												444												70												2175												14												1010												123												2.98624												8795												4398												3023												5772												2												1010												3023												8835												4418												3032												5803												2												1002												3032												0																																				0																														10.85833	1	0.46138	6670	392	17	143	3.0021	12	87.1	31.45	247.37	74.11	1.27	0.25	4.35	15.24	1133	179.21	67.47	53.02	0.88							10												4190												4033												247.37					
Recording10	Participant5	20 - 30	Female	High	< 5	Visual search - 2	fear_E	1	fear_E.png	9993	329338	1	1	0	0	9993	0			Space									7913												791												217												1838												10												1433												217				Snake	Snake									3.09453												5357												765												217												1838												7												1433												217												3.07563												8387												4193												217												8170												2												1433												217												8422												4211												243												8178												2												1407												243												0																																				0																												10.00686	1	0.06366	5822	485	12	75	3.08544	8	144.44	33.92	388.42	145.24	2.93	0.41	8.87	23.42	200	185.9	320.54	181.8	7.08									4												1407																								225.48			
Recording10	Participant5	20 - 30	Female	High	< 5	Visual search - 2	fear_F	1	fear_F.png	9993	301327	1	1	0	0	9993	0			Space								8809												979												234												2000												9												666												682					Snake	Snake								2.87895												8575												1072												315												2000												8												666												682												2.87648												9328												9328												9328												9328												1												666												9328												9338												9338												9338												9338												1												656												9338												0																																				0																													10.10059	1	0.63908	8759	876	10	110	2.87217	6	97.06	31.37	375.92	137.07	2.15	0.09	10.95	12.91	499	172.06	375.92	218.77	10.95								5																																								
Recording10	Participant5	20 - 30	Female	High	< 5	Visual search - 2	fear_G	1	fear_G.png	9993	469361	0	0	1	1			9993	0	Space			7208												343												65												1455												21												562												110										Fruit	Fruit			3.09323												5108												300												65												1455												17												562												110												3.11067												8144												4072												1259												6885												2												562												6885												8161												4080												1262												6898												2												549												6898												0																																				0																																		10.66876	1		5353	282	19	105	3.10835	10	51.23	30.54	103.54	21.46	0.75	0.13	1.38	7.54	672	113.6	103.54	71.55	1.38			10																																													
Recording10	Participant5	20 - 30	Female	High	< 5	Visual search - 2	fear_H	1	fear_H.png	9993	413356	0	0	1	1			9993	0	Space		7196												600												106												1953												12												631												125											Fruit	Fruit		3.22027												6012												668												125												1953												9												631												125												3.26216												8762												2921												1190												4950												3												631												1190												8824												2941												1200												4990												3												621												1200												0																																				0																																			9.79021	1	0.59117	6602	550	12	212	3.26752	9	158.54	52.6	337.38	128.51	3.41	0.55	8.1	30.69	222	184.21	316.02	191.54	7.39		6												2126												1821												326.26										
Recording10	Participant5	20 - 30	Female	High	< 5	Visual search - 2	fear_I	1	fear_I.png	9993	245321	0	0	1	1			9993	0	Space	7934												418												67												1275												19												247												87												Fruit	Fruit	3.0696												7698												453												67												1275												17												247												87												3.07686												8406												4203												505												7901												2												247												505												8429												4215												517												7913												2												236												517												0																																				0																																				10.3452	1	0.1124	8410	400	21	87	3.1014	14	81.6	30.81	386.95	93.29	1.69	0.36	11.41	23.68	334	131.57	121.48	73.59	2.21	12																								752																							
Recording10	Participant5	20 - 30	Female	High	< 5	Visual search - 2	fear_instructions_ready	1	fear_instructions_ready.png	2085	197223	0	0	0	0					Space																																																																																																																																																																																																																																																																																																																																																																																																																																																			10.82294	0	0.23582	1140	163	7	215	3.29571	6	145.82	40.11	225.15	68.2	2.8	1.04	4.29	16.78	691	10.56	188.55	110.71	3.88																																																
Recording10	Participant5	20 - 30	Female	High	< 5	Visual search - 2	fear_instructions_summary	1	fear_instructions_summary.png	40607	156616	0	0	0	0					Space																																																																																																																																																																																																																																																																																																																																																																																																																																																			10.78408	5		24932	181	138	78	3.24121	84	228.89	32.29	475.49	109.98	5.7	0.3	18.89	479.05	360	173.07	437.86	292.21	17.14																																																
Recording10	Participant5	20 - 30	Female	High	< 5	Visual search - 2	fear_intructions_1	1	fear_intructions_1.png	12897	44403	0	0	0	0					Space																																																																																																																																																																																																																																																																																																																																																																																																																																																			10.22287	3	1.11641	7548	157	48	170	3.12561	35	169.86	70.08	307.98	65.42	3.39	1.24	9.26	118.68	259	158.25	291.21	181.11	9.26																																																
Recording10	Participant5	20 - 30	Female	High	< 5	Visual search - 2	fear_intructions_2	1	fear_intructions_2.png	11445	129322	0	0	0	0					Space																																																																																																																																																																																																																																																																																																																																																																																																																																																			9.84998	3	0.1903	6683	155	43	63	3.09922	25	170.33	32.55	418.47	94.97	3.64	0.2	12.27	91	221	256.63	65.02	50.3	1.36																																																
Recording10	Participant5	20 - 30	Female	High	< 5	Visual search - 2	fear_intructions_3	1	fear_intructions_3.png	15849	140767	0	0	0	0					Space																																																																																																																																																																																																																																																																																																																																																																																																																																																			10.82278	3	0.40942	10398	155	67	107	3.11733	44	162.45	30.39	403.28	72.3	3.25	0.7	11.72	143.11	193	150.86	337.6	194.29	9.44																																																
Recording10	Participant5	20 - 30	Female	High	< 5	Visual search - 2	fear_J	1	fear_J.png	9993	385344	0	0	1	1			9993	0	Space				7842												436												63												1500												18												1013												1048									Mushroom	Mushroom				2.90468												7493												468												75												1500												16												1013												1048												2.90732												8685												4342												2303												6382												2												1013												2303												8752												4376												2312												6440												2												1005												2312												0																																				0																																	9.44076	0		8132	387	21	85	2.90576	16	132.51	31.34	425.41	126.3	2.67	0.37	10.36	42.74	320	175.27	116.34	81.63	2.52				11												3553																								425.41								
Recording10	Participant5	20 - 30	Female	High	< 5	Visual search - 2	fear_K	1	fear_K.png	10010	357333	0	0	1	1			10010	0	Space						6669												513												9												1187												13												1741												105							Mushroom	Mushroom						2.94415												4530												566												105												1187												8												1741												105												2.96863												7531												3765												1263												6268												2												1741												1263												7534												3767												1267												6268												2												1737												1267												0																																				0																															9.78463	1		5910	369	16	177	3.00518	10	180.5	32.42	494.37	148.45	4.09	0.18	15.97	40.88	461	157.11	107.7	72.46	1.4						4																								3004																		
Recording10	Participant5	20 - 30	Female	High	< 5	Visual search - 2	fear_L	1	fear_L.png	10010	497356	0	0	1	1			10010	0	Space					7633												273												62												797												28												542												93								Mushroom	Mushroom					2.77745												4120												229												62												598												18												542												93												2.72878												9183												3061												1025												4585												3												542												1025												9207												3069												1030												4597												3												537												1030												0																																				0																																10.62635	1	0.35627	4350	218	20	170	2.73116	9	47.65	30.16	68.39	15.39	0.39	0.13	0.63	3.49	815	30.91	40.19	37.44	0.63					7												6430												6355												64.72							
Recording10	Participant5	20 - 30	Female	High	< 5	Visual search - 2	fear_name_fruit	1	fear_name_fruit.png	10010	235311	0	0	0	0																																																																																																																																																																																																																																																																																																																																																																																																																																																								10.65429	2	0.3135	6738	306	22	473	3.17912	16	123.53	39.62	308.22	82.15	2.83	0.39	14.3	45.28	252	45.66	57.51	47.09	0.85																																																
Recording10	Participant5	20 - 30	Female	High	< 5	Visual search - 2	fear_name_fruit	2	fear_name_fruit.png	10010	403346	0	0	0	0																																																																																																																																																																																																																																																																																																																																																																																																																																																								9.70142	1		6832	285	24	512	3.14677	16	74.29	36.88	212.64	42.93	1.18	0.55	4.69	18.95	1202	297.83	69.14	57.44	1																																																
Recording10	Participant5	20 - 30	Female	High	< 5	Visual search - 2	fear_name_fruit	3	fear_name_fruit.png	10010	459352	0	0	0	0																																																																																																																																																																																																																																																																																																																																																																																																																																																								10.01048	2	0.03253	5570	293	19	243	3.1131	11	74.26	33.55	133.95	33.47	1.03	0.46	1.91	11.28	335	341.46	50.76	42.54	0.46																																																
Recording10	Participant5	20 - 30	Female	High	< 5	Visual search - 2	fear_name_mushroom	1	fear_name_mushroom.png	9993	347340	0	0	0	0																																																																																																																																																																																																																																																																																																																																																																																																																																																								9.80658	1	0.03675	6660	278	24	140	2.77154	17	126.39	39.74	389.83	100.84	2.69	0.2	11.76	45.81	482	31.95	106.27	69.53	1.68																																																
Recording10	Participant5	20 - 30	Female	High	< 5	Visual search - 2	fear_name_mushroom	2	fear_name_mushroom.png	10010	375334	0	0	0	0																																																																																																																																																																																																																																																																																																																																																																																																																																																								9.5076	2	0.06074	6485	216	30	192	2.81544	18	135.23	30.87	503.12	122.28	2.77	0.32	14.78	49.79	216	194.2	71.08	53.05	1.11																																																
Recording10	Participant5	20 - 30	Female	High	< 5	Visual search - 2	fear_name_mushroom	3	fear_name_mushroom.png	9993	487363	0	0	0	0																																																																																																																																																																																																																																																																																																																																																																																																																																																								10.70247	1	0.22025	6040	263	23	170	2.99748	18	95.78	34.86	177.68	46.5	1.51	0.4	3.68	27.1	6	133.87	163.45	102.17	3.68																																																
Recording10	Participant5	20 - 30	Female	High	< 5	Visual search - 2	fear_name_snake	1	fear_name_snake.png	10010	207300	0	0	0	0																																																																																																																																																																																																																																																																																																																																																																																																																																																								11.04857	2	0.89901	7015	305	23	192	3.14416	21	99.37	43.06	234.62	59.7	1.55	0.25	4.81	32.6	1001	53.28	63.96	48.49	0.43																																																
Recording10	Participant5	20 - 30	Female	High	< 5	Visual search - 2	fear_name_snake	2	fear_name_snake.png	10010	291317	0	0	0	0																																																																																																																																																																																																																																																																																																																																																																																																																																																								9.94554	0		6808	252	27	470	2.85041	21	74.57	30.8	159.11	29.26	1.12	0.24	2.38	23.44	247	68.38	71.15	54.26	0.7																																																
Recording10	Participant5	20 - 30	Female	High	< 5	Visual search - 2	fear_name_snake	3	fear_name_snake.png	10010	319328	0	0	0	0																																																																																																																																																																																																																																																																																																																																																																																																																																																								10.1039	1	0.44427	5942	313	19	417	3.0468	12	79.78	42.83	115.83	24.26	1.22	0.45	2.25	14.69	675	32.72	68.2	46.5	0.46																																																
Recording10	Participant5	20 - 30	Female	High	< 5	Visual search - 2	fear_name_spider	1	fear_name_spider.png	9993	263322	0	0	0	0																																																																																																																																																																																																																																																																																																																																																																																																																																																								9.95957	0		6040	275	22	303	2.9371	13	70.76	32.41	134.47	33.01	1.06	0.55	2.02	13.76	1238	195.24	57.12	51.63	0.55																																																
Recording10	Participant5	20 - 30	Female	High	< 5	Visual search - 2	fear_name_spider	2	fear_name_spider.png	9993	431357	0	1	0	0		9993																																																																																																																																																																																																																																																																																																																																																																																																																																																						9.9636	1	0.73596	4208	263	16	282	3.05886	10	47.06	30.46	70.05	15.16	0.66	0.29	1.11	6.57	303	240.85	30.46	30.33	0.69																																																
Recording10	Participant5	20 - 30	Female	High	< 5	Visual search - 2	fear_name_spider	3	fear_name_spider.png	9993	515374	0	0	0	0																																																																																																																																																																																																																																																																																																																																																																																																																																																								11.16147	1	1.42033	3679	245	15	225	3.13521	7	113.69	40.09	214.37	64.57	2.25	0.41	4.58	15.75	789	53.78	120.73	77	2.77																																																
Recording10	Participant5	20 - 30	Female	High	< 5	Visual search - 2	fear_question_snakes	1	fear_question_snakes.png	5606	535361	0	0	0	0					1																																																																																																																																																																																																																																																																																																																																																																																																																																																			10.76866	1	0.81992	1875	125	15	155	2.92627	7	128.01	47.92	344.55	101.77	2.3	0.22	7.76	16.13	253	184.8	344.55	190.33	7.76																																																
Recording10	Participant5	20 - 30	Female	High	< 5	Visual search - 2	fear_question_spider	1	fear_question_spider.png	2102	540966	0	0	0	0					1																																																																																																																																																																																																																																																																																																																																																																																																																																																			11.34819	0		437	146	3	138	3.40866	1	246.87	246.87	246.87		4.26	4.26	4.26	4.26	357	16.1	246.87	143.06	4.26																																																
Recording10	Participant5	20 - 30	Female	High	< 5	Visual search - 2	thankyou	1	thankyou.png	3787	543068	0	0	0	0																																																																																																																																																																																																																																																																																																																																																																																																																																																								11.69822	0		1197	239	5	185	3.58935	2	135.02	98.19	171.86	52.09	2.19	1.8	2.57	4.37	192	242.04	98.19	82.38	1.8																																																
Recording10	Participant5	20 - 30	Female	High	< 5	Visual search - 2	Entire Recording	1	fear_A.png,fear_B.png,fear_C.png,fear_cat_fruit.png,fear_cat_mushroom.png,fear_cat_snake.png,fear_cat_spider.png,fear_cross.png,fear_D.png,fear_E.png,fear_F.png,fear_G.png,fear_H.png,fear_I.png,fear_instructions_ready.png,fear_instructions_summary.png,fear_intructions_1.png,fear_intructions_2.png,fear_intructions_3.png,fear_J.png,fear_K.png,fear_L.png,fear_name_fruit.png,fear_name_mushroom.png,fear_name_snake.png,fear_name_spider.png,fear_question_snakes.png,fear_question_spider.png,thankyou.png	546981	0	6	6	6	6	227303	217310	255314	245321	1	7934	7196	7208	7842	7633	6669	8248	8809	7913	6955	7305	7205	418	600	343	436	273	513	485	979	791	497	365	240	67	106	65	63	62	9	67	234	217	60	72	67	1275	1953	1455	1500	797	1187	2175	2000	1838	1753	1807	782	19	12	21	18	28	13	17	9	10	14	20	30	245568	413986	469924	386358	497898	359074	218320	301993	330772	274447	526372	441955	87	125	110	1048	93	105	123	682	217	270	145	67	Spider		3.0696	3.22027	3.09323	2.90468	2.77745	2.94415	3.09319	2.87895	3.09453	2.993	3.03275	3.05927	7698	6012	5108	7493	4120	4530	6220	8575	5357	4668	6643	4900	453	668	300	468	229	566	444	1072	765	667	369	272	67	125	65	75	62	105	70	315	217	60	72	67	1275	1953	1455	1500	598	1187	2175	2000	1838	1753	1807	782	17	9	17	16	18	8	14	8	7	7	18	18	245568	413986	469924	386358	497898	359074	218320	301993	330772	274447	526372	442100	87	125	110	1048	93	105	123	682	217	270	145	67	3.07686	3.26216	3.11067	2.90732	2.72878	2.96863	2.98624	2.87648	3.07563	3.00972	3.03441	3.08181	8406	8762	8144	8685	9183	7531	8795	9328	8387	7813	8387	9288	4203	2921	4072	4342	3061	3765	4398	9328	4193	2604	4193	9288	505	1190	1259	2303	1025	1263	3023	9328	217	622	2702	9288	7901	4950	6885	6382	4585	6268	5772	9328	8170	4203	5685	9288	2	3	2	2	3	2	2	1	2	3	2	1	245568	413986	469924	386358	497898	359074	218320	301993	330772	274447	526372	441955	505	1190	6885	2303	1025	1263	3023	9328	217	2988	5685	9288	8429	8824	8161	8752	9207	7534	8835	9338	8422	7825	8433	9308	4215	2941	4080	4376	3069	3767	4418	9338	4211	2608	4217	9308	517	1200	1262	2312	1030	1267	3032	9338	243	622	2738	9308	7913	4990	6898	6440	4597	6268	5803	9338	8178	4203	5695	9308	2	3	2	2	3	2	2	1	2	3	2	1	245557	413976	469911	386349	497893	359070	218311	301983	330745	274436	526362	441935	517	1200	6898	2312	1030	1267	3032	9338	243	3000	5695	9308	0	0	0	0	0	0	0	0	0	0	0	0																									0	0	0	0	0	0	0	0	0	0	0	0																									10.19107	60		351851	300	1174	180	3.0289	735	130.09	30.13	503.12	98.46	2.7	0.05	18.89	1981.5	337	338.36	210.98	144.24	3.85	12	6	10	11	7	4	10	5	4	3	8	11		415481		388898	503786		221500		330745				246073	415176			503711	360337	221343			277436				326.26		425.41	64.72		247.37		225.48			
Recording11	Participant6	30 - 40	Female	Low	< 5	Visual search - 3	search_fearful	1	fear_F.png	10010	247749	0	1	0	0		0			Space								7917												1131												175												3587												7												1573												175					Snake	Snake								3.32001												2465												1233												175												2290												2												1573												175												3.21498												8437												8437												8437												8437												1												1573												8437												8476												8476												8476												8476												1												1534												8476												0																																				0																													3.99797	0		2998	500	6	60	3.20007	3	114.07	52.71	234.38	104.2	2	0.08	5.21	6.01	1534	87.55	234.38	134.4	5.21								2												1534																								234.38				
Recording11	Participant6	30 - 40	Female	Low	< 5	Visual search - 3	search_fearful	2	fear_C.png	10010	303755	0	1	0	0		0			Space											7669												767												98												2853												10												1871												157		Spider	Spider											3.00757												2062												344												98												900												6												1871												157												2.99126												8139												8139												8139												8139												1												1871												8139												8152												8152												8152												8152												1												1858												8152												0																																				0																										3.29945	0		2685	244	11	173	2.99972	4	62.48	33.17	129.93	45.3	0.55	0.09	1.85	2.19	1125	249.84	129.93	89.05	1.85											3																																					
Recording11	Participant6	30 - 40	Female	Low	< 5	Visual search - 3	search_fearful	3	fear_D.png	9993	331766	0	1	0	0		0			Space							2550												283												78												573												9												600												78						Snake								2.96555												2315												289												78												573												8												600												78												2.96784												2655												664												78												1293												4												600												78												2695												674												107												1298												4												572												107												0																																				0																														2.79129	0		4520	167	27	182	3.0683	7	78.02	31.72	281.57	90.52	1.51	0.04	8	10.6	180	355.47	281.57	178.79	8							3																																									
Recording11	Participant6	30 - 40	Female	Low	< 5	Visual search - 3	search_fearful	4	fear_E.png	9993	415784	0	1	0	0		0			Space									8399												646												110												1780												13												888												142				Snake	Snake									2.91188												7215												802												243												1780												9												1044												293												2.92558												9106												9106												9106												9106												1												888												9106												9111												9111												9111												9111												1												883												9111												0																																				0																												2.66752	0		7742	645	12	268	2.92173	8	125.84	61.97	282.14	84.02	2.37	0.18	7.57	18.99	211	84.17	230.68	140.64	5.25									5																																							
Recording11	Participant6	30 - 40	Female	Low	< 5	Visual search - 3	search_fearful	5	fear_A.png	10010	471790	0	1	0	0		0			Space												5409												300												5												893												18												3291												415	Spider	Spider												3.15162												3933												328												75												893												12												3291												415												3.13543												6239												3119												1455												4783												2												3291												4783												6270												3135												1460												4810												2												3265												4810												0																																				0																									1.93162	0		5538	291	19	87	3.1574	9	60.8	33.33	104.55	22.56	0.45	0.07	0.86	4.07	836	104.51	104.55	59.3	0.86												4												8550																								73.35
Recording11	Participant6	30 - 40	Female	Low	< 5	Visual search - 3	search_fearful	6	fear_B.png	9993	499801	0	1	0	0		0			Space										7950												1136												143												2632												7												927												157			Spider	Spider										3.01308												2812												937												143												2413												3												1485												143												2.93099												8665												4332												157												8508												2												927												157												8753												4376												195												8558												2												889												195												0																																				0																											1.63242	0		3398	566	6	162	2.94341	2	244.62	201.34	287.89	61.2	7.09	5.27	8.91	14.18	889	271.29	201.34	126.36	5.27										0												889																								201.34		
Recording11	Participant6	30 - 40	Female	Low	< 5	Visual search - 3	search_nonfearful	1	fear_G.png	9993	219754	0	0	0	1				0	Space			1617												231												63												478												7												580												405										Fruit				3.09069												702												175												63												405												4												580												405												3.08905												1752												584												228												1040												3												580												483												1757												586												228												1040												3												575												488												0																																				0																																		4.17781	1	0.2009	1733	133	13	213	3.11347	3	61.78	39.24	83.27	22.03	0.34	0.25	0.4	1.03	985	282.6	62.84	48.37	0.4			2																																													
Recording11	Participant6	30 - 40	Female	Low	< 5	Visual search - 3	search_nonfearful	2	fear_L.png	9993	275760	0	0	0	1				0	Space					307												153												82												225												2												7519												225								Mushroom						3.05095												0																																																0																																																508												508												508												508												1												7519												508												508												508												508												508												1												7519												508												0																																				0																																3.82754	0		855	122	7	130	3.24849	3	177.86	34.43	416.88	208.37	4.84	0.12	12.72	14.53	314	354.15	416.88	242.82	12.72					0																																											
Recording11	Participant6	30 - 40	Female	Low	< 5	Visual search - 3	search_nonfearful	3	fear_H.png	9993	359778	0	0	0	1				0	Space		7437												930												288												2603												8												661												288											Fruit	Fruit		3.07673												2748												687												395												927												4												2453												395												3.139												7829												3914												288												7540												2												661												288												7834												3917												288												7545												2												661												288												0																																				0																																			3.33674	0		2928	488	6	100	3.14154	4	109.19	43.04	259.49	101.01	2.05	0.52	6.11	8.22	1311	91.83	259.49	143.34	6.11		3																																														
Recording11	Participant6	30 - 40	Female	Low	< 5	Visual search - 3	search_nonfearful	4	fear_K.png	10010	387772	0	0	0	1				0	Space						7671												1279												107												4488												6												1754												107							Mushroom	Mushroom						3.07921												1460												487												200												1022												3												2207												238												3.1529												7910												3955												107												7803												2												1754												107												7913												3956												107												7806												2												1754												107												0																																				0																															2.79038	0		2800	280	10	72	3.10421	6	132.04	60.02	213.53	65.05	2.15	0.24	5.03	12.88	230	87.85	169.66	109.74	3.66						2																																										
Recording11	Participant6	30 - 40	Female	Low	< 5	Visual search - 3	search_nonfearful	5	fear_J.png	10010	443779	0	0	0	1				0	Space				8583												1226												115												3520												7												222												120									Mushroom	Mushroom				2.87837												5607												1402												120												3520												4												222												120												2.92648												8898												4449												513												8385												2												222												513												8951												4476												563												8388												2												172												563												0																																				0																																	2.31108	0		5830	972	6	120	2.93207	3	58.36	32.74	93.53	31.5	0.68	0.27	1.48	2.04	342	8.06	93.53	60.76	1.48				3																																												
Recording11	Participant6	30 - 40	Female	Low	< 5	Visual search - 3	search_nonfearful	6	fear_I.png	10010	527796	0	0	0	1				0	Space	7727												483												77												2360												16												280												148												Fruit	Fruit	3.05335												4137												689												148												2360												6												280												148												2.99478												8959												4479												325												8634												2												280												325												9000												4500												367												8634												2												238												367												0																																				0																																				1.49636	0		4575	508	9	118	3.0079	6	105.4	43.67	239.53	71.26	1.91	0.46	6.16	11.44	238	189.38	239.53	148.52	6.16	5												238																								239.53											
Recording11	Participant6	30 - 40	Female	Low	< 5	Visual search - 3	fear_A	1	fear_A.png	10010	471790	1	1	0	0	10010	0			Space												5409												300												5												893												18												3291												415	Spider	Spider												3.15162												3933												328												75												893												12												3291												415												3.13543												6239												3119												1455												4783												2												3291												4783												6270												3135												1460												4810												2												3265												4810												0																																				0																									1.93162	0		5538	291	19	87	3.1574	9	60.8	33.33	104.55	22.56	0.45	0.07	0.86	4.07	836	104.51	104.55	59.3	0.86												4												8550																								73.35
Recording11	Participant6	30 - 40	Female	Low	< 5	Visual search - 3	fear_B	1	fear_B.png	9993	499801	1	1	0	0	9993	0			Space										7950												1136												143												2632												7												927												157			Spider	Spider										3.01308												2812												937												143												2413												3												1485												143												2.93099												8665												4332												157												8508												2												927												157												8753												4376												195												8558												2												889												195												0																																				0																											1.63242	0		3398	566	6	162	2.94341	2	244.62	201.34	287.89	61.2	7.09	5.27	8.91	14.18	889	271.29	201.34	126.36	5.27										0												889																								201.34		
Recording11	Participant6	30 - 40	Female	Low	< 5	Visual search - 3	fear_C	1	fear_C.png	10010	303755	1	1	0	0	10010	0			Space											7669												767												98												2853												10												1871												157		Spider	Spider											3.00757												2062												344												98												900												6												1871												157												2.99126												8139												8139												8139												8139												1												1871												8139												8152												8152												8152												8152												1												1858												8152												0																																				0																										3.29945	0		2685	244	11	173	2.99972	4	62.48	33.17	129.93	45.3	0.55	0.09	1.85	2.19	1125	249.84	129.93	89.05	1.85											3																																					
Recording11	Participant6	30 - 40	Female	Low	< 5	Visual search - 3	fear_cat_fruit	1	fear_cat_fruit.png	10010	102203	0	0	0	0																																																																																																																																																																																																																																																																																																																																																																																																																																																								3.52322	1		4515	410	11	223	3.21954	11	100.48	32.81	238.69	61.84	1.94	0.45	5.43	21.39	329	198.45	56.45	42.81	0.94																																																
Recording11	Participant6	30 - 40	Female	Low	< 5	Visual search - 3	fear_cat_mushroom	1	fear_cat_mushroom.png	9993	138222	0	0	0	0																																																																																																																																																																																																																																																																																																																																																																																																																																																								3.39667	1		4462	279	16	158	3.05113	12	94.98	40.25	225.64	56.32	1.92	0.59	5.6	23	1489	85.07	97.22	73.04	2.47																																																
Recording11	Participant6	30 - 40	Female	Low	< 5	Visual search - 3	fear_cat_snake	1	fear_cat_snake.png	10010	120204	0	0	0	0																																																																																																																																																																																																																																																																																																																																																																																																																																																								3.43615	1	0.0657	3662	366	10	400	3.00182	11	97.37	43.29	212.57	53.08	2.01	0.6	5.97	22.08	276	347.26	90.9	67.97	1.99																																																
Recording11	Participant6	30 - 40	Female	Low	< 5	Visual search - 3	fear_cat_spider	1	fear_cat_spider.png	9993	84202	0	0	0	0																																																																																																																																																																																																																																																																																																																																																																																																																																																								3.38884	1		4175	380	11	372	3.27388	10	103.17	36.77	202.56	51.09	2.01	0.05	4.83	20.15	1132	19.35	46.5	39.98	1.21																																																
Recording11	Participant6	30 - 40	Female	Low	< 5	Visual search - 3	fear_cross	1	fear_cross.png	8008	76194	0	0	0	0																																																																																																																																																																																																																																																																																																																																																																																																																																																								2.79463	1	0.16385	5645	1411	4	2360	3.5349	1	46.31	46.31	46.31		0.64	0.64	0.64	0.64	5225	336.31	46.31	40.31	0.64																																																
Recording11	Participant6	30 - 40	Female	Low	< 5	Visual search - 3	fear_cross	2	fear_cross.png	8008	94195	0	0	0	0																																																																																																																																																																																																																																																																																																																																																																																																																																																								3.59648	1	0.13897	1812	604	3	1310	3.3638	1	33.41	33.41	33.41		0.29	0.29	0.29	0.29	2485	119.24	33.41	33.41	0.29																																																
Recording11	Participant6	30 - 40	Female	Low	< 5	Visual search - 3	fear_cross	3	fear_cross.png	7991	112213	0	0	0	0																																																																																																																																																																																																																																																																																																																																																																																																																																																								3.48577	0		5980	1993	3	2565	3.06692	1	39.99	39.99	39.99		0.59	0.59	0.59	0.59	3058	249.32	39.99	39.51	0.59																																																
Recording11	Participant6	30 - 40	Female	Low	< 5	Visual search - 3	fear_cross	4	fear_cross.png	8008	130214	0	0	0	0																																																																																																																																																																																																																																																																																																																																																																																																																																																								3.3779	0		1582	395	4	947	3.17811	2	70.13	66.65	73.61	4.92	0.61	0.29	0.94	1.23	2277	228.48	66.65	52.45	0.29																																																
Recording11	Participant6	30 - 40	Female	Low	< 5	Visual search - 3	fear_cross	5	fear_cross.png	7991	201753	0	0	0	0																																																																																																																																																																																																																																																																																																																																																																																																																																																								4.16744	1		3278	1093	3	680	3.45346	1	58.66	58.66	58.66		1.2	1.2	1.2	1.2	190	271.95	58.66	50.19	1.2																																																
Recording11	Participant6	30 - 40	Female	Low	< 5	Visual search - 3	fear_cross	6	fear_cross.png	8008	229747	0	0	0	0																																																																																																																																																																																																																																																																																																																																																																																																																																																								4.135	0		2168	723	3	1933	2.94648	1	36.43	36.43	36.43		0.71	0.71	0.71	0.71	4002	273.61	36.43	34.2	0.71																																																
Recording11	Participant6	30 - 40	Female	Low	< 5	Visual search - 3	fear_cross	7	fear_cross.png	7991	257759	0	0	0	0																																																																																																																																																																																																																																																																																																																																																																																																																																																								3.82272	0		2932	977	3	122	3.03327	0																																																													
Recording11	Participant6	30 - 40	Female	Low	< 5	Visual search - 3	fear_cross	8	fear_cross.png	8008	285754	0	0	0	0																																																																																																																																																																																																																																																																																																																																																																																																																																																								3.62714	0		6603	3302	2	4452	3.00976	0																																																													
Recording11	Participant6	30 - 40	Female	Low	< 5	Visual search - 3	fear_cross	9	fear_cross.png	8008	313765	0	0	0	0																																																																																																																																																																																																																																																																																																																																																																																																																																																								3.14677	0		3468	867	4	133	2.76747	2	62.3	56.06	68.54	8.82	0.49	0.07	0.91	0.99	543	188.62	68.54	45.9	0.91																																																
Recording11	Participant6	30 - 40	Female	Low	< 5	Visual search - 3	fear_cross	10	fear_cross.png	8008	341760	0	0	0	0																																																																																																																																																																																																																																																																																																																																																																																																																																																								2.90283	1	1.32504	1600	320	5	88	3.11339	3	71.38	40.79	121.16	43.49	1.31	0.79	2.25	3.93	362	239.94	121.16	84.68	2.25																																																
Recording11	Participant6	30 - 40	Female	Low	< 5	Visual search - 3	fear_cross	11	fear_cross.png	8008	369771	0	0	0	0																																																																																																																																																																																																																																																																																																																																																																																																																																																								3.09489	0		4207	701	6	368	2.87343	2	58.66	55.17	62.15	4.93	0.49	0.32	0.66	0.98	1280	240.18	62.15	50.4	0.66																																																
Recording11	Participant6	30 - 40	Female	Low	< 5	Visual search - 3	fear_cross	12	fear_cross.png	7991	397782	0	0	0	0																																																																																																																																																																																																																																																																																																																																																																																																																																																								2.75527	1	0.34378	6635	1106	6	107	2.71961	3	90	35.85	181.96	80.06	1.31	0.34	3.09	3.94	1586	171.31	52.2	45.3	0.51																																																
Recording11	Participant6	30 - 40	Female	Low	< 5	Visual search - 3	fear_cross	13	fear_cross.png	8008	425777	0	0	0	0																																																																																																																																																																																																																																																																																																																																																																																																																																																								2.51102	0		5642	1128	5	100	2.89122	3	141.78	40.03	289.23	130.73	3.45	0.33	8.3	10.35	286	131.4	289.23	179.31	8.3																																																
Recording11	Participant6	30 - 40	Female	Low	< 5	Visual search - 3	fear_cross	14	fear_cross.png	8008	453789	0	0	0	0																																																																																																																																																																																																																																																																																																																																																																																																																																																								2.17413	0		2877	479	6	115	2.84122	5	90.93	43.79	249.41	89.35	1.56	0.21	6.06	7.79	230	182.57	249.41	146.9	6.06																																																
Recording11	Participant6	30 - 40	Female	Low	< 5	Visual search - 3	fear_cross	15	fear_cross.png	7991	481800	0	0	0	0																																																																																																																																																																																																																																																																																																																																																																																																																																																								1.82743	0		3203	534	6	545	2.76206	4	137.78	41.63	367.34	155.1	3.11	0.13	10.3	12.44	313	305.68	367.34	200.91	10.3																																																
Recording11	Participant6	30 - 40	Female	Low	< 5	Visual search - 3	fear_cross	16	fear_cross.png	8008	509795	0	0	0	0																																																																																																																																																																																																																																																																																																																																																																																																																																																								1.53921	0		1768	221	8	128	2.8355	0																																																													
Recording11	Participant6	30 - 40	Female	Low	< 5	Visual search - 3	fear_D	1	fear_D.png	9993	331766	1	1	0	0	9993	0			Space							2550												283												78												573												9												600												78						Snake								2.96555												2315												289												78												573												8												600												78												2.96784												2655												664												78												1293												4												600												78												2695												674												107												1298												4												572												107												0																																				0																														2.79129	0		4520	167	27	182	3.0683	7	78.02	31.72	281.57	90.52	1.51	0.04	8	10.6	180	355.47	281.57	178.79	8							3																																									
Recording11	Participant6	30 - 40	Female	Low	< 5	Visual search - 3	fear_E	1	fear_E.png	9993	415784	1	1	0	0	9993	0			Space									8399												646												110												1780												13												888												142				Snake	Snake									2.91188												7215												802												243												1780												9												1044												293												2.92558												9106												9106												9106												9106												1												888												9106												9111												9111												9111												9111												1												883												9111												0																																				0																												2.66752	0		7742	645	12	268	2.92173	8	125.84	61.97	282.14	84.02	2.37	0.18	7.57	18.99	211	84.17	230.68	140.64	5.25									5																																							
Recording11	Participant6	30 - 40	Female	Low	< 5	Visual search - 3	fear_F	1	fear_F.png	10010	247749	1	1	0	0	10010	0			Space								7917												1131												175												3587												7												1573												175					Snake	Snake								3.32001												2465												1233												175												2290												2												1573												175												3.21498												8437												8437												8437												8437												1												1573												8437												8476												8476												8476												8476												1												1534												8476												0																																				0																													3.99797	0		2998	500	6	60	3.20007	3	114.07	52.71	234.38	104.2	2	0.08	5.21	6.01	1534	87.55	234.38	134.4	5.21								2												1534																								234.38				
Recording11	Participant6	30 - 40	Female	Low	< 5	Visual search - 3	fear_G	1	fear_G.png	9993	219754	0	0	1	1			9993	0	Space			1617												231												63												478												7												580												405										Fruit				3.09069												702												175												63												405												4												580												405												3.08905												1752												584												228												1040												3												580												483												1757												586												228												1040												3												575												488												0																																				0																																		4.17781	1	0.2009	1733	133	13	213	3.11347	3	61.78	39.24	83.27	22.03	0.34	0.25	0.4	1.03	985	282.6	62.84	48.37	0.4			2																																													
Recording11	Participant6	30 - 40	Female	Low	< 5	Visual search - 3	fear_H	1	fear_H.png	9993	359778	0	0	1	1			9993	0	Space		7437												930												288												2603												8												661												288											Fruit	Fruit		3.07673												2748												687												395												927												4												2453												395												3.139												7829												3914												288												7540												2												661												288												7834												3917												288												7545												2												661												288												0																																				0																																			3.33674	0		2928	488	6	100	3.14154	4	109.19	43.04	259.49	101.01	2.05	0.52	6.11	8.22	1311	91.83	259.49	143.34	6.11		3																																														
Recording11	Participant6	30 - 40	Female	Low	< 5	Visual search - 3	fear_I	1	fear_I.png	10010	527796	0	0	1	1			10010	0	Space	7727												483												77												2360												16												280												148												Fruit	Fruit	3.05335												4137												689												148												2360												6												280												148												2.99478												8959												4479												325												8634												2												280												325												9000												4500												367												8634												2												238												367												0																																				0																																				1.49636	0		4575	508	9	118	3.0079	6	105.4	43.67	239.53	71.26	1.91	0.46	6.16	11.44	238	189.38	239.53	148.52	6.16	5												238																								239.53											
Recording11	Participant6	30 - 40	Female	Low	< 5	Visual search - 3	fear_instructions_ready	1	fear_instructions_ready.png	1602	200151	0	0	0	0					Space																																																																																																																																																																																																																																																																																																																																																																																																																																																			3.49053	1		147	147	1	147	3.67443	1	114.59	114.59	114.59		1.98	1.98	1.98	1.98	326	9.09	114.59	71.6	1.98																																																
Recording11	Participant6	30 - 40	Female	Low	< 5	Visual search - 3	fear_instructions_summary	1	fear_instructions_summary.png	30764	169387	0	0	0	0					Space																																																																																																																																																																																																																																																																																																																																																																																																																																																			3.55053	3	0.05686	9202	188	49	255	3.47299	22	140.84	30.07	374.27	100.55	3.25	0.05	14.53	71.56	178	195.57	259.72	157.83	6.74																																																
Recording11	Participant6	30 - 40	Female	Low	< 5	Visual search - 3	fear_intructions_1	1	fear_intructions_1.png	7908	68286	0	0	0	0					Space																																																																																																																																																																																																																																																																																																																																																																																																																																																			2.36155	1		2897	181	16	62	3.42616	14	158.45	96.45	343.88	59.62	3.21	1.93	8.8	44.9	797	2.56	144.25	103.58	2.32																																																
Recording11	Participant6	30 - 40	Female	Low	< 5	Visual search - 3	fear_intructions_2	1	fear_intructions_2.png	10377	148216	0	0	0	0					Space																																																																																																																																																																																																																																																																																																																																																																																																																																																			3.42006	1		2627	164	16	213	3.4269	11	193.77	72.78	315.34	68.9	4.36	0.6	10.31	47.98	1041	7.21	152.28	101.02	2.57																																																
Recording11	Participant6	30 - 40	Female	Low	< 5	Visual search - 3	fear_intructions_3	1	fear_intructions_3.png	10794	158593	0	0	0	0					Space																																																																																																																																																																																																																																																																																																																																																																																																																																																			3.70008	2	0.06641	2773	146	19	102	3.42771	7	145.08	39.51	215.72	53.63	2.9	0.37	5.59	20.29	65	116.35	215.72	139.33	5.59																																																
Recording11	Participant6	30 - 40	Female	Low	< 5	Visual search - 3	fear_J	1	fear_J.png	10010	443779	0	0	1	1			10010	0	Space				8583												1226												115												3520												7												222												120									Mushroom	Mushroom				2.87837												5607												1402												120												3520												4												222												120												2.92648												8898												4449												513												8385												2												222												513												8951												4476												563												8388												2												172												563												0																																				0																																	2.31108	0		5830	972	6	120	2.93207	3	58.36	32.74	93.53	31.5	0.68	0.27	1.48	2.04	342	8.06	93.53	60.76	1.48				3																																												
Recording11	Participant6	30 - 40	Female	Low	< 5	Visual search - 3	fear_K	1	fear_K.png	10010	387772	0	0	1	1			10010	0	Space						7671												1279												107												4488												6												1754												107							Mushroom	Mushroom						3.07921												1460												487												200												1022												3												2207												238												3.1529												7910												3955												107												7803												2												1754												107												7913												3956												107												7806												2												1754												107												0																																				0																															2.79038	0		2800	280	10	72	3.10421	6	132.04	60.02	213.53	65.05	2.15	0.24	5.03	12.88	230	87.85	169.66	109.74	3.66						2																																										
Recording11	Participant6	30 - 40	Female	Low	< 5	Visual search - 3	fear_L	1	fear_L.png	9993	275760	0	0	1	1			9993	0	Space					307												153												82												225												2												7519												225								Mushroom						3.05095												0																																																0																																																508												508												508												508												1												7519												508												508												508												508												508												1												7519												508												0																																				0																																3.82754	0		855	122	7	130	3.24849	3	177.86	34.43	416.88	208.37	4.84	0.12	12.72	14.53	314	354.15	416.88	242.82	12.72					0																																											
Recording11	Participant6	30 - 40	Female	Low	< 5	Visual search - 3	fear_name_fruit	1	fear_name_fruit.png	10010	209744	0	0	0	0																																																																																																																																																																																																																																																																																																																																																																																																																																																								4.28431	1	0.30882	2503	501	5	505	3.04586	5	53.66	48.11	57.97	4.71	0.67	0.49	0.95	3.34	1667	209.19	48.99	41.81	0.49																																																
Recording11	Participant6	30 - 40	Female	Low	< 5	Visual search - 3	fear_name_fruit	2	fear_name_fruit.png	10010	349768	0	0	0	0																																																																																																																																																																																																																																																																																																																																																																																																																																																								3.6136	1		3613	723	5	995	2.71011	1	43.47	43.47	43.47		0.17	0.17	0.17	0.17	6083	104.21	43.47	35.1	0.17																																																
Recording11	Participant6	30 - 40	Female	Low	< 5	Visual search - 3	fear_name_fruit	3	fear_name_fruit.png	9993	517803	0	0	0	0																																																																																																																																																																																																																																																																																																																																																																																																																																																								1.46722	1		2465	308	8	180	2.87644	4	235.15	52.33	473.55	208.38	8.69	0.6	17.22	34.77	3198	170.89	346.06	228.38	17.22																																																
Recording11	Participant6	30 - 40	Female	Low	< 5	Visual search - 3	fear_name_mushroom	1	fear_name_mushroom.png	10010	265750	0	0	0	0																																																																																																																																																																																																																																																																																																																																																																																																																																																								3.84107	1	0.39441	5205	306	17	203	3.09418	8	66.44	30.65	102.92	22.14	1.04	0.59	2.04	8.35	425	359.16	87.36	57.77	1.06																																																
Recording11	Participant6	30 - 40	Female	Low	< 5	Visual search - 3	fear_name_mushroom	2	fear_name_mushroom.png	9993	377779	0	0	0	0																																																																																																																																																																																																																																																																																																																																																																																																																																																								2.89299	0		3503	350	10	325	3.0164	6	75.51	51.42	112.79	21.07	1.15	0.74	2.03	6.92	203	185.73	73.45	54.82	0.78																																																
Recording11	Participant6	30 - 40	Female	Low	< 5	Visual search - 3	fear_name_mushroom	3	fear_name_mushroom.png	9993	433785	0	0	0	0																																																																																																																																																																																																																																																																																																																																																																																																																																																								2.39709	0		3232	462	7	337	2.77935	6	97.74	55.34	154.18	43.22	1.66	0.16	3.08	9.95	472	107.87	55.34	48.42	0.16																																																
Recording11	Participant6	30 - 40	Female	Low	< 5	Visual search - 3	fear_name_snake	1	fear_name_snake.png	9993	237755	0	0	0	0																																																																																																																																																																																																																																																																																																																																																																																																																																																								3.96987	1		2593	432	6	202	3.02774	5	72.58	55.72	98.29	15.86	1.11	0.86	1.34	5.55	3974	228.72	98.29	66.92	1.34																																																
Recording11	Participant6	30 - 40	Female	Low	< 5	Visual search - 3	fear_name_snake	2	fear_name_snake.png	9993	321773	0	0	0	0																																																																																																																																																																																																																																																																																																																																																																																																																																																								2.98698	0		6067	1011	6	2367	2.78698	4	48.21	30.1	69.41	17.25	0.42	0.23	0.86	1.66	2467	192.42	69.41	51.34	0.25																																																
Recording11	Participant6	30 - 40	Female	Low	< 5	Visual search - 3	fear_name_snake	3	fear_name_snake.png	10010	405774	0	0	0	0																																																																																																																																																																																																																																																																																																																																																																																																																																																								2.86364	0		6398	492	13	228	2.67344	6	64.12	53.31	80.74	12.4	0.99	0.37	1.41	5.93	1356	356.17	80.74	58.17	1.41																																																
Recording11	Participant6	30 - 40	Female	Low	< 5	Visual search - 3	fear_name_spider	1	fear_name_spider.png	9993	293762	0	0	0	0																																																																																																																																																																																																																																																																																																																																																																																																																																																								3.46356	0		4812	601	8	430	2.56514	5	46.72	33.7	58.81	10.71	0.34	0.21	0.53	1.7	1703	197.01	39.71	33.75	0.23																																																
Recording11	Participant6	30 - 40	Female	Low	< 5	Visual search - 3	fear_name_spider	2	fear_name_spider.png	9993	461797	0	0	0	0																																																																																																																																																																																																																																																																																																																																																																																																																																																								2.05472	0		5465	607	9	233	2.62954	3	59.02	30.64	96.88	34.12	0.87	0.32	1.48	2.6	1306	207.38	96.88	71.42	1.48																																																
Recording11	Participant6	30 - 40	Female	Low	< 5	Visual search - 3	fear_name_spider	3	fear_name_spider.png	10010	489791	0	0	0	0																																																																																																																																																																																																																																																																																																																																																																																																																																																								1.74206	0		3290	548	6	212	2.71076	5	58.67	35.69	88.6	19	0.99	0.71	1.72	4.93	1327	223.51	88.6	72.17	1.72																																																
Recording11	Participant6	30 - 40	Female	Low	< 5	Visual search - 3	fear_question_snakes	1	fear_question_snakes.png	4488	537806	0	0	0	0					2																																																																																																																																																																																																																																																																																																																																																																																																																																																			1.43998	1	0.84349	1935	161	12	157	3.2113	7	100.42	41.95	216.33	62.79	1.65	0.47	4	11.54	315	109.79	80.46	54.88	1.28																																																
Recording11	Participant6	30 - 40	Female	Low	< 5	Visual search - 3	fear_question_spider	1	fear_question_spider.png	8592	542294	0	0	0	0					2																																																																																																																																																																																																																																																																																																																																																																																																																																																			2.11141	1		2650	204	13	153	3.34007	9	134.87	79.59	231.82	58.78	2.66	1.2	5.46	23.97	1160	183.31	229.34	137.29	5.16																																																
Recording11	Participant6	30 - 40	Female	Low	< 5	Visual search - 3	thankyou	1	thankyou.png	4188	550886	0	0	0	0																																																																																																																																																																																																																																																																																																																																																																																																																																																								2.46235	0		755	252	3	128	3.57526	1	149.71	149.71	149.71		2.63	2.63	2.63	2.63	1907	348.46	149.71	107.51	2.63																																																
Recording11	Participant6	30 - 40	Female	Low	< 5	Visual search - 3	Entire Recording	1	fear_A.png,fear_B.png,fear_C.png,fear_cat_fruit.png,fear_cat_mushroom.png,fear_cat_snake.png,fear_cat_spider.png,fear_cross.png,fear_D.png,fear_E.png,fear_F.png,fear_G.png,fear_H.png,fear_I.png,fear_instructions_ready.png,fear_instructions_summary.png,fear_intructions_1.png,fear_intructions_2.png,fear_intructions_3.png,fear_J.png,fear_K.png,fear_L.png,fear_name_fruit.png,fear_name_mushroom.png,fear_name_snake.png,fear_name_spider.png,fear_question_snakes.png,fear_question_spider.png,thankyou.png	555201	0	6	6	6	6	257759	247749	229747	219754	2	7727	7437	1617	8583	307	7671	2550	7917	8399	7950	7669	5409	483	930	231	1226	153	1279	283	1131	646	1136	767	300	77	288	63	115	82	107	78	175	110	143	98	5	2360	2603	478	3520	225	4488	573	3587	1780	2632	2853	893	16	8	7	7	2	6	9	7	13	7	10	18	528076	360439	220334	444001	283279	389526	332367	249322	416672	500728	305626	475081	148	288	405	120	225	107	78	175	142	157	157	415	Fruit		3.05335	3.07673	3.09069	2.87837	3.05095	3.07921	2.96555	3.32001	2.91188	3.01308	3.00757	3.15162	4137	2748	702	5607	0	1460	2315	2465	7215	2812	2062	3933	689	687	175	1402		487	289	1233	802	937	344	328	148	395	63	120		200	78	175	243	143	98	75	2360	927	405	3520		1022	573	2290	1780	2413	900	893	6	4	4	4	0	3	8	2	9	3	6	12	528076	362231	220334	444001		389979	332367	249322	416828	501287	305626	475081	148	395	405	120		238	78	175	293	143	157	415	2.99478	3.139	3.08905	2.92648		3.1529	2.96784	3.21498	2.92558	2.93099	2.99126	3.13543	8959	7829	1752	8898	508	7910	2655	8437	9106	8665	8139	6239	4479	3914	584	4449	508	3955	664	8437	9106	4332	8139	3119	325	288	228	513	508	107	78	8437	9106	157	8139	1455	8634	7540	1040	8385	508	7803	1293	8437	9106	8508	8139	4783	2	2	3	2	1	2	4	1	1	2	1	2	528076	360439	220334	444001	283279	389526	332367	249322	416672	500728	305626	475081	325	288	483	513	508	107	78	8437	9106	157	8139	4783	9000	7834	1757	8951	508	7913	2695	8476	9111	8753	8152	6270	4500	3917	586	4476	508	3956	674	8476	9111	4376	8152	3135	367	288	228	563	508	107	107	8476	9111	195	8152	1460	8634	7545	1040	8388	508	7806	1298	8476	9111	8558	8152	4810	2	2	3	2	1	2	4	1	1	2	1	2	528034	360439	220329	443951	283279	389526	332338	249283	416667	500690	305613	475054	367	288	488	563	508	107	107	8476	9111	195	8152	4810	0	0	0	0	0	0	0	0	0	0	0	0																									0	0	0	0	0	0	0	0	0	0	0	0																									3.03084	26		239503	424	565	1250	3.03536	292	106.6	30.07	473.55	78.68	2.12	0.04	17.22	620.15	2099	184.19	200.47	128.17	5.6	5	3	2	3	0	2	3	2	5	0	3	4	528034							249283		500690		480340													239.53							234.38		201.34		73.35
Recording12	Participant6	30 - 40	Female	Low	< 5	Videos - 3	Commercial 1 - Phillips Hero	1	Commercial 1 - Phillips Hero.mp4	91008	146191	0	0	0	0																																																																																																																																																																																																																																																																																																																																																																																																																																																								6.86439	1		76140	287	265	288	3.73993	177	183.49	33.92	495.06	99.78	4.67	0.57	28.2	827.36	436	195.84	179.31	115.3	3.82																																																
Recording12	Participant6	30 - 40	Female	Low	< 5	Videos - 3	Commercial 2 - The chase	1	Commercial 2 - The chase.mp4	30080	287449	0	0	0	0																																																																																																																																																																																																																																																																																																																																																																																																																																																								4.96273	1	0.53387	22890	314	73	163	3.9784	31	188	61.23	453.08	100.09	4.4	0.76	16.42	136.33	244	259.12	115.83	84.74	1.85																																																
Recording12	Participant6	30 - 40	Female	Low	< 5	Videos - 3	Commercial 3 - The heist	1	Commercial 3 - The heist.mp4	60377	75738	0	0	0	0																																																																																																																																																																																																																																																																																																																																																																																																																																																								8.32646	3	0.18528	47537	280	170	188	3.94965	97	185.54	33.51	518.93	126.59	5.01	0.51	28.15	485.8	155	136.02	213.07	135.48	4.96																																																
Recording12	Participant6	30 - 40	Female	Low	< 5	Videos - 3	Commercial 4 - The lady	1	Commercial 4 - The lady.mp4	30097	247276	0	0	0	0																																																																																																																																																																																																																																																																																																																																																																																																																																																								5.18926	2	0.32045	22937	252	91	103	3.94816	49	172.26	40.46	450.62	119.68	4.69	0.54	20.61	229.73	183	78.22	154.81	99.6	3.14																																																
Recording12	Participant6	30 - 40	Female	Low	< 5	Videos - 3	Commercials_cross	1	Commercials_cross.png	10127	65611	0	0	0	0																																																																																																																																																																																																																																																																																																																																																																																																																																																								9.74051	0		8027	573	14	472	3.25965	8	96.46	38.03	263.38	87.46	1.99	0.35	6.08	15.9	1351	262.58	50.25	47.36	0.63																																																
Recording12	Participant6	30 - 40	Female	Low	< 5	Videos - 3	Commercials_cross	2	Commercials_cross.png	10077	136115	0	0	0	0																																																																																																																																																																																																																																																																																																																																																																																																																																																								8.19521	0		7600	422	18	687	3.08912	9	131.41	31.43	404.89	135.3	3.84	0.43	20.21	34.52	204	95.99	230.03	139.55	4.78																																																
Recording12	Participant6	30 - 40	Female	Low	< 5	Videos - 3	Commercials_cross	3	Commercials_cross.png	10077	237199	0	0	0	0																																																																																																																																																																																																																																																																																																																																																																																																																																																								5.19608	0		6553	655	10	202	3.13382	4	110.75	35.9	294.22	122.72	2.46	0.51	7.73	9.86	213	90.01	294.22	176.03	7.73																																																
Recording12	Participant6	30 - 40	Female	Low	< 5	Videos - 3	Commercials_cross	4	Commercials_cross.png	10077	277373	0	0	0	0																																																																																																																																																																																																																																																																																																																																																																																																																																																								5.29394	0		6243	892	7	117	3.21747	1	66.07	66.07	66.07		1.23	1.23	1.23	1.23	463	235.41	66.07	63.39	1.23																																																
Recording12	Participant6	30 - 40	Female	Low	< 5	Videos - 3	Commercials_instructions	1	Commercials_instructions.png	6256	59355	0	0	0	0					Space																																																																																																																																																																																																																																																																																																																																																																																																																																																			8.83295	2	1.89763	4083	146	28	83	3.48368	28	203.74	36.88	468.01	91.86	5.56	0.72	23.79	155.67	173	85.84	36.88	33.83	0.72																																																
Recording12	Participant6	30 - 40	Female	Low	< 5	Videos - 3	Commercials_rate_adobe	1	Commercials_rate_adobe.png	6657	317529	0	0	0	0					5																																																																																																																																																																																																																																																																																																																																																																																																																																																			4.2933	0		3935	151	26	130	3.55561	25	220.36	80.01	396.99	75.43	5.41	1.41	14.94	135.33	342	180.58	204.97	132.79	4.15																																																
Recording12	Participant6	30 - 40	Female	Low	< 5	Videos - 3	Commercials_rate_aeroline	1	Commercials_rate_aeroline.png	10894	324186	0	0	0	0					4																																																																																																																																																																																																																																																																																																																																																																																																																																																			5.13783	1		7490	178	42	110	3.54612	37	205.79	61.89	420.06	91.2	5.33	0.67	17.35	197.08	217	119.94	149.84	94.53	3.22																																																
Recording12	Participant6	30 - 40	Female	Low	< 5	Videos - 3	Commercials_rate_hyundai	1	Commercials_rate_hyundai.png	6590	335080	0	0	0	0					4																																																																																																																																																																																																																																																																																																																																																																																																																																																			5.2321	1	0.0562	4175	190	22	223	3.37549	20	183.53	90.16	384.53	80.8	4.52	1.71	14.1	90.37	407	10.62	241.54	149.86	5.09																																																
Recording12	Participant6	30 - 40	Female	Low	< 5	Videos - 3	Commercials_rate_philips	1	Commercials_rate_philips.png	3020	341670	0	0	0	0					5																																																																																																																																																																																																																																																																																																																																																																																																																																																			5.16815	0		1265	141	9	85	3.47774	9	230.26	100.69	365.74	93.3	5.69	1.71	14.38	51.24	254	183.84	246.72	164.88	6.44																																																
Recording12	Participant6	30 - 40	Female	Low	< 5	Videos - 3	thankyou	1	thankyou.png	3304	344690	0	0	0	0																																																																																																																																																																																																																																																																																																																																																																																																																																																								5.56	0		1448	207	7	177	3.60231	1	68.53	68.53	68.53		1.07	1.07	1.07	1.07	2261	180.85	68.53	54.98	1.07																																																
Recording12	Participant6	30 - 40	Female	Low	< 5	Videos - 3	Entire Recording	1	Commercial 1 - Phillips Hero.mp4,Commercial 2 - The chase.mp4,Commercial 3 - The heist.mp4,Commercial 4 - The lady.mp4,Commercials_cross.png,Commercials_instructions.png,Commercials_rate_adobe.png,Commercials_rate_aeroline.png,Commercials_rate_hyundai.png,Commercials_rate_philips.png,thankyou.png	348117	0	0	0	0	0					5																																																																																																																																																																																																																																																																																																																																																																																																																																																			6.94901	16		257428	283	909	95	3.70131	562	179.94	30.15	522.68	107.27	4.67	0.35	28.2	2623.5	615	101.6	207.28	127.2	4.68																																																
