Recording	Participant	gender	Timeline	TOI	Interval	Media	Event_type	Validity	EventIndex	Start	Stop	Duration	AOI	Hit_proportion	FixationPointX	FixationPointY	Average_pupil_size
Recording1	p01	male	Timeline1	cake	1	cake	Fixation	Partial	1	0	144	144			0.49147	0.35521	2.85117
Recording1	p01	male	Timeline1	cake	1	cake	Fixation	Whole	2	311	444	133			0.55348	0.46023	2.90052
Recording1	p01	male	Timeline1	cake	1	cake	Fixation	Whole	3	610	727	117			0.52146	0.22638	2.87296
Recording1	p01	male	Timeline1	cake	1	cake	Fixation	Whole	4	744	1011	267			0.57186	0.17796	2.79745
Recording1	p01	male	Timeline1	cake	1	cake	Fixation	Whole	5	1094	1211	117			0.54965	0.41896	2.81442
Recording1	p01	male	Timeline1	cake	1	cake	Fixation	Whole	6	1244	1344	100			0.62572	0.5851	2.855
Recording1	p01	male	Timeline1	cake	1	cake	Fixation	Whole	7	1361	1427	67			0.61027	0.60438	2.91246
Recording1	p01	male	Timeline1	cake	1	cake	Fixation	Whole	8	1527	1611	83			0.51029	0.44436	2.94489
Recording1	p01	male	Timeline1	cake	1	cake	Fixation	Whole	9	1661	1794	133			0.51266	0.18138	2.84736
Recording1	p01	male	Timeline1	cake	1	cake	Fixation	Whole	10	1844	1994	150			0.57874	0.17352	2.79021
Recording1	p01	male	Timeline1	cake	1	cake	Fixation	Whole	11	2027	2211	183			0.53268	0.20874	2.75029
Recording1	p01	male	Timeline1	cake	1	cake	Fixation	Whole	12	2277	2477	200			0.65137	0.85751	2.80168
Recording1	p01	male	Timeline1	cake	1	cake	Fixation	Whole	13	2527	2644	117			0.68683	0.90166	2.76909
Recording1	p01	male	Timeline1	cake	1	cake	Fixation	Whole	14	2727	2911	183			0.51968	0.18961	2.74505
Recording1	p01	male	Timeline1	cake	1	cake	Fixation	Whole	15	2961	3027	67			0.52544	0.17327	2.73751
Recording1	p01	male	Timeline1	cake	1	cake	Fixation	Partial	16	3044	3100	56			0.4713	0.22989	2.73838
Recording1	p01	male	Timeline1	cereal	1	cereal	Fixation	Partial	1	0	145	145			0.50251	0.46957	2.94881
Recording1	p01	male	Timeline1	cereal	1	cereal	Fixation	Whole	2	195	261	67			0.50118	0.47597	2.93375
Recording1	p01	male	Timeline1	cereal	1	cereal	Fixation	Whole	3	478	795	317			0.56701	0.18467	2.84132
Recording1	p01	male	Timeline1	cereal	1	cereal	Fixation	Whole	4	828	1011	183			0.53458	0.22811	2.82544
Recording1	p01	male	Timeline1	cereal	1	cereal	Fixation	Whole	5	1061	1245	183			0.46175	0.20092	2.79282
Recording1	p01	male	Timeline1	cereal	1	cereal	Fixation	Whole	6	1361	1511	150			0.55025	0.20811	2.80275
Recording1	p01	male	Timeline1	cereal	1	cereal	Fixation	Whole	7	1628	1711	83			0.50112	0.26839	2.84512
Recording1	p01	male	Timeline1	cereal	1	cereal	Fixation	Whole	8	1745	1845	100			0.47102	0.21408	2.74846
Recording1	p01	male	Timeline1	cereal	1	cereal	Fixation	Whole	9	1945	2245	300			0.21356	0.49211	2.83104
Recording1	p01	male	Timeline1	cereal	1	cereal	Fixation	Whole	10	2461	2527	67			0.16905	0.49975	2.79107
Recording1	p01	male	Timeline1	cereal	1	cereal	Fixation	Whole	11	2577	2711	134			0.3216	0.79634	2.75215
Recording1	p01	male	Timeline1	cereal	1	cereal	Fixation	Whole	12	2761	2977	217			0.48473	0.35345	2.80812
Recording1	p01	male	Timeline1	cereal	1	cereal	Fixation	Whole	13	3061	3161	100			0.53905	0.41933	2.80064
Recording1	p01	male	Timeline1	cereal	1	cereal	Fixation	Whole	14	3327	3395	67			0.89686	0.40729	2.69963
Recording1	p01	male	Timeline1	cereal	1	cereal	Fixation	Whole	15	3528	3645	117			0.84927	0.36939	2.6888
Recording1	p01	male	Timeline1	cereal	1	cereal	Fixation	Whole	16	3711	3895	183			0.81582	0.38912	2.69257
Recording1	p01	male	Timeline1	cereal	1	cereal	Fixation	Whole	17	3945	4161	217			0.84141	0.37583	2.69863
Recording1	p01	male	Timeline1	cereal	1	cereal	Fixation	Whole	18	4195	4478	283			0.90144	0.46788	2.79678
Recording1	p01	male	Timeline1	cereal	1	cereal	Fixation	Whole	19	4561	4761	200			0.85817	0.46456	2.84305
Recording1	p01	male	Timeline1	cereal	1	cereal	Fixation	Whole	20	4828	4911	83			0.19383	0.4568	2.87447
Recording1	p01	male	Timeline1	cereal	1	cereal	Fixation	Whole	21	4961	5144	183			0.19896	0.46898	2.86213
Recording1	p01	male	Timeline1	cereal	1	cereal	Fixation	Whole	22	5161	5427	267			0.12103	0.48899	2.85548
Recording1	p01	male	Timeline1	cereal	1	cereal	Fixation	Whole	23	5527	5644	116			0.25739	0.46837	2.8086
Recording1	p01	male	Timeline1	cereal	1	cereal	Fixation	Whole	24	5760	5927	167			0.20127	0.56706	2.85282
Recording1	p01	male	Timeline1	cereal	1	cereal	Fixation	Whole	25	6027	6144	117			0.08334	0.56911	2.7768
Recording1	p01	male	Timeline1	cereal	1	cereal	Fixation	Whole	26	6277	6477	200			0.09011	0.58727	2.8279
Recording1	p01	male	Timeline1	cereal	1	cereal	Fixation	Whole	27	6494	6611	117			0.09479	0.60209	2.85883
Recording1	p01	male	Timeline1	cereal	1	cereal	Fixation	Whole	28	6694	6861	167			0.09954	0.63915	2.88871
Recording1	p01	male	Timeline1	cereal	1	cereal	Fixation	Whole	29	7294	7411	117			0.65849	0.91186	2.85878
Recording1	p01	male	Timeline1	cereal	1	cereal	Fixation	Partial	30	7527	7700	173			0.48108	0.4555	2.82582
Recording1	p01	male	Timeline1	date	1	date	Fixation	Partial	1	0	28	28			0.51858	0.49701	2.93002
Recording1	p01	male	Timeline1	date	1	date	Fixation	Whole	2	45	145	100			0.50822	0.46545	2.75655
Recording1	p01	male	Timeline1	date	1	date	Fixation	Whole	3	161	245	83			0.5284	0.49125	2.84444
Recording1	p01	male	Timeline1	date	1	date	Fixation	Whole	4	311	411	100			0.56491	0.46269	2.89107
Recording1	p01	male	Timeline1	date	1	date	Fixation	Whole	5	478	578	100			0.55829	0.42847	2.90282
Recording1	p01	male	Timeline1	date	1	date	Fixation	Whole	6	728	795	67			0.52014	0.25867	2.86812
Recording1	p01	male	Timeline1	date	1	date	Fixation	Whole	7	1028	1161	133			0.5483	0.2635	2.77489
Recording1	p01	male	Timeline1	date	1	date	Fixation	Whole	8	1211	1361	150			0.55102	0.29814	2.86263
Recording1	p01	male	Timeline1	date	1	date	Fixation	Whole	9	1728	1795	67			0.85122	0.32877	2.69649
Recording1	p01	male	Timeline1	date	1	date	Fixation	Whole	10	1878	2011	133			0.84329	0.3451	2.77123
Recording1	p01	male	Timeline1	date	1	date	Fixation	Whole	11	2161	2228	67			0.83033	0.35902	2.7855
Recording1	p01	male	Timeline1	date	1	date	Fixation	Whole	12	2295	2395	100			0.50806	0.30192	2.79646
Recording1	p01	male	Timeline1	date	1	date	Fixation	Whole	13	2445	2545	100			0.82792	0.34078	2.80393
Recording1	p01	male	Timeline1	date	1	date	Fixation	Whole	14	2561	2628	67			0.8454	0.29491	2.77167
Recording1	p01	male	Timeline1	date	1	date	Fixation	Whole	15	2728	2811	83			0.84136	0.3297	2.74737
Recording1	p01	male	Timeline1	date	1	date	Fixation	Whole	16	2928	3078	150			0.56378	0.20573	2.74374
Recording1	p01	male	Timeline1	date	1	date	Fixation	Whole	17	3095	3178	83			0.56424	0.24506	2.78272
Recording1	p01	male	Timeline1	date	1	date	Fixation	Whole	18	3328	3444	117			0.47135	0.21542	2.73059
Recording1	p01	male	Timeline1	date	1	date	Fixation	Whole	19	3511	3594	83			0.46959	0.21771	2.74624
Recording1	p01	male	Timeline1	date	1	date	Fixation	Whole	20	3661	3778	117			0.1752	0.4996	2.88046
Recording1	p01	male	Timeline1	date	1	date	Fixation	Whole	21	3894	4011	117			0.23714	0.49059	2.8691
Recording1	p01	male	Timeline1	date	1	date	Fixation	Whole	22	4145	4394	249			0.1099	0.49026	2.84489
Recording1	p01	male	Timeline1	date	1	date	Fixation	Whole	23	4544	4627	83			0.11266	0.48358	2.8662
Recording1	p01	male	Timeline1	date	1	date	Fixation	Whole	24	4644	4777	133			0.20551	0.49491	2.90246
Recording1	p01	male	Timeline1	date	1	date	Fixation	Whole	25	4927	5061	133			0.29532	0.50343	2.97957
Recording1	p01	male	Timeline1	date	1	date	Fixation	Whole	26	5144	5277	133			0.63653	0.69559	2.84236
Recording1	p01	male	Timeline1	date	1	date	Fixation	Whole	27	5327	5411	83			0.67043	0.8756	2.85554
Recording1	p01	male	Timeline1	date	1	date	Fixation	Whole	28	5561	5744	183			0.56413	0.36358	2.85219
Recording1	p01	male	Timeline1	date	1	date	Fixation	Partial	29	5794	5833	39			0.67448	0.93688	2.93085
Recording1	p01	male	Timeline1	fixation	1	fixation	Fixation	Partial	1	0	127	127			0.52662	0.38989	2.76855
Recording1	p01	male	Timeline1	fixation	1	fixation	Fixation	Whole	2	144	278	133			0.53855	0.35608	2.70148
Recording1	p01	male	Timeline1	fixation	2	fixation	Fixation	Whole	1	11	278	267			0.53942	0.21116	2.90363
Recording1	p01	male	Timeline1	fixation	2	fixation	Fixation	Partial	2	361	633	272			0.50251	0.46957	2.91592
Recording1	p01	male	Timeline1	fixation	3	fixation	Fixation	Partial	1	0	161	161			0.48108	0.4555	2.77454
Recording1	p01	male	Timeline1	fixation	3	fixation	Fixation	Partial	2	277	333	56			0.49562	0.5367	2.76424
Recording1	p01	male	Timeline1	fixation	4	fixation	Fixation	Partial	1	0	128	128			0.70659	0.93744	2.82151
Recording1	p01	male	Timeline1	fixation	4	fixation	Fixation	Partial	2	544	600	56			0.51858	0.49701	2.75525
Recording1	p01	male	Timeline1	fixation	5	fixation	Fixation	Partial	1	0	144	144			0.67448	0.93688	2.85536
Recording1	p01	male	Timeline1	fixation	5	fixation	Fixation	Partial	2	327	617	289			0.49147	0.35521	2.82789
Recording1	p01	male	Timeline1	ice-cream	1	ice-cream	Fixation	Partial	1	0	277	277			0.49562	0.5367	2.77606
Recording1	p01	male	Timeline1	ice-cream	1	ice-cream	Fixation	Whole	2	311	444	133			0.51487	0.27189	2.7503
Recording1	p01	male	Timeline1	ice-cream	1	ice-cream	Fixation	Whole	3	477	611	133			0.55165	0.16505	2.72458
Recording1	p01	male	Timeline1	ice-cream	1	ice-cream	Fixation	Whole	4	627	727	100			0.54941	0.19442	2.69743
Recording1	p01	male	Timeline1	ice-cream	1	ice-cream	Fixation	Whole	5	744	861	117			0.57058	0.19263	2.66075
Recording1	p01	male	Timeline1	ice-cream	1	ice-cream	Fixation	Whole	6	1094	1294	200			0.46371	0.22525	2.66482
Recording1	p01	male	Timeline1	ice-cream	1	ice-cream	Fixation	Whole	7	1344	1411	67			0.46073	0.23191	2.72679
Recording1	p01	male	Timeline1	ice-cream	1	ice-cream	Fixation	Whole	8	1444	1577	133			0.49825	0.44689	2.77747
Recording1	p01	male	Timeline1	ice-cream	1	ice-cream	Fixation	Whole	9	1911	1994	83			0.52531	0.1733	2.69948
Recording1	p01	male	Timeline1	ice-cream	1	ice-cream	Fixation	Whole	10	2061	2177	117			0.54135	0.20368	2.70932
Recording1	p01	male	Timeline1	ice-cream	1	ice-cream	Fixation	Whole	11	2344	2511	167			0.47091	0.21574	2.68081
Recording1	p01	male	Timeline1	ice-cream	1	ice-cream	Fixation	Whole	12	3044	3244	200			0.4875	0.5021	2.83363
Recording1	p01	male	Timeline1	ice-cream	1	ice-cream	Fixation	Whole	13	3527	3644	117			0.21897	0.51729	2.81356
Recording1	p01	male	Timeline1	ice-cream	1	ice-cream	Fixation	Whole	14	3844	3977	133			0.20729	0.5285	2.89888
Recording1	p01	male	Timeline1	ice-cream	1	ice-cream	Fixation	Whole	15	4094	4161	67			0.23399	0.5363	2.84401
Recording1	p01	male	Timeline1	ice-cream	1	ice-cream	Fixation	Whole	16	4244	4327	83			0.87914	0.45748	2.58641
Recording1	p01	male	Timeline1	ice-cream	1	ice-cream	Fixation	Whole	17	4495	4561	67			0.88351	0.47672	2.70504
Recording1	p01	male	Timeline1	ice-cream	1	ice-cream	Fixation	Whole	18	4578	4645	67			0.89855	0.45208	2.64394
Recording1	p01	male	Timeline1	ice-cream	1	ice-cream	Fixation	Whole	19	4661	4728	67			0.86056	0.51981	2.79732
Recording1	p01	male	Timeline1	ice-cream	1	ice-cream	Fixation	Whole	20	4778	4961	183			0.54141	0.61304	2.7901
Recording1	p01	male	Timeline1	ice-cream	1	ice-cream	Fixation	Whole	21	5011	5145	133			0.73412	0.98797	2.73231
Recording1	p01	male	Timeline1	ice-cream	1	ice-cream	Fixation	Whole	22	5161	5428	266			0.69762	0.95132	2.75851
Recording1	p01	male	Timeline1	ice-cream	1	ice-cream	Fixation	Partial	23	5495	5517	22			0.70659	0.93744	2.65632
Recording1	p01	male	Timeline1	instruction	1	instruction	Fixation	Whole	1	864	968	103			0.52297	0.17477	2.65337
Recording1	p01	male	Timeline1	instruction	1	instruction	Fixation	Whole	2	1034	1117	83			0.83198	0.25082	2.56159
Recording1	p01	male	Timeline1	instruction	1	instruction	Fixation	Whole	3	1535	1618	83			0.74509	0.2741	2.63738
Recording1	p01	male	Timeline1	instruction	1	instruction	Fixation	Partial	4	1635	1751	117			0.69121	0.2437	2.63555
Recording1	p01	male	Timeline1	instruction	1	instruction	Fixation	Whole	5	2192	2342	150			0.51986	0.21698	2.69318
Recording1	p01	male	Timeline1	instruction	1	instruction	Fixation	Whole	6	2375	2775	400			0.42296	0.22404	2.69719
Recording1	p01	male	Timeline1	instruction	1	instruction	Fixation	Whole	7	2858	2992	133			0.38209	0.22181	2.74721
Recording1	p01	male	Timeline1	instruction	1	instruction	Fixation	Whole	8	3042	3125	84			0.32165	0.22954	2.75496
Recording1	p01	male	Timeline1	instruction	1	instruction	Fixation	Whole	9	3175	3359	183			0.23701	0.27006	2.79283
Recording1	p01	male	Timeline1	instruction	1	instruction	Fixation	Whole	10	3392	3525	133			0.15038	0.2926	2.78406
Recording1	p01	male	Timeline1	instruction	1	instruction	Fixation	Whole	11	3625	3774	150			0.5359	0.14179	2.73486
Recording1	p01	male	Timeline1	instruction	1	instruction	Fixation	Whole	12	3841	3975	134			0.85104	0.32075	2.75104
Recording1	p01	male	Timeline1	instruction	1	instruction	Fixation	Whole	13	4042	4142	100			0.71635	0.23549	2.56923
Recording1	p01	male	Timeline1	instruction	1	instruction	Fixation	Whole	14	4292	4392	100			0.54327	0.29226	2.80741
Recording1	p01	male	Timeline1	instruction	1	instruction	Fixation	Whole	15	4442	4625	183			0.38172	0.35897	2.93007
Recording1	p01	male	Timeline1	instruction	1	instruction	Fixation	Whole	16	4675	4825	150			0.25679	0.3738	2.83758
Recording1	p01	male	Timeline1	instruction	1	instruction	Fixation	Whole	17	5159	5292	133			0.84478	0.41622	2.83273
Recording1	p01	male	Timeline1	instruction	1	instruction	Fixation	Whole	18	5359	5525	167			0.65999	0.36188	2.74903
Recording1	p01	male	Timeline1	instruction	1	instruction	Fixation	Whole	19	5575	5708	133			0.53572	0.39278	2.79216
Recording1	p01	male	Timeline1	instruction	1	instruction	Fixation	Whole	20	5992	6125	133			0.2597	0.45068	2.85266
Recording1	p01	male	Timeline1	instruction	1	instruction	Fixation	Whole	21	6209	6292	83			0.17713	0.48231	2.88746
Recording1	p01	male	Timeline1	instruction	1	instruction	Fixation	Whole	22	6625	6775	150			0.78929	0.52178	2.75943
Recording1	p01	male	Timeline1	instruction	1	instruction	Fixation	Whole	23	6791	6991	200			0.70899	0.50582	2.7988
Recording1	p01	male	Timeline1	instruction	1	instruction	Fixation	Whole	24	7025	7208	183			0.57947	0.4898	2.86145
Recording1	p01	male	Timeline1	instruction	1	instruction	Fixation	Whole	25	7308	7425	117			0.49015	0.48033	2.83052
Recording1	p01	male	Timeline1	instruction	1	instruction	Fixation	Whole	26	7475	7658	183			0.34204	0.46588	2.71038
Recording1	p01	male	Timeline1	instruction	1	instruction	Fixation	Whole	27	7825	7941	117			0.88936	0.63541	2.76703
Recording1	p01	male	Timeline1	instruction	1	instruction	Fixation	Whole	28	8108	8242	133			0.7652	0.61677	2.89614
Recording1	p01	male	Timeline1	instruction	1	instruction	Fixation	Whole	29	8408	8525	117			0.58307	0.53821	2.67392
Recording1	p01	male	Timeline1	instruction	1	instruction	Fixation	Whole	30	8575	8809	233			0.47208	0.57068	2.76151
Recording1	p01	male	Timeline1	instruction	1	instruction	Fixation	Whole	31	9408	9508	100			0.24416	0.57269	2.71143
Recording1	p01	male	Timeline1	instruction	1	instruction	Fixation	Whole	32	9558	9625	67			0.53082	0.63722	2.85808
Recording1	p01	male	Timeline1	instruction	1	instruction	Fixation	Whole	33	9641	9708	67			0.54751	0.59635	2.66846
Recording1	p01	male	Timeline1	instruction	1	instruction	Fixation	Whole	34	9725	9791	67			0.53905	0.6743	2.82711
Recording1	p01	male	Timeline1	instruction	1	instruction	Fixation	Whole	35	9891	9958	67			0.71844	0.81005	2.81801
Recording1	p01	male	Timeline1	instruction	1	instruction	Fixation	Whole	36	10008	10108	100			0.67631	0.79943	2.82385
Recording1	p01	male	Timeline1	instruction	1	instruction	Fixation	Whole	37	10225	10375	150			0.58823	0.76216	2.84666
Recording1	p01	male	Timeline1	instruction	1	instruction	Fixation	Whole	38	10408	10475	67			0.50917	0.80962	2.8763
Recording1	p01	male	Timeline1	instruction	1	instruction	Fixation	Whole	39	10491	10558	67			0.52188	0.78623	2.82905
Recording1	p01	male	Timeline1	instruction	1	instruction	Fixation	Partial	40	10625	10724	100			0.39192	0.73977	2.80586
Recording1	p01	male	Timeline1	instruction	1	instruction	Fixation	Whole	41	10961	11111	150			0.40151	0.74195	2.83575
Recording1	p01	male	Timeline1	instruction	1	instruction	Fixation	Whole	42	11177	11377	200			0.60706	0.82178	2.78825
Recording1	p01	male	Timeline1	instruction	1	instruction	Fixation	Partial	43	11477	11500	23			0.52662	0.38989	2.82253
Recording1	p01	male	Timeline1	pizza	1	pizza	Fixation	Whole	1	28	178	150			0.53143	0.41103	2.6435
Recording1	p01	male	Timeline1	pizza	1	pizza	Fixation	Whole	2	394	478	83			0.62487	0.31507	2.78076
Recording1	p01	male	Timeline1	pizza	1	pizza	Fixation	Whole	3	494	561	67			0.62893	0.283	2.76391
Recording1	p01	male	Timeline1	pizza	1	pizza	Fixation	Whole	4	594	811	217			0.55706	0.17641	2.77793
Recording1	p01	male	Timeline1	pizza	1	pizza	Fixation	Whole	5	877	1061	183			0.82242	0.41873	2.83467
Recording1	p01	male	Timeline1	pizza	1	pizza	Fixation	Whole	6	1094	1211	117			0.91507	0.43621	2.85769
Recording1	p01	male	Timeline1	pizza	1	pizza	Fixation	Whole	7	1278	1461	183			0.84255	0.39906	2.91313
Recording1	p01	male	Timeline1	pizza	1	pizza	Fixation	Whole	8	1511	1595	83			0.83908	0.41019	2.8937
Recording1	p01	male	Timeline1	pizza	1	pizza	Fixation	Whole	9	1678	1811	133			0.47124	0.10854	2.83922
Recording1	p01	male	Timeline1	pizza	1	pizza	Fixation	Whole	10	1845	2261	417			0.54562	0.15736	2.84118
Recording1	p01	male	Timeline1	pizza	1	pizza	Fixation	Whole	11	2278	2545	267			0.49819	0.14534	2.86051
Recording1	p01	male	Timeline1	pizza	1	pizza	Fixation	Whole	12	2628	2811	183			0.45894	0.39953	2.83572
Recording1	p01	male	Timeline1	pizza	1	pizza	Fixation	Whole	13	2828	3028	200			0.4528	0.42148	2.84277
Recording1	p01	male	Timeline1	pizza	1	pizza	Fixation	Whole	14	3178	3378	200			0.48846	0.36808	2.72027
Recording1	p01	male	Timeline1	pizza	1	pizza	Fixation	Whole	15	3677	3828	150			0.18884	0.4446	2.91127
Recording1	p01	male	Timeline1	pizza	1	pizza	Fixation	Whole	16	3978	4111	133			0.08561	0.45768	2.85141
Recording1	p01	male	Timeline1	pizza	1	pizza	Fixation	Whole	17	4194	4394	200			0.17971	0.48979	3.09941
Recording1	p01	male	Timeline1	pizza	1	pizza	Fixation	Whole	18	4528	4711	183			0.08343	0.62791	3.14052
Recording1	p01	male	Timeline1	pizza	1	pizza	Fixation	Whole	19	4761	4894	133			0.11125	0.6331	3.13655
Recording1	p01	male	Timeline1	pizza	1	pizza	Fixation	Whole	20	5028	5178	151			0.90863	0.56187	3.01724
Recording1	p01	male	Timeline1	pizza	1	pizza	Fixation	Whole	21	5211	5328	117			0.91428	0.59538	3.05774
Recording1	p01	male	Timeline1	pizza	1	pizza	Fixation	Whole	22	5411	5595	183			0.87831	0.66286	3.00997
Recording1	p01	male	Timeline1	pizza	1	pizza	Fixation	Whole	23	5678	5795	117			0.85352	0.66039	3.00002
Recording1	p01	male	Timeline1	pizza	1	pizza	Fixation	Whole	24	5828	6061	233			0.70639	0.88152	2.91471
Recording1	p01	male	Timeline1	pizza	1	pizza	Fixation	Whole	25	6095	6195	100			0.67686	0.91265	2.90781
Recording1	p01	male	Timeline1	pizza	1	pizza	Fixation	Whole	26	6212	6478	267			0.68662	0.87832	2.87706
Recording1	p01	male	Timeline1	pizza	1	pizza	Fixation	Whole	27	6561	6678	117			0.53862	0.30239	2.93672
Recording1	p01	male	Timeline1	pizza	1	pizza	Fixation	Whole	28	6778	6945	167			0.69487	0.86376	2.90083
Recording1	p01	male	Timeline1	pizza	1	pizza	Fixation	Whole	29	6995	7278	283			0.50604	0.30187	2.9331
Recording1	p01	male	Timeline1	thanks	1	thanks	Fixation	Partial	1	0	177	177			0.4713	0.22989	2.75281
Recording1	p01	male	Timeline1	thanks	1	thanks	Fixation	Whole	2	244	311	67			0.48401	0.332	2.75908
Recording1	p01	male	Timeline1	thanks	1	thanks	Fixation	Whole	3	477	677	200			0.75841	0.38536	2.72736
Recording1	p01	male	Timeline1	thanks	1	thanks	Fixation	Whole	4	1177	1294	117			0.55326	0.61034	2.79021
Recording1	p01	male	Timeline1	thanks	1	thanks	Fixation	Whole	5	1327	1411	83			0.44409	0.69826	2.9079
Recording1	p01	male	Timeline1	thanks	1	thanks	Fixation	Whole	6	1494	1661	167			0.45281	0.68106	2.82019
Recording1	p01	male	Timeline1	Entire Recording	1		Fixation	Partial	1	508	676	168			0.42837	0.03879	3.96303
Recording1	p01	male	Timeline1	Entire Recording	1		Fixation	Whole	2	726	860	133			0.54048	0.20741	3.99987
Recording1	p01	male	Timeline1	Entire Recording	1		Fixation	Partial	3	1296	1497	201			0.50457	0.40561	4.03092
Recording1	p01	male	Timeline1	Entire Recording	1		Fixation	Whole	4	1530	2097	567			0.5858	0.62314	3.76639
Recording1	p01	male	Timeline1	Entire Recording	1		Fixation	Whole	5	2130	2280	150			0.5301	0.51427	3.87657
Recording1	p01	male	Timeline1	Entire Recording	1		Fixation	Partial	6	3350	3718	368			0.47425	0.4041	4.08645
Recording1	p01	male	Timeline1	Entire Recording	1		Fixation	Partial	7	3751	3918	167			0.53489	0.451	3.85367
Recording1	p01	male	Timeline1	Entire Recording	1		Fixation	Whole	8	4439	4672	233			0.51524	0.40971	3.79808
Recording1	p01	male	Timeline1	Entire Recording	1		Fixation	Whole	9	4722	4856	133			0.64798	0.53317	3.76832
Recording1	p01	male	Timeline1	Entire Recording	1		Fixation	Whole	10	4872	5056	183			0.62274	0.5196	3.69468
Recording1	p01	male	Timeline1	Entire Recording	1		Fixation	Whole	11	5072	5322	250			0.58201	0.51072	3.66864
Recording1	p01	male	Timeline1	Entire Recording	1		Fixation	Whole	12	5356	6206	850			0.52193	0.436	3.64877
Recording1	p01	male	Timeline1	Entire Recording	1		Fixation	Whole	13	6223	8156	1933			0.49324	0.50594	3.37904
Recording1	p01	male	Timeline1	Entire Recording	1		Fixation	Partial	14	8455	10422	1967			0.49558	0.50967	3.44705
Recording1	p01	male	Timeline1	Entire Recording	1		Fixation	Whole	15	10472	10806	333			0.70785	0.27981	3.37782
Recording1	p01	male	Timeline1	Entire Recording	1		Fixation	Whole	16	10856	11056	200			0.89655	0.10962	3.29952
Recording1	p01	male	Timeline1	Entire Recording	1		Fixation	Whole	17	11072	11256	183			0.86673	0.10646	3.25836
Recording1	p01	male	Timeline1	Entire Recording	1		Fixation	Whole	18	11272	11739	467			0.90427	0.09519	3.25974
Recording1	p01	male	Timeline1	Entire Recording	1		Fixation	Whole	19	11822	14023	2200			0.89808	0.09626	3.35866
Recording1	p01	male	Timeline1	Entire Recording	1		Fixation	Whole	20	14056	14223	167			0.72272	0.0892	3.29322
Recording1	p01	male	Timeline1	Entire Recording	1		Fixation	Whole	21	14306	14406	100			-0.03005	0.02469	3.32383
Recording1	p01	male	Timeline1	Entire Recording	1		Fixation	Whole	22	14422	14555	133			0.03236	0.03731	3.29949
Recording1	p01	male	Timeline1	Entire Recording	1		Fixation	Whole	23	14572	14672	100			0.19055	0.09587	3.20329
Recording1	p01	male	Timeline1	Entire Recording	1		Fixation	Whole	24	14805	17655	2850			0.09912	0.11563	3.10962
Recording1	p01	male	Timeline1	Entire Recording	1		Fixation	Whole	25	17855	18172	317			0.50255	0.59128	3.18671
Recording1	p01	male	Timeline1	Entire Recording	1		Fixation	Whole	26	18222	18339	117			0.74462	0.76923	3.07084
Recording1	p01	male	Timeline1	Entire Recording	1		Fixation	Whole	27	18406	18506	100			0.91974	0.91878	3.00159
Recording1	p01	male	Timeline1	Entire Recording	1		Fixation	Partial	28	18523	19189	666			0.89319	0.92908	3.07342
Recording1	p01	male	Timeline1	Entire Recording	1		Fixation	Partial	29	19439	19506	67			0.8828	0.93494	3.13119
Recording1	p01	male	Timeline1	Entire Recording	1		Fixation	Whole	30	19572	20789	1217			0.88405	0.92267	3.05085
Recording1	p01	male	Timeline1	Entire Recording	1		Fixation	Whole	31	20806	20923	117			0.89916	0.95435	3.06217
Recording1	p01	male	Timeline1	Entire Recording	1		Fixation	Whole	32	20939	21323	383			0.88058	0.91365	3.06347
Recording1	p01	male	Timeline1	Entire Recording	1		Fixation	Whole	33	21439	21539	100			0.71482	0.89533	2.98147
Recording1	p01	male	Timeline1	Entire Recording	1		Fixation	Whole	34	21639	21723	83			0.49132	0.89858	3.04169
Recording1	p01	male	Timeline1	Entire Recording	1		Fixation	Whole	35	21873	21973	100			0.19671	0.93146	3.09999
Recording1	p01	male	Timeline1	Entire Recording	1		Fixation	Whole	36	22023	22272	249			0.0778	0.9381	3.1062
Recording1	p01	male	Timeline1	Entire Recording	1		Fixation	Whole	37	22289	22789	500			0.10868	0.92427	3.09784
Recording1	p01	male	Timeline1	Entire Recording	1		Fixation	Partial	38	23088	24655	1567			0.10711	0.91563	3.20195
Recording1	p01	male	Timeline1	Entire Recording	1		Fixation	Whole	39	24672	25489	817			0.12612	0.88844	3.35571
Recording1	p01	male	Timeline1	Entire Recording	1		Fixation	Whole	40	25522	25739	217			0.2319	0.74783	3.32408
Recording1	p01	male	Timeline1	Entire Recording	1		Fixation	Whole	41	25789	29055	3267			0.30279	0.69611	3.16218
Recording1	p01	male	Timeline1	Entire Recording	1		Fixation	Whole	42	29089	29289	200			0.40258	0.72092	3.16911
Recording1	p01	male	Timeline1	Entire Recording	1		Fixation	Whole	43	29339	29605	267			0.60345	0.69045	3.24573
Recording1	p01	male	Timeline1	Entire Recording	1		Fixation	Whole	44	29622	32789	3167			0.69668	0.70188	3.06005
Recording1	p01	male	Timeline1	Entire Recording	1		Fixation	Whole	45	32839	33105	267			0.69859	0.55381	3.22881
Recording1	p01	male	Timeline1	Entire Recording	1		Fixation	Whole	46	33122	33355	233			0.6951	0.41028	3.18518
Recording1	p01	male	Timeline1	Entire Recording	1		Fixation	Whole	47	33372	36289	2916			0.70084	0.30747	3.01274
Recording1	p01	male	Timeline1	Entire Recording	1		Fixation	Whole	48	36339	36672	333			0.54018	0.29167	3.1955
Recording1	p01	male	Timeline1	Entire Recording	1		Fixation	Whole	49	36805	37072	267			0.35116	0.30081	3.06161
Recording1	p01	male	Timeline1	Entire Recording	1		Fixation	Whole	50	37089	37505	417			0.31186	0.31602	2.97293
Recording1	p01	male	Timeline1	Entire Recording	1		Fixation	Whole	51	37555	37789	233			0.30946	0.31882	2.86137
Recording1	p01	male	Timeline1	Entire Recording	1		Fixation	Whole	52	37805	37922	117			0.3136	0.33977	2.86245
Recording1	p01	male	Timeline1	Entire Recording	1		Fixation	Whole	53	37955	38338	383			0.30905	0.31766	2.82828
Recording1	p01	male	Timeline1	Entire Recording	1		Fixation	Whole	54	38388	38638	250			0.30577	0.3262	2.88664
Recording1	p01	male	Timeline1	Entire Recording	1		Fixation	Whole	55	38655	39905	1250			0.30875	0.31267	2.91044
Recording1	p01	male	Timeline1	Entire Recording	1		Fixation	Whole	56	40005	40289	283			0.50711	0.45458	3.03629
Recording1	p01	male	Timeline1	Entire Recording	1		Fixation	Whole	57	40322	40639	317			0.63133	0.59252	3.08333
Recording1	p01	male	Timeline1	Entire Recording	1		Fixation	Whole	58	40672	40905	233			0.51479	0.62338	3.04901
Recording1	p01	male	Timeline1	Entire Recording	1		Fixation	Whole	59	40939	41422	483			0.58655	0.58681	3.00421
Recording1	p01	male	Timeline1	Entire Recording	1		Fixation	Whole	60	41455	41539	83			0.59266	0.89819	3.06578
Recording1	p01	male	Timeline1	Entire Recording	1	instruction	Fixation	Whole	61	45108	45212	103			0.52297	0.17477	2.65337
Recording1	p01	male	Timeline1	Entire Recording	1	instruction	Fixation	Whole	62	45278	45362	83			0.83198	0.25082	2.56159
Recording1	p01	male	Timeline1	Entire Recording	1	instruction	Fixation	Whole	63	45779	45862	83			0.74509	0.2741	2.63738
Recording1	p01	male	Timeline1	Entire Recording	1	instruction	Fixation	Partial	64	45879	45996	117			0.69121	0.2437	2.63555
Recording1	p01	male	Timeline1	Entire Recording	1	instruction	Fixation	Whole	65	46436	46586	150			0.51986	0.21698	2.69318
Recording1	p01	male	Timeline1	Entire Recording	1	instruction	Fixation	Whole	66	46620	47019	400			0.42296	0.22404	2.69719
Recording1	p01	male	Timeline1	Entire Recording	1	instruction	Fixation	Whole	67	47103	47236	133			0.38209	0.22181	2.74721
Recording1	p01	male	Timeline1	Entire Recording	1	instruction	Fixation	Whole	68	47286	47369	84			0.32165	0.22954	2.75496
Recording1	p01	male	Timeline1	Entire Recording	1	instruction	Fixation	Whole	69	47419	47603	183			0.23701	0.27006	2.79283
Recording1	p01	male	Timeline1	Entire Recording	1	instruction	Fixation	Whole	70	47636	47769	133			0.15038	0.2926	2.78406
Recording1	p01	male	Timeline1	Entire Recording	1	instruction	Fixation	Whole	71	47869	48019	150			0.5359	0.14179	2.73486
Recording1	p01	male	Timeline1	Entire Recording	1	instruction	Fixation	Whole	72	48085	48219	134			0.85104	0.32075	2.75104
Recording1	p01	male	Timeline1	Entire Recording	1	instruction	Fixation	Whole	73	48286	48386	100			0.71635	0.23549	2.56923
Recording1	p01	male	Timeline1	Entire Recording	1	instruction	Fixation	Whole	74	48536	48636	100			0.54327	0.29226	2.80741
Recording1	p01	male	Timeline1	Entire Recording	1	instruction	Fixation	Whole	75	48686	48869	183			0.38172	0.35897	2.93007
Recording1	p01	male	Timeline1	Entire Recording	1	instruction	Fixation	Whole	76	48919	49069	150			0.25679	0.3738	2.83758
Recording1	p01	male	Timeline1	Entire Recording	1	instruction	Fixation	Whole	77	49403	49536	133			0.84478	0.41622	2.83273
Recording1	p01	male	Timeline1	Entire Recording	1	instruction	Fixation	Whole	78	49603	49769	167			0.65999	0.36188	2.74903
Recording1	p01	male	Timeline1	Entire Recording	1	instruction	Fixation	Whole	79	49819	49953	133			0.53572	0.39278	2.79216
Recording1	p01	male	Timeline1	Entire Recording	1	instruction	Fixation	Whole	80	50236	50369	133			0.2597	0.45068	2.85266
Recording1	p01	male	Timeline1	Entire Recording	1	instruction	Fixation	Whole	81	50453	50536	83			0.17713	0.48231	2.88746
Recording1	p01	male	Timeline1	Entire Recording	1	instruction	Fixation	Whole	82	50869	51019	150			0.78929	0.52178	2.75943
Recording1	p01	male	Timeline1	Entire Recording	1	instruction	Fixation	Whole	83	51035	51235	200			0.70899	0.50582	2.7988
Recording1	p01	male	Timeline1	Entire Recording	1	instruction	Fixation	Whole	84	51269	51452	183			0.57947	0.4898	2.86145
Recording1	p01	male	Timeline1	Entire Recording	1	instruction	Fixation	Whole	85	51552	51669	117			0.49015	0.48033	2.83052
Recording1	p01	male	Timeline1	Entire Recording	1	instruction	Fixation	Whole	86	51719	51902	183			0.34204	0.46588	2.71038
Recording1	p01	male	Timeline1	Entire Recording	1	instruction	Fixation	Whole	87	52069	52186	117			0.88936	0.63541	2.76703
Recording1	p01	male	Timeline1	Entire Recording	1	instruction	Fixation	Whole	88	52353	52486	133			0.7652	0.61677	2.89614
Recording1	p01	male	Timeline1	Entire Recording	1	instruction	Fixation	Whole	89	52653	52769	117			0.58307	0.53821	2.67392
Recording1	p01	male	Timeline1	Entire Recording	1	instruction	Fixation	Whole	90	52819	53053	233			0.47208	0.57068	2.76151
Recording1	p01	male	Timeline1	Entire Recording	1	instruction	Fixation	Whole	91	53652	53752	100			0.24416	0.57269	2.71143
Recording1	p01	male	Timeline1	Entire Recording	1	instruction	Fixation	Whole	92	53802	53869	67			0.53082	0.63722	2.85808
Recording1	p01	male	Timeline1	Entire Recording	1	instruction	Fixation	Whole	93	53885	53952	67			0.54751	0.59635	2.66846
Recording1	p01	male	Timeline1	Entire Recording	1	instruction	Fixation	Whole	94	53969	54035	67			0.53905	0.6743	2.82711
Recording1	p01	male	Timeline1	Entire Recording	1	instruction	Fixation	Whole	95	54135	54202	67			0.71844	0.81005	2.81801
Recording1	p01	male	Timeline1	Entire Recording	1	instruction	Fixation	Whole	96	54252	54352	100			0.67631	0.79943	2.82385
Recording1	p01	male	Timeline1	Entire Recording	1	instruction	Fixation	Whole	97	54469	54619	150			0.58823	0.76216	2.84666
Recording1	p01	male	Timeline1	Entire Recording	1	instruction	Fixation	Whole	98	54652	54719	67			0.50917	0.80962	2.8763
Recording1	p01	male	Timeline1	Entire Recording	1	instruction	Fixation	Whole	99	54735	54802	67			0.52188	0.78623	2.82905
Recording1	p01	male	Timeline1	Entire Recording	1	instruction	Fixation	Partial	100	54869	54969	100			0.39192	0.73977	2.80586
Recording1	p01	male	Timeline1	Entire Recording	1	instruction	Fixation	Whole	101	55205	55355	150			0.40151	0.74195	2.83575
Recording1	p01	male	Timeline1	Entire Recording	1	instruction	Fixation	Whole	102	55421	55622	200			0.60706	0.82178	2.78825
Recording1	p01	male	Timeline1	Entire Recording	1	fixation	Fixation	Whole	103	55722	55872	150			0.52662	0.38989	2.77455
Recording1	p01	male	Timeline1	Entire Recording	1	fixation	Fixation	Whole	104	55888	56022	133			0.53855	0.35608	2.70148
Recording1	p01	male	Timeline1	Entire Recording	1	pizza	Fixation	Whole	105	56072	56222	150			0.53143	0.41103	2.6435
Recording1	p01	male	Timeline1	Entire Recording	1	pizza	Fixation	Whole	106	56438	56522	83			0.62487	0.31507	2.78076
Recording1	p01	male	Timeline1	Entire Recording	1	pizza	Fixation	Whole	107	56538	56605	67			0.62893	0.283	2.76391
Recording1	p01	male	Timeline1	Entire Recording	1	pizza	Fixation	Whole	108	56638	56855	217			0.55706	0.17641	2.77793
Recording1	p01	male	Timeline1	Entire Recording	1	pizza	Fixation	Whole	109	56922	57105	183			0.82242	0.41873	2.83467
Recording1	p01	male	Timeline1	Entire Recording	1	pizza	Fixation	Whole	110	57138	57255	117			0.91507	0.43621	2.85769
Recording1	p01	male	Timeline1	Entire Recording	1	pizza	Fixation	Whole	111	57322	57506	183			0.84255	0.39906	2.91313
Recording1	p01	male	Timeline1	Entire Recording	1	pizza	Fixation	Whole	112	57556	57639	83			0.83908	0.41019	2.8937
Recording1	p01	male	Timeline1	Entire Recording	1	pizza	Fixation	Whole	113	57722	57856	133			0.47124	0.10854	2.83922
Recording1	p01	male	Timeline1	Entire Recording	1	pizza	Fixation	Whole	114	57889	58305	417			0.54562	0.15736	2.84118
Recording1	p01	male	Timeline1	Entire Recording	1	pizza	Fixation	Whole	115	58322	58589	267			0.49819	0.14534	2.86051
Recording1	p01	male	Timeline1	Entire Recording	1	pizza	Fixation	Whole	116	58672	58855	183			0.45894	0.39953	2.83572
Recording1	p01	male	Timeline1	Entire Recording	1	pizza	Fixation	Whole	117	58872	59072	200			0.4528	0.42148	2.84277
Recording1	p01	male	Timeline1	Entire Recording	1	pizza	Fixation	Whole	118	59222	59422	200			0.48846	0.36808	2.72027
Recording1	p01	male	Timeline1	Entire Recording	1	pizza	Fixation	Whole	119	59722	59872	150			0.18884	0.4446	2.91127
Recording1	p01	male	Timeline1	Entire Recording	1	pizza	Fixation	Whole	120	60022	60155	133			0.08561	0.45768	2.85141
Recording1	p01	male	Timeline1	Entire Recording	1	pizza	Fixation	Whole	121	60238	60438	200			0.17971	0.48979	3.09941
Recording1	p01	male	Timeline1	Entire Recording	1	pizza	Fixation	Whole	122	60572	60755	183			0.08343	0.62791	3.14052
Recording1	p01	male	Timeline1	Entire Recording	1	pizza	Fixation	Whole	123	60805	60938	133			0.11125	0.6331	3.13655
Recording1	p01	male	Timeline1	Entire Recording	1	pizza	Fixation	Whole	124	61072	61222	151			0.90863	0.56187	3.01724
Recording1	p01	male	Timeline1	Entire Recording	1	pizza	Fixation	Whole	125	61256	61372	117			0.91428	0.59538	3.05774
Recording1	p01	male	Timeline1	Entire Recording	1	pizza	Fixation	Whole	126	61456	61639	183			0.87831	0.66286	3.00997
Recording1	p01	male	Timeline1	Entire Recording	1	pizza	Fixation	Whole	127	61722	61839	117			0.85352	0.66039	3.00002
Recording1	p01	male	Timeline1	Entire Recording	1	pizza	Fixation	Whole	128	61872	62106	233			0.70639	0.88152	2.91471
Recording1	p01	male	Timeline1	Entire Recording	1	pizza	Fixation	Whole	129	62139	62239	100			0.67686	0.91265	2.90781
Recording1	p01	male	Timeline1	Entire Recording	1	pizza	Fixation	Whole	130	62256	62522	267			0.68662	0.87832	2.87706
Recording1	p01	male	Timeline1	Entire Recording	1	pizza	Fixation	Whole	131	62606	62722	117			0.53862	0.30239	2.93672
Recording1	p01	male	Timeline1	Entire Recording	1	pizza	Fixation	Whole	132	62822	62989	167			0.69487	0.86376	2.90083
Recording1	p01	male	Timeline1	Entire Recording	1	pizza	Fixation	Whole	133	63039	63322	283			0.50604	0.30187	2.9331
Recording1	p01	male	Timeline1	Entire Recording	1	fixation	Fixation	Whole	134	63372	63639	267			0.53942	0.21116	2.90363
Recording1	p01	male	Timeline1	Entire Recording	1	cereal	Fixation	Whole	135	63722	64139	417			0.50251	0.46957	2.92776
Recording1	p01	male	Timeline1	Entire Recording	1	cereal	Fixation	Whole	136	64189	64256	67			0.50118	0.47597	2.93375
Recording1	p01	male	Timeline1	Entire Recording	1	cereal	Fixation	Whole	137	64472	64789	317			0.56701	0.18467	2.84132
Recording1	p01	male	Timeline1	Entire Recording	1	cereal	Fixation	Whole	138	64822	65006	183			0.53458	0.22811	2.82544
Recording1	p01	male	Timeline1	Entire Recording	1	cereal	Fixation	Whole	139	65056	65239	183			0.46175	0.20092	2.79282
Recording1	p01	male	Timeline1	Entire Recording	1	cereal	Fixation	Whole	140	65355	65506	150			0.55025	0.20811	2.80275
Recording1	p01	male	Timeline1	Entire Recording	1	cereal	Fixation	Whole	141	65622	65706	83			0.50112	0.26839	2.84512
Recording1	p01	male	Timeline1	Entire Recording	1	cereal	Fixation	Whole	142	65739	65839	100			0.47102	0.21408	2.74846
Recording1	p01	male	Timeline1	Entire Recording	1	cereal	Fixation	Whole	143	65939	66239	300			0.21356	0.49211	2.83104
Recording1	p01	male	Timeline1	Entire Recording	1	cereal	Fixation	Whole	144	66455	66521	67			0.16905	0.49975	2.79107
Recording1	p01	male	Timeline1	Entire Recording	1	cereal	Fixation	Whole	145	66571	66705	134			0.3216	0.79634	2.75215
Recording1	p01	male	Timeline1	Entire Recording	1	cereal	Fixation	Whole	146	66755	66972	217			0.48473	0.35345	2.80812
Recording1	p01	male	Timeline1	Entire Recording	1	cereal	Fixation	Whole	147	67055	67155	100			0.53905	0.41933	2.80064
Recording1	p01	male	Timeline1	Entire Recording	1	cereal	Fixation	Whole	148	67322	67389	67			0.89686	0.40729	2.69963
Recording1	p01	male	Timeline1	Entire Recording	1	cereal	Fixation	Whole	149	67522	67639	117			0.84927	0.36939	2.6888
Recording1	p01	male	Timeline1	Entire Recording	1	cereal	Fixation	Whole	150	67705	67889	183			0.81582	0.38912	2.69257
Recording1	p01	male	Timeline1	Entire Recording	1	cereal	Fixation	Whole	151	67939	68155	217			0.84141	0.37583	2.69863
Recording1	p01	male	Timeline1	Entire Recording	1	cereal	Fixation	Whole	152	68189	68472	283			0.90144	0.46788	2.79678
Recording1	p01	male	Timeline1	Entire Recording	1	cereal	Fixation	Whole	153	68556	68756	200			0.85817	0.46456	2.84305
Recording1	p01	male	Timeline1	Entire Recording	1	cereal	Fixation	Whole	154	68822	68906	83			0.19383	0.4568	2.87447
Recording1	p01	male	Timeline1	Entire Recording	1	cereal	Fixation	Whole	155	68956	69138	183			0.19896	0.46898	2.86213
Recording1	p01	male	Timeline1	Entire Recording	1	cereal	Fixation	Whole	156	69155	69422	267			0.12103	0.48899	2.85548
Recording1	p01	male	Timeline1	Entire Recording	1	cereal	Fixation	Whole	157	69522	69638	116			0.25739	0.46837	2.8086
Recording1	p01	male	Timeline1	Entire Recording	1	cereal	Fixation	Whole	158	69755	69921	167			0.20127	0.56706	2.85282
Recording1	p01	male	Timeline1	Entire Recording	1	cereal	Fixation	Whole	159	70021	70138	117			0.08334	0.56911	2.7768
Recording1	p01	male	Timeline1	Entire Recording	1	cereal	Fixation	Whole	160	70271	70471	200			0.09011	0.58727	2.8279
Recording1	p01	male	Timeline1	Entire Recording	1	cereal	Fixation	Whole	161	70488	70605	117			0.09479	0.60209	2.85883
Recording1	p01	male	Timeline1	Entire Recording	1	cereal	Fixation	Whole	162	70688	70855	167			0.09954	0.63915	2.88871
Recording1	p01	male	Timeline1	Entire Recording	1	cereal	Fixation	Whole	163	71288	71405	117			0.65849	0.91186	2.85878
Recording1	p01	male	Timeline1	Entire Recording	1	cereal	Fixation	Whole	164	71522	71855	333			0.48108	0.4555	2.79948
Recording1	p01	male	Timeline1	Entire Recording	1	fixation	Fixation	Whole	165	71971	72305	333			0.49562	0.5367	2.77428
Recording1	p01	male	Timeline1	Entire Recording	1	ice-cream	Fixation	Whole	166	72338	72472	133			0.51487	0.27189	2.7503
Recording1	p01	male	Timeline1	Entire Recording	1	ice-cream	Fixation	Whole	167	72505	72638	133			0.55165	0.16505	2.72458
Recording1	p01	male	Timeline1	Entire Recording	1	ice-cream	Fixation	Whole	168	72655	72755	100			0.54941	0.19442	2.69743
Recording1	p01	male	Timeline1	Entire Recording	1	ice-cream	Fixation	Whole	169	72772	72888	117			0.57058	0.19263	2.66075
Recording1	p01	male	Timeline1	Entire Recording	1	ice-cream	Fixation	Whole	170	73122	73322	200			0.46371	0.22525	2.66482
Recording1	p01	male	Timeline1	Entire Recording	1	ice-cream	Fixation	Whole	171	73372	73438	67			0.46073	0.23191	2.72679
Recording1	p01	male	Timeline1	Entire Recording	1	ice-cream	Fixation	Whole	172	73472	73605	133			0.49825	0.44689	2.77747
Recording1	p01	male	Timeline1	Entire Recording	1	ice-cream	Fixation	Whole	173	73938	74022	83			0.52531	0.1733	2.69948
Recording1	p01	male	Timeline1	Entire Recording	1	ice-cream	Fixation	Whole	174	74088	74205	117			0.54135	0.20368	2.70932
Recording1	p01	male	Timeline1	Entire Recording	1	ice-cream	Fixation	Whole	175	74372	74538	167			0.47091	0.21574	2.68081
Recording1	p01	male	Timeline1	Entire Recording	1	ice-cream	Fixation	Whole	176	75072	75271	200			0.4875	0.5021	2.83363
Recording1	p01	male	Timeline1	Entire Recording	1	ice-cream	Fixation	Whole	177	75555	75671	117			0.21897	0.51729	2.81356
Recording1	p01	male	Timeline1	Entire Recording	1	ice-cream	Fixation	Whole	178	75871	76005	133			0.20729	0.5285	2.89888
Recording1	p01	male	Timeline1	Entire Recording	1	ice-cream	Fixation	Whole	179	76121	76188	67			0.23399	0.5363	2.84401
Recording1	p01	male	Timeline1	Entire Recording	1	ice-cream	Fixation	Whole	180	76272	76355	83			0.87914	0.45748	2.58641
Recording1	p01	male	Timeline1	Entire Recording	1	ice-cream	Fixation	Whole	181	76522	76589	67			0.88351	0.47672	2.70504
Recording1	p01	male	Timeline1	Entire Recording	1	ice-cream	Fixation	Whole	182	76605	76672	67			0.89855	0.45208	2.64394
Recording1	p01	male	Timeline1	Entire Recording	1	ice-cream	Fixation	Whole	183	76689	76755	67			0.86056	0.51981	2.79732
Recording1	p01	male	Timeline1	Entire Recording	1	ice-cream	Fixation	Whole	184	76805	76989	183			0.54141	0.61304	2.7901
Recording1	p01	male	Timeline1	Entire Recording	1	ice-cream	Fixation	Whole	185	77039	77172	133			0.73412	0.98797	2.73231
Recording1	p01	male	Timeline1	Entire Recording	1	ice-cream	Fixation	Whole	186	77189	77455	266			0.69762	0.95132	2.75851
Recording1	p01	male	Timeline1	Entire Recording	1	fixation	Fixation	Whole	187	77522	77672	150			0.70659	0.93744	2.80315
Recording1	p01	male	Timeline1	Entire Recording	1	date	Fixation	Whole	188	78089	78172	83			0.51858	0.49701	2.82515
Recording1	p01	male	Timeline1	Entire Recording	1	date	Fixation	Whole	189	78189	78289	100			0.50822	0.46545	2.75655
Recording1	p01	male	Timeline1	Entire Recording	1	date	Fixation	Whole	190	78305	78389	83			0.5284	0.49125	2.84444
Recording1	p01	male	Timeline1	Entire Recording	1	date	Fixation	Whole	191	78455	78555	100			0.56491	0.46269	2.89107
Recording1	p01	male	Timeline1	Entire Recording	1	date	Fixation	Whole	192	78622	78722	100			0.55829	0.42847	2.90282
Recording1	p01	male	Timeline1	Entire Recording	1	date	Fixation	Whole	193	78872	78939	67			0.52014	0.25867	2.86812
Recording1	p01	male	Timeline1	Entire Recording	1	date	Fixation	Whole	194	79172	79305	133			0.5483	0.2635	2.77489
Recording1	p01	male	Timeline1	Entire Recording	1	date	Fixation	Whole	195	79355	79505	150			0.55102	0.29814	2.86263
Recording1	p01	male	Timeline1	Entire Recording	1	date	Fixation	Whole	196	79872	79939	67			0.85122	0.32877	2.69649
Recording1	p01	male	Timeline1	Entire Recording	1	date	Fixation	Whole	197	80022	80155	133			0.84329	0.3451	2.77123
Recording1	p01	male	Timeline1	Entire Recording	1	date	Fixation	Whole	198	80305	80372	67			0.83033	0.35902	2.7855
Recording1	p01	male	Timeline1	Entire Recording	1	date	Fixation	Whole	199	80439	80539	100			0.50806	0.30192	2.79646
Recording1	p01	male	Timeline1	Entire Recording	1	date	Fixation	Whole	200	80589	80689	100			0.82792	0.34078	2.80393
Recording1	p01	male	Timeline1	Entire Recording	1	date	Fixation	Whole	201	80705	80772	67			0.8454	0.29491	2.77167
Recording1	p01	male	Timeline1	Entire Recording	1	date	Fixation	Whole	202	80872	80955	83			0.84136	0.3297	2.74737
Recording1	p01	male	Timeline1	Entire Recording	1	date	Fixation	Whole	203	81072	81222	150			0.56378	0.20573	2.74374
Recording1	p01	male	Timeline1	Entire Recording	1	date	Fixation	Whole	204	81239	81322	83			0.56424	0.24506	2.78272
Recording1	p01	male	Timeline1	Entire Recording	1	date	Fixation	Whole	205	81472	81589	117			0.47135	0.21542	2.73059
Recording1	p01	male	Timeline1	Entire Recording	1	date	Fixation	Whole	206	81655	81739	83			0.46959	0.21771	2.74624
Recording1	p01	male	Timeline1	Entire Recording	1	date	Fixation	Whole	207	81805	81922	117			0.1752	0.4996	2.88046
Recording1	p01	male	Timeline1	Entire Recording	1	date	Fixation	Whole	208	82038	82155	117			0.23714	0.49059	2.8691
Recording1	p01	male	Timeline1	Entire Recording	1	date	Fixation	Whole	209	82289	82538	249			0.1099	0.49026	2.84489
Recording1	p01	male	Timeline1	Entire Recording	1	date	Fixation	Whole	210	82688	82772	83			0.11266	0.48358	2.8662
Recording1	p01	male	Timeline1	Entire Recording	1	date	Fixation	Whole	211	82788	82921	133			0.20551	0.49491	2.90246
Recording1	p01	male	Timeline1	Entire Recording	1	date	Fixation	Whole	212	83071	83205	133			0.29532	0.50343	2.97957
Recording1	p01	male	Timeline1	Entire Recording	1	date	Fixation	Whole	213	83288	83422	133			0.63653	0.69559	2.84236
Recording1	p01	male	Timeline1	Entire Recording	1	date	Fixation	Whole	214	83472	83555	83			0.67043	0.8756	2.85554
Recording1	p01	male	Timeline1	Entire Recording	1	date	Fixation	Whole	215	83705	83888	183			0.56413	0.36358	2.85219
Recording1	p01	male	Timeline1	Entire Recording	1	date	Fixation	Whole	216	83938	84122	183			0.67448	0.93688	2.86909
Recording1	p01	male	Timeline1	Entire Recording	1	cake	Fixation	Whole	217	84305	84738	433			0.49147	0.35521	2.83611
Recording1	p01	male	Timeline1	Entire Recording	1	cake	Fixation	Whole	218	84905	85038	133			0.55348	0.46023	2.90052
Recording1	p01	male	Timeline1	Entire Recording	1	cake	Fixation	Whole	219	85205	85321	117			0.52146	0.22638	2.87296
Recording1	p01	male	Timeline1	Entire Recording	1	cake	Fixation	Whole	220	85338	85605	267			0.57186	0.17796	2.79745
Recording1	p01	male	Timeline1	Entire Recording	1	cake	Fixation	Whole	221	85688	85805	117			0.54965	0.41896	2.81442
Recording1	p01	male	Timeline1	Entire Recording	1	cake	Fixation	Whole	222	85838	85938	100			0.62572	0.5851	2.855
Recording1	p01	male	Timeline1	Entire Recording	1	cake	Fixation	Whole	223	85955	86022	67			0.61027	0.60438	2.91246
Recording1	p01	male	Timeline1	Entire Recording	1	cake	Fixation	Whole	224	86122	86205	83			0.51029	0.44436	2.94489
Recording1	p01	male	Timeline1	Entire Recording	1	cake	Fixation	Whole	225	86255	86388	133			0.51266	0.18138	2.84736
Recording1	p01	male	Timeline1	Entire Recording	1	cake	Fixation	Whole	226	86438	86588	150			0.57874	0.17352	2.79021
Recording1	p01	male	Timeline1	Entire Recording	1	cake	Fixation	Whole	227	86622	86805	183			0.53268	0.20874	2.75029
Recording1	p01	male	Timeline1	Entire Recording	1	cake	Fixation	Whole	228	86871	87071	200			0.65137	0.85751	2.80168
Recording1	p01	male	Timeline1	Entire Recording	1	cake	Fixation	Whole	229	87121	87238	117			0.68683	0.90166	2.76909
Recording1	p01	male	Timeline1	Entire Recording	1	cake	Fixation	Whole	230	87321	87505	183			0.51968	0.18961	2.74505
Recording1	p01	male	Timeline1	Entire Recording	1	cake	Fixation	Whole	231	87555	87621	67			0.52544	0.17327	2.73751
Recording1	p01	male	Timeline1	Entire Recording	1	cake	Fixation	Whole	232	87638	87871	233			0.4713	0.22989	2.74972
Recording1	p01	male	Timeline1	Entire Recording	1	thanks	Fixation	Whole	233	87938	88005	67			0.48401	0.332	2.75908
Recording1	p01	male	Timeline1	Entire Recording	1	thanks	Fixation	Whole	234	88171	88371	200			0.75841	0.38536	2.72736
Recording1	p01	male	Timeline1	Entire Recording	1	thanks	Fixation	Whole	235	88871	88988	117			0.55326	0.61034	2.79021
Recording1	p01	male	Timeline1	Entire Recording	1	thanks	Fixation	Whole	236	89021	89105	83			0.44409	0.69826	2.9079
Recording1	p01	male	Timeline1	Entire Recording	1	thanks	Fixation	Whole	237	89188	89355	167			0.45281	0.68106	2.82019
Recording2	P2	male	Timeline1	cake	1	cake	Fixation	Partial	1	0	324	324			0.49067	0.45418	3.01239
Recording2	P2	male	Timeline1	cake	1	cake	Fixation	Whole	2	357	541	183			0.5026	0.10891	3.07069
Recording2	P2	male	Timeline1	cake	1	cake	Fixation	Whole	3	557	874	317			0.54849	0.15113	3.09372
Recording2	P2	male	Timeline1	cake	1	cake	Fixation	Whole	4	957	1074	117			0.50938	0.37054	3.04157
Recording2	P2	male	Timeline1	cake	1	cake	Fixation	Whole	5	1174	1341	167			0.50925	0.35843	3.05559
Recording2	P2	male	Timeline1	cake	1	cake	Fixation	Whole	6	1407	1741	333			0.48817	0.52731	3.19115
Recording2	P2	male	Timeline1	cake	1	cake	Fixation	Whole	7	1807	1924	117			0.51222	0.48996	3.16222
Recording2	P2	male	Timeline1	cake	1	cake	Fixation	Whole	8	2224	2324	100			0.4772	0.49405	3.11107
Recording2	P2	male	Timeline1	cake	1	cake	Fixation	Whole	9	2341	2441	100			0.46972	0.44801	2.98615
Recording2	P2	male	Timeline1	cake	1	cake	Fixation	Whole	10	2474	2674	200			0.49227	0.46333	2.93702
Recording2	P2	male	Timeline1	cake	1	cake	Fixation	Whole	11	2707	2857	150			0.52834	0.0693	2.94192
Recording2	P2	male	Timeline1	cake	1	cake	Fixation	Whole	12	2891	3207	317			0.5465	0.11126	2.87621
Recording2	P2	male	Timeline1	cake	1	cake	Fixation	Whole	13	3241	3457	217			0.47015	0.11933	2.87797
Recording2	P2	male	Timeline1	cake	1	cake	Fixation	Whole	14	3491	3641	150			0.532	0.13438	2.82686
Recording2	P2	male	Timeline1	cake	1	cake	Fixation	Whole	15	3657	3824	167			0.55914	0.12772	2.82209
Recording2	P2	male	Timeline1	cake	1	cake	Fixation	Whole	16	3857	4107	250			0.42869	0.13884	2.84289
Recording2	P2	male	Timeline1	cake	1	cake	Fixation	Whole	17	4190	4307	116			0.12645	0.51227	2.91601
Recording2	P2	male	Timeline1	cake	1	cake	Fixation	Whole	18	4607	4707	100			0.19332	0.38969	2.77934
Recording2	P2	male	Timeline1	cake	1	cake	Fixation	Whole	19	4740	4907	167			0.09537	0.44116	2.84911
Recording2	P2	male	Timeline1	cake	1	cake	Fixation	Whole	20	4923	5040	117			0.11304	0.42834	2.79398
Recording2	P2	male	Timeline1	cake	1	cake	Fixation	Whole	21	5057	5123	67			0.10168	0.4605	2.81031
Recording2	P2	male	Timeline1	cake	1	cake	Fixation	Whole	22	5190	5273	83			0.07433	0.4367	2.76887
Recording2	P2	male	Timeline1	cake	1	cake	Fixation	Whole	23	5373	5440	67			0.21001	0.35511	2.70316
Recording2	P2	male	Timeline1	cake	1	cake	Fixation	Whole	24	5490	5640	150			0.11148	0.45616	2.7615
Recording2	P2	male	Timeline1	cake	1	cake	Fixation	Whole	25	5657	5723	67			0.07973	0.46603	2.82761
Recording2	P2	male	Timeline1	cake	1	cake	Fixation	Whole	26	5757	5857	100			0.0661	0.43573	2.77112
Recording2	P2	male	Timeline1	cake	1	cake	Fixation	Whole	27	6140	6323	183			0.23934	0.49165	2.89491
Recording2	P2	male	Timeline1	cake	1	cake	Fixation	Whole	28	6707	6773	67			0.25536	0.55148	2.80326
Recording2	P2	male	Timeline1	cake	1	cake	Fixation	Whole	29	6790	6873	83			0.24281	0.59642	2.74506
Recording2	P2	male	Timeline1	cake	1	cake	Fixation	Whole	30	7023	7274	251			0.90823	0.34788	2.69412
Recording2	P2	male	Timeline1	cake	1	cake	Fixation	Whole	31	7291	7557	267			0.90269	0.43097	2.84
Recording2	P2	male	Timeline1	cake	1	cake	Fixation	Whole	32	7624	7874	250			0.90721	0.49358	2.85701
Recording2	P2	male	Timeline1	cake	1	cake	Fixation	Whole	33	8257	8474	217			0.68963	0.87096	2.90886
Recording2	P2	male	Timeline1	cake	1	cake	Fixation	Partial	34	8541	8717	176			0.5018	0.14535	2.88118
Recording2	P2	male	Timeline1	cereal	1	cereal	Fixation	Whole	1	6	89	83			0.51293	0.43161	2.84237
Recording2	P2	male	Timeline1	cereal	1	cereal	Fixation	Whole	2	106	189	83			0.51447	0.46058	2.83837
Recording2	P2	male	Timeline1	cereal	1	cereal	Fixation	Whole	3	306	456	150			0.53886	0.09845	2.76243
Recording2	P2	male	Timeline1	cereal	1	cereal	Fixation	Whole	4	473	706	233			0.5703	0.13764	2.80291
Recording2	P2	male	Timeline1	cereal	1	cereal	Fixation	Whole	5	740	856	117			0.50133	0.12938	2.79485
Recording2	P2	male	Timeline1	cereal	1	cereal	Fixation	Whole	6	873	956	83			0.46841	0.16354	2.8143
Recording2	P2	male	Timeline1	cereal	1	cereal	Fixation	Whole	7	973	1039	67			0.44292	0.14199	2.73617
Recording2	P2	male	Timeline1	cereal	1	cereal	Fixation	Whole	8	1156	1473	317			0.58367	0.1311	2.70798
Recording2	P2	male	Timeline1	cereal	1	cereal	Fixation	Whole	9	1489	1589	100			0.59897	0.14072	2.67955
Recording2	P2	male	Timeline1	cereal	1	cereal	Fixation	Whole	10	1807	1890	83			0.93424	0.35141	2.54478
Recording2	P2	male	Timeline1	cereal	1	cereal	Fixation	Whole	11	1923	2007	83			0.91374	0.4029	2.64098
Recording2	P2	male	Timeline1	cereal	1	cereal	Fixation	Whole	12	2040	2173	133			0.82648	0.32488	2.64262
Recording2	P2	male	Timeline1	cereal	1	cereal	Fixation	Whole	13	2190	2407	217			0.83897	0.29987	2.62148
Recording2	P2	male	Timeline1	cereal	1	cereal	Fixation	Whole	14	2440	2507	67			0.83357	0.35501	2.65322
Recording2	P2	male	Timeline1	cereal	1	cereal	Fixation	Whole	15	2623	2823	200			0.44553	0.21267	2.6157
Recording2	P2	male	Timeline1	cereal	1	cereal	Fixation	Whole	16	2873	3107	233			0.54231	0.09815	2.61246
Recording2	P2	male	Timeline1	cereal	1	cereal	Fixation	Whole	17	3157	3240	83			0.24842	0.35374	2.7332
Recording2	P2	male	Timeline1	cereal	1	cereal	Fixation	Whole	18	3390	3556	166			0.1647	0.40953	2.7149
Recording2	P2	male	Timeline1	cereal	1	cereal	Fixation	Whole	19	3789	3939	150			0.07708	0.41519	2.69238
Recording2	P2	male	Timeline1	cereal	1	cereal	Fixation	Whole	20	3956	4073	117			0.12183	0.42903	2.6804
Recording2	P2	male	Timeline1	cereal	1	cereal	Fixation	Whole	21	4273	4406	133			0.21246	0.37002	2.63429
Recording2	P2	male	Timeline1	cereal	1	cereal	Fixation	Whole	22	4489	4789	300			0.4868	0.24319	2.55331
Recording2	P2	male	Timeline1	cereal	1	cereal	Fixation	Whole	23	4823	5006	183			0.55767	0.21829	2.6157
Recording2	P2	male	Timeline1	cereal	1	cereal	Fixation	Whole	24	5023	5089	67			0.53828	0.28375	2.3342
Recording2	P2	male	Timeline1	cereal	1	cereal	Fixation	Whole	25	5106	5273	167			0.52708	0.34862	2.51278
Recording2	P2	male	Timeline1	cereal	1	cereal	Fixation	Whole	26	5289	5373	83			0.53855	0.33248	2.50038
Recording2	P2	male	Timeline1	cereal	1	cereal	Fixation	Whole	27	5573	5673	100			0.4879	0.46815	2.5493
Recording2	P2	male	Timeline1	cereal	1	cereal	Fixation	Whole	28	5856	6006	150			0.71767	0.87975	2.5635
Recording2	P2	male	Timeline1	cereal	1	cereal	Fixation	Whole	29	6023	6123	100			0.75248	0.86915	2.49983
Recording2	P2	male	Timeline1	cereal	1	cereal	Fixation	Whole	30	6307	6390	83			0.67627	0.86419	2.73964
Recording2	P2	male	Timeline1	cereal	1	cereal	Fixation	Whole	31	6473	6557	83			0.69828	0.87907	2.80044
Recording2	P2	male	Timeline1	cereal	1	cereal	Fixation	Whole	32	6673	6840	167			0.52361	0.1279	2.6995
Recording2	P2	male	Timeline1	cereal	1	cereal	Fixation	Partial	33	6857	6867	10			0.53072	0.15172	2.75016
Recording2	P2	male	Timeline1	date	1	date	Fixation	Partial	1	0	260	260			0.49273	0.50409	2.95222
Recording2	P2	male	Timeline1	date	1	date	Fixation	Whole	2	344	494	150			0.53057	0.22813	2.91416
Recording2	P2	male	Timeline1	date	1	date	Fixation	Whole	3	677	910	233			0.53899	0.17317	2.74083
Recording2	P2	male	Timeline1	date	1	date	Fixation	Whole	4	927	1077	150			0.5069	0.21401	2.71351
Recording2	P2	male	Timeline1	date	1	date	Fixation	Whole	5	1094	1327	233			0.53485	0.20066	2.74423
Recording2	P2	male	Timeline1	date	1	date	Fixation	Whole	6	1360	1444	83			0.48123	0.19607	2.74551
Recording2	P2	male	Timeline1	date	1	date	Fixation	Whole	7	1544	1760	217			0.54936	0.19763	2.77604
Recording2	P2	male	Timeline1	date	1	date	Fixation	Whole	8	1877	1960	83			0.48209	0.21028	2.74894
Recording2	P2	male	Timeline1	date	1	date	Fixation	Whole	9	2210	2277	67			0.40854	0.28982	2.73899
Recording2	P2	male	Timeline1	date	1	date	Fixation	Whole	10	2594	2660	67			0.23314	0.56368	2.87144
Recording2	P2	male	Timeline1	date	1	date	Fixation	Whole	11	3344	3444	100			0.30772	0.64879	2.89056
Recording2	P2	male	Timeline1	date	1	date	Fixation	Whole	12	3510	3710	200			0.50078	0.53901	2.64528
Recording2	P2	male	Timeline1	date	1	date	Fixation	Whole	13	4744	4828	83			0.25718	0.52294	2.74352
Recording2	P2	male	Timeline1	date	1	date	Fixation	Whole	14	5127	5377	250			0.13512	0.55399	2.78432
Recording2	P2	male	Timeline1	date	1	date	Fixation	Whole	15	5560	5627	67			0.15761	0.52871	2.77817
Recording2	P2	male	Timeline1	date	1	date	Fixation	Whole	16	5644	5761	117			0.24862	0.58404	2.86864
Recording2	P2	male	Timeline1	date	1	date	Fixation	Whole	17	5811	5877	67			0.24714	0.5749	2.86045
Recording2	P2	male	Timeline1	date	1	date	Fixation	Whole	18	5927	6044	117			0.24476	0.53263	2.81297
Recording2	P2	male	Timeline1	date	1	date	Fixation	Whole	19	6094	6160	67			0.24288	0.67553	2.88635
Recording2	P2	male	Timeline1	date	1	date	Fixation	Whole	20	6494	6577	83			0.50626	0.83858	2.7235
Recording2	P2	male	Timeline1	date	1	date	Fixation	Whole	21	6944	7060	117			0.6676	0.90703	2.75877
Recording2	P2	male	Timeline1	date	1	date	Fixation	Partial	22	7260	7300	40			0.51774	0.34906	2.76331
Recording2	P2	male	Timeline1	fixation	1	fixation	Fixation	Whole	1	89	339	250			0.54254	0.27894	2.68047
Recording2	P2	male	Timeline1	fixation	1	fixation	Fixation	Whole	2	373	489	117			0.51714	0.42262	2.67696
Recording2	P2	male	Timeline1	fixation	1	fixation	Fixation	Partial	3	539	683	144			0.51588	0.43983	2.77387
Recording2	P2	male	Timeline1	fixation	2	fixation	Fixation	Whole	1	7	73	66			0.28919	0.78828	3.02152
Recording2	P2	male	Timeline1	fixation	2	fixation	Fixation	Whole	2	89	206	117			0.29443	0.75406	2.97481
Recording2	P2	male	Timeline1	fixation	2	fixation	Fixation	Whole	3	306	456	150			0.51109	0.30316	2.92205
Recording2	P2	male	Timeline1	fixation	2	fixation	Fixation	Whole	4	506	690	183			0.51432	0.28407	2.80455
Recording2	P2	male	Timeline1	fixation	2	fixation	Fixation	Whole	5	823	956	133			0.57383	0.25978	2.71602
Recording2	P2	male	Timeline1	fixation	2	fixation	Fixation	Whole	6	1056	1223	167			0.60571	0.18952	2.79061
Recording2	P2	male	Timeline1	fixation	2	fixation	Fixation	Whole	7	1273	1423	150			0.60473	0.20787	2.73438
Recording2	P2	male	Timeline1	fixation	2	fixation	Fixation	Whole	8	1739	1923	183			0.51567	0.45442	2.79046
Recording2	P2	male	Timeline1	fixation	3	fixation	Fixation	Partial	1	0	290	290			0.53072	0.15172	2.70113
Recording2	P2	male	Timeline1	fixation	3	fixation	Fixation	Whole	2	774	1308	533			0.51082	0.20558	2.68465
Recording2	P2	male	Timeline1	fixation	3	fixation	Fixation	Partial	3	1358	1683	326			0.48318	0.35484	2.82332
Recording2	P2	male	Timeline1	fixation	4	fixation	Fixation	Partial	1	0	57	57			0.46488	0.17553	2.96464
Recording2	P2	male	Timeline1	fixation	4	fixation	Fixation	Whole	2	107	241	133			0.46278	0.17715	2.94328
Recording2	P2	male	Timeline1	fixation	4	fixation	Fixation	Partial	3	407	583	176			0.49067	0.45418	2.95063
Recording2	P2	male	Timeline1	fixation	5	fixation	Fixation	Partial	1	0	91	91			0.5018	0.14535	2.82888
Recording2	P2	male	Timeline1	fixation	5	fixation	Fixation	Whole	2	124	324	200			0.4944	0.12858	2.83102
Recording2	P2	male	Timeline1	fixation	5	fixation	Fixation	Whole	3	827	1144	317			0.51661	0.25276	2.76797
Recording2	P2	male	Timeline1	fixation	5	fixation	Fixation	Whole	4	1244	1310	67			0.50312	0.28009	2.79554
Recording2	P2	male	Timeline1	fixation	5	fixation	Fixation	Whole	5	1327	1460	133			0.50078	0.31044	2.85211
Recording2	P2	male	Timeline1	fixation	5	fixation	Fixation	Whole	6	1477	1694	217			0.49228	0.51167	2.90844
Recording2	P2	male	Timeline1	fixation	5	fixation	Fixation	Partial	7	1777	1783	6			0.49273	0.50409	
Recording2	P2	male	Timeline1	ice-cream	1	ice-cream	Fixation	Partial	1	0	57	57			0.48318	0.35484	2.81658
Recording2	P2	male	Timeline1	ice-cream	1	ice-cream	Fixation	Whole	2	74	207	133			0.48614	0.4577	2.82247
Recording2	P2	male	Timeline1	ice-cream	1	ice-cream	Fixation	Whole	3	341	507	167			0.51986	0.14616	2.82352
Recording2	P2	male	Timeline1	ice-cream	1	ice-cream	Fixation	Whole	4	524	757	233			0.55484	0.14167	2.77514
Recording2	P2	male	Timeline1	ice-cream	1	ice-cream	Fixation	Whole	5	774	1057	283			0.54204	0.12773	2.69165
Recording2	P2	male	Timeline1	ice-cream	1	ice-cream	Fixation	Whole	6	1074	1341	267			0.5648	0.13243	2.64997
Recording2	P2	male	Timeline1	ice-cream	1	ice-cream	Fixation	Whole	7	1357	1541	183			0.51394	0.12331	2.67608
Recording2	P2	male	Timeline1	ice-cream	1	ice-cream	Fixation	Whole	8	1608	1741	133			0.4529	0.13967	2.69268
Recording2	P2	male	Timeline1	ice-cream	1	ice-cream	Fixation	Whole	9	1758	1874	117			0.41477	0.12897	2.68891
Recording2	P2	male	Timeline1	ice-cream	1	ice-cream	Fixation	Whole	10	1958	2024	67			0.48336	0.35685	2.62764
Recording2	P2	male	Timeline1	ice-cream	1	ice-cream	Fixation	Whole	11	2341	2574	233			0.46865	0.50254	2.72432
Recording2	P2	male	Timeline1	ice-cream	1	ice-cream	Fixation	Whole	12	2758	2874	117			0.43603	0.15284	2.7037
Recording2	P2	male	Timeline1	ice-cream	1	ice-cream	Fixation	Whole	13	2908	3291	383			0.40853	0.12604	2.68759
Recording2	P2	male	Timeline1	ice-cream	1	ice-cream	Fixation	Whole	14	3341	3608	267			0.5074	0.39655	2.67692
Recording2	P2	male	Timeline1	ice-cream	1	ice-cream	Fixation	Whole	15	3658	3758	100			0.46875	0.4452	2.76819
Recording2	P2	male	Timeline1	ice-cream	1	ice-cream	Fixation	Whole	16	3908	3974	67			0.83046	0.25898	2.79165
Recording2	P2	male	Timeline1	ice-cream	1	ice-cream	Fixation	Whole	17	4041	4141	100			0.8231	0.29133	2.87368
Recording2	P2	male	Timeline1	ice-cream	1	ice-cream	Fixation	Whole	18	4224	4424	200			0.8569	0.31232	2.92482
Recording2	P2	male	Timeline1	ice-cream	1	ice-cream	Fixation	Whole	19	4457	4608	150			0.89025	0.40551	3.01019
Recording2	P2	male	Timeline1	ice-cream	1	ice-cream	Fixation	Whole	20	4708	4941	233			0.8316	0.39472	2.99523
Recording2	P2	male	Timeline1	ice-cream	1	ice-cream	Fixation	Whole	21	4974	5207	233			0.90556	0.48511	2.93964
Recording2	P2	male	Timeline1	ice-cream	1	ice-cream	Fixation	Whole	22	5241	5407	167			0.90689	0.59481	2.93353
Recording2	P2	male	Timeline1	ice-cream	1	ice-cream	Fixation	Whole	23	5624	5874	250			0.49775	0.45823	2.91691
Recording2	P2	male	Timeline1	ice-cream	1	ice-cream	Fixation	Whole	24	5957	6124	167			0.47396	0.44987	2.88198
Recording2	P2	male	Timeline1	ice-cream	1	ice-cream	Fixation	Whole	25	6157	6241	83			0.45364	0.57451	2.77831
Recording2	P2	male	Timeline1	ice-cream	1	ice-cream	Fixation	Whole	26	6257	6424	167			0.46634	0.57248	2.76722
Recording2	P2	male	Timeline1	ice-cream	1	ice-cream	Fixation	Whole	27	6524	6624	100			0.52201	0.39035	2.77409
Recording2	P2	male	Timeline1	ice-cream	1	ice-cream	Fixation	Whole	28	6641	6958	317			0.51231	0.35726	2.63173
Recording2	P2	male	Timeline1	ice-cream	1	ice-cream	Fixation	Whole	29	6974	7157	183			0.46036	0.36727	2.66981
Recording2	P2	male	Timeline1	ice-cream	1	ice-cream	Fixation	Whole	30	7274	7357	83			0.8254	0.29862	2.84753
Recording2	P2	male	Timeline1	ice-cream	1	ice-cream	Fixation	Whole	31	7407	7491	83			0.82594	0.25612	2.76898
Recording2	P2	male	Timeline1	ice-cream	1	ice-cream	Fixation	Whole	32	7507	7624	117			0.84758	0.29488	2.85852
Recording2	P2	male	Timeline1	ice-cream	1	ice-cream	Fixation	Whole	33	7791	7941	150			0.50292	0.11845	2.75438
Recording2	P2	male	Timeline1	ice-cream	1	ice-cream	Fixation	Whole	34	8041	8141	100			0.16437	0.49986	2.86667
Recording2	P2	male	Timeline1	ice-cream	1	ice-cream	Fixation	Whole	35	8307	8440	133			0.48071	0.3335	2.76091
Recording2	P2	male	Timeline1	ice-cream	1	ice-cream	Fixation	Whole	36	8557	8690	133			0.25137	0.36875	2.78455
Recording2	P2	male	Timeline1	ice-cream	1	ice-cream	Fixation	Whole	37	8757	8907	150			0.18301	0.35278	2.83876
Recording2	P2	male	Timeline1	ice-cream	1	ice-cream	Fixation	Whole	38	9040	9124	83			0.67124	0.83561	2.82328
Recording2	P2	male	Timeline1	ice-cream	1	ice-cream	Fixation	Whole	39	9357	9490	133			0.76133	0.88564	2.85415
Recording2	P2	male	Timeline1	ice-cream	1	ice-cream	Fixation	Whole	40	9574	9707	133			0.75787	0.88561	2.85535
Recording2	P2	male	Timeline1	ice-cream	1	ice-cream	Fixation	Whole	41	9824	10057	233			0.70211	0.88562	3.07115
Recording2	P2	male	Timeline1	ice-cream	1	ice-cream	Fixation	Partial	42	10107	10233	126			0.46488	0.17553	2.96502
Recording2	P2	male	Timeline1	instruction	1	instruction	Fixation	Partial	1	0	306	306			0.48608	0.35593	3.51225
Recording2	P2	male	Timeline1	instruction	1	instruction	Fixation	Whole	2	356	473	117			0.55213	0.20364	3.3078
Recording2	P2	male	Timeline1	instruction	1	instruction	Fixation	Whole	3	489	556	67			0.52805	0.18189	2.98317
Recording2	P2	male	Timeline1	instruction	1	instruction	Fixation	Whole	4	573	639	67			0.54292	0.15957	2.83828
Recording2	P2	male	Timeline1	instruction	1	instruction	Fixation	Whole	5	706	823	117			0.84984	0.26702	2.66475
Recording2	P2	male	Timeline1	instruction	1	instruction	Fixation	Whole	6	957	1073	117			0.54811	0.2599	2.65548
Recording2	P2	male	Timeline1	instruction	1	instruction	Fixation	Whole	7	1207	1307	100			0.46585	0.17202	2.64249
Recording2	P2	male	Timeline1	instruction	1	instruction	Fixation	Whole	8	1407	1573	167			0.8524	0.23903	2.64145
Recording2	P2	male	Timeline1	instruction	1	instruction	Fixation	Whole	9	1807	1957	150			0.70454	0.19678	2.69444
Recording2	P2	male	Timeline1	instruction	1	instruction	Fixation	Whole	10	2024	2157	133			0.59679	0.20088	2.74643
Recording2	P2	male	Timeline1	instruction	1	instruction	Fixation	Whole	11	2257	2390	133			0.48994	0.20811	2.82844
Recording2	P2	male	Timeline1	instruction	1	instruction	Fixation	Whole	12	2407	2590	183			0.41545	0.21647	2.78263
Recording2	P2	male	Timeline1	instruction	1	instruction	Fixation	Whole	13	2624	2840	217			0.34945	0.22259	2.75598
Recording2	P2	male	Timeline1	instruction	1	instruction	Fixation	Whole	14	2857	3007	150			0.26257	0.22846	2.74913
Recording2	P2	male	Timeline1	instruction	1	instruction	Fixation	Whole	15	3073	3173	100			0.20031	0.25995	2.73843
Recording2	P2	male	Timeline1	instruction	1	instruction	Fixation	Whole	16	3223	3290	66			0.20359	0.21091	2.74933
Recording2	P2	male	Timeline1	instruction	1	instruction	Fixation	Whole	17	3323	3440	117			0.16624	0.23352	2.72019
Recording2	P2	male	Timeline1	instruction	1	instruction	Fixation	Whole	18	3556	3673	117			0.84146	0.34434	2.69977
Recording2	P2	male	Timeline1	instruction	1	instruction	Fixation	Whole	19	3707	3857	150			0.74685	0.27305	2.66157
Recording2	P2	male	Timeline1	instruction	1	instruction	Fixation	Whole	20	3940	4074	133			0.64301	0.23252	2.5659
Recording2	P2	male	Timeline1	instruction	1	instruction	Fixation	Whole	21	4107	4373	266			0.53087	0.25273	2.62763
Recording2	P2	male	Timeline1	instruction	1	instruction	Fixation	Whole	22	4423	4673	250			0.42145	0.26924	2.67231
Recording2	P2	male	Timeline1	instruction	1	instruction	Fixation	Whole	23	4823	4907	83			0.31943	0.26628	2.66178
Recording2	P2	male	Timeline1	instruction	1	instruction	Fixation	Whole	24	5090	5190	100			0.72988	0.33805	2.66968
Recording2	P2	male	Timeline1	instruction	1	instruction	Fixation	Whole	25	5223	5307	83			0.86483	0.44391	2.76904
Recording2	P2	male	Timeline1	instruction	1	instruction	Fixation	Whole	26	5323	5390	67			0.87605	0.39278	2.71975
Recording2	P2	male	Timeline1	instruction	1	instruction	Fixation	Whole	27	5423	5540	117			0.80004	0.40179	2.81777
Recording2	P2	male	Timeline1	instruction	1	instruction	Fixation	Whole	28	5657	5757	100			0.66422	0.34509	2.7146
Recording2	P2	male	Timeline1	instruction	1	instruction	Fixation	Whole	29	5857	5990	133			0.61025	0.34573	2.71084
Recording2	P2	male	Timeline1	instruction	1	instruction	Fixation	Whole	30	6023	6107	83			0.50255	0.3383	2.72535
Recording2	P2	male	Timeline1	instruction	1	instruction	Fixation	Whole	31	6157	6240	83			0.50292	0.37754	2.77928
Recording2	P2	male	Timeline1	instruction	1	instruction	Fixation	Whole	32	6257	6373	117			0.43952	0.39876	2.81241
Recording2	P2	male	Timeline1	instruction	1	instruction	Fixation	Whole	33	6390	6457	67			0.42745	0.37165	2.7842
Recording2	P2	male	Timeline1	instruction	1	instruction	Fixation	Whole	34	6573	6873	300			0.39615	0.39997	2.76887
Recording2	P2	male	Timeline1	instruction	1	instruction	Fixation	Whole	35	6973	7090	117			0.26064	0.39387	2.70413
Recording2	P2	male	Timeline1	instruction	1	instruction	Fixation	Whole	36	7190	7356	166			0.17059	0.43416	2.76615
Recording2	P2	male	Timeline1	instruction	1	instruction	Fixation	Whole	37	7373	7490	117			0.11735	0.41702	2.80709
Recording2	P2	male	Timeline1	instruction	1	instruction	Fixation	Whole	38	7556	7656	100			0.88525	0.49099	2.76444
Recording2	P2	male	Timeline1	instruction	1	instruction	Fixation	Whole	39	7757	7823	67			0.71781	0.43447	2.71556
Recording2	P2	male	Timeline1	instruction	1	instruction	Fixation	Whole	40	7840	7923	83			0.71613	0.47156	2.85941
Recording2	P2	male	Timeline1	instruction	1	instruction	Fixation	Whole	41	7974	8207	233			0.63789	0.43684	2.79156
Recording2	P2	male	Timeline1	instruction	1	instruction	Fixation	Whole	42	8223	8473	250			0.54057	0.44647	2.79495
Recording2	P2	male	Timeline1	instruction	1	instruction	Fixation	Whole	43	8490	8740	250			0.48357	0.4696	2.76661
Recording2	P2	male	Timeline1	instruction	1	instruction	Fixation	Whole	44	8773	8923	150			0.39605	0.47432	2.82004
Recording2	P2	male	Timeline1	instruction	1	instruction	Fixation	Whole	45	8973	9073	100			0.29876	0.50237	2.79726
Recording2	P2	male	Timeline1	instruction	1	instruction	Fixation	Whole	46	9173	9323	150			0.8186	0.62769	2.85437
Recording2	P2	male	Timeline1	instruction	1	instruction	Fixation	Whole	47	9357	9523	167			0.85336	0.60423	2.82499
Recording2	P2	male	Timeline1	instruction	1	instruction	Fixation	Whole	48	9573	9740	167			0.78129	0.59067	2.8437
Recording2	P2	male	Timeline1	instruction	1	instruction	Fixation	Whole	49	9807	10140	333			0.66619	0.5254	2.73753
Recording2	P2	male	Timeline1	instruction	1	instruction	Fixation	Whole	50	10173	10240	67			0.57756	0.52128	2.69242
Recording2	P2	male	Timeline1	instruction	1	instruction	Fixation	Whole	51	10373	10440	67			0.47065	0.56729	2.79893
Recording2	P2	male	Timeline1	instruction	1	instruction	Fixation	Whole	52	10457	10607	150			0.47324	0.58866	2.83858
Recording2	P2	male	Timeline1	instruction	1	instruction	Fixation	Whole	53	10640	10707	67			0.34743	0.6012	2.87092
Recording2	P2	male	Timeline1	instruction	1	instruction	Fixation	Whole	54	10907	11040	133			0.23672	0.6218	2.77901
Recording2	P2	male	Timeline1	instruction	1	instruction	Fixation	Whole	55	11340	11573	233			0.52597	0.68487	2.84701
Recording2	P2	male	Timeline1	instruction	1	instruction	Fixation	Whole	56	11606	11690	83			0.56282	0.74535	2.86728
Recording2	P2	male	Timeline1	instruction	1	instruction	Fixation	Whole	57	11756	11856	100			0.56846	0.7434	2.86974
Recording2	P2	male	Timeline1	instruction	1	instruction	Fixation	Whole	58	11990	12206	217			0.37373	0.73396	2.9338
Recording2	P2	male	Timeline1	instruction	1	instruction	Fixation	Whole	59	12506	12640	133			0.61783	0.68098	2.78646
Recording2	P2	male	Timeline1	instruction	1	instruction	Fixation	Whole	60	12790	12923	133			0.60941	0.66907	2.8339
Recording2	P2	male	Timeline1	instruction	1	instruction	Fixation	Whole	61	13173	13273	100			0.62328	0.64381	2.74801
Recording2	P2	male	Timeline1	instruction	1	instruction	Fixation	Whole	62	13506	13606	100			0.56522	0.6472	2.85669
Recording2	P2	male	Timeline1	instruction	1	instruction	Fixation	Whole	63	13639	13739	100			0.55756	0.44118	2.78519
Recording2	P2	male	Timeline1	pizza	1	pizza	Fixation	Partial	1	0	423	423			0.51588	0.43983	2.82556
Recording2	P2	male	Timeline1	pizza	1	pizza	Fixation	Whole	2	456	523	67			0.53984	0.28555	2.7625
Recording2	P2	male	Timeline1	pizza	1	pizza	Fixation	Whole	3	690	923	233			0.54969	0.13577	2.83781
Recording2	P2	male	Timeline1	pizza	1	pizza	Fixation	Whole	4	990	1173	183			0.13609	0.46343	2.884
Recording2	P2	male	Timeline1	pizza	1	pizza	Fixation	Whole	5	1240	1673	433			0.085	0.47993	2.85247
Recording2	P2	male	Timeline1	pizza	1	pizza	Fixation	Whole	6	1706	1789	83			0.07072	0.46054	2.83661
Recording2	P2	male	Timeline1	pizza	1	pizza	Fixation	Whole	7	1823	1906	83			0.23999	0.44546	2.87635
Recording2	P2	male	Timeline1	pizza	1	pizza	Fixation	Whole	8	1923	2056	133			0.2326	0.42251	2.84325
Recording2	P2	male	Timeline1	pizza	1	pizza	Fixation	Whole	9	2123	2373	250			0.16308	0.43992	2.91342
Recording2	P2	male	Timeline1	pizza	1	pizza	Fixation	Whole	10	2473	2539	67			0.43154	0.23069	2.69799
Recording2	P2	male	Timeline1	pizza	1	pizza	Fixation	Whole	11	2573	2756	183			0.58979	0.28082	2.79835
Recording2	P2	male	Timeline1	pizza	1	pizza	Fixation	Whole	12	2806	3239	433			0.53912	0.14618	2.79498
Recording2	P2	male	Timeline1	pizza	1	pizza	Fixation	Whole	13	3256	3456	200			0.48714	0.13633	2.76908
Recording2	P2	male	Timeline1	pizza	1	pizza	Fixation	Whole	14	3639	3723	84			0.97828	0.46709	2.88238
Recording2	P2	male	Timeline1	pizza	1	pizza	Fixation	Whole	15	3857	3923	67			0.86052	0.31669	2.83945
Recording2	P2	male	Timeline1	pizza	1	pizza	Fixation	Whole	16	3940	4073	133			0.86785	0.40542	3.06919
Recording2	P2	male	Timeline1	pizza	1	pizza	Fixation	Whole	17	4140	4306	167			0.91882	0.50355	3.03785
Recording2	P2	male	Timeline1	pizza	1	pizza	Fixation	Whole	18	4490	4623	133			0.48928	0.38096	2.88029
Recording2	P2	male	Timeline1	pizza	1	pizza	Fixation	Whole	19	4707	4790	83			0.70547	0.88893	2.98556
Recording2	P2	male	Timeline1	pizza	1	pizza	Fixation	Whole	20	4807	5123	317			0.70724	0.8774	2.92087
Recording2	P2	male	Timeline1	pizza	1	pizza	Fixation	Whole	21	5190	5257	67			0.37346	0.89995	2.9103
Recording2	P2	male	Timeline1	pizza	1	pizza	Fixation	Whole	22	5290	5390	100			0.35225	0.88204	2.81069
Recording2	P2	male	Timeline1	pizza	1	pizza	Fixation	Whole	23	5440	5540	100			0.28965	0.88945	2.88499
Recording2	P2	male	Timeline1	pizza	1	pizza	Fixation	Whole	24	5557	5790	233			0.28573	0.89026	2.92802
Recording2	P2	male	Timeline1	pizza	1	pizza	Fixation	Whole	25	5940	6123	183			0.29557	0.89878	2.98088
Recording2	P2	male	Timeline1	thanks	1	thanks	Fixation	Partial	1	0	228	228			0.51774	0.34906	2.74352
Recording2	P2	male	Timeline1	thanks	1	thanks	Fixation	Whole	2	295	395	100			0.41646	0.4606	2.77645
Recording2	P2	male	Timeline1	thanks	1	thanks	Fixation	Whole	3	411	545	133			0.41733	0.50098	2.78328
Recording2	P2	male	Timeline1	thanks	1	thanks	Fixation	Whole	4	561	645	83			0.41316	0.46569	2.7601
Recording2	P2	male	Timeline1	thanks	1	thanks	Fixation	Whole	5	1011	1128	117			0.52256	0.58357	2.77388
Recording2	P2	male	Timeline1	thanks	1	thanks	Fixation	Whole	6	1378	1495	117			0.66946	0.37043	2.67259
Recording2	P2	male	Timeline1	thanks	1	thanks	Fixation	Whole	7	1795	1911	117			0.40369	0.47364	2.75756
Recording2	P2	male	Timeline1	Entire Recording	1		Fixation	Partial	1	790	876	87			0.53122	0.38759	4.22502
Recording2	P2	male	Timeline1	Entire Recording	1		Fixation	Partial	2	1071	1566	495			0.59842	0.58748	3.95339
Recording2	P2	male	Timeline1	Entire Recording	1		Fixation	Whole	3	1583	1683	100			0.4867	0.63013	3.66265
Recording2	P2	male	Timeline1	Entire Recording	1		Fixation	Partial	4	3142	3315	173			0.48329	0.38231	3.93468
Recording2	P2	male	Timeline1	Entire Recording	1		Fixation	Whole	5	3332	3649	317			0.54802	0.37337	3.67083
Recording2	P2	male	Timeline1	Entire Recording	1		Fixation	Partial	6	4119	4487	368			0.50027	0.44454	3.79407
Recording2	P2	male	Timeline1	Entire Recording	1		Fixation	Whole	7	4520	4820	300			0.54428	0.38957	3.75343
Recording2	P2	male	Timeline1	Entire Recording	1		Fixation	Whole	8	4837	5553	716			0.49724	0.36322	3.80295
Recording2	P2	male	Timeline1	Entire Recording	1		Fixation	Partial	9	5570	7586	2016			0.50267	0.49946	3.64025
Recording2	P2	male	Timeline1	Entire Recording	1		Fixation	Partial	10	7836	9803	1967			0.50151	0.50137	3.53443
Recording2	P2	male	Timeline1	Entire Recording	1		Fixation	Whole	11	9836	10036	200			0.57277	0.40377	3.42278
Recording2	P2	male	Timeline1	Entire Recording	1		Fixation	Whole	12	10070	10286	217			0.73183	0.28734	3.45299
Recording2	P2	male	Timeline1	Entire Recording	1		Fixation	Whole	13	10303	10453	150			0.84305	0.15149	3.3841
Recording2	P2	male	Timeline1	Entire Recording	1		Fixation	Whole	14	10470	10537	67			0.82138	0.14014	3.32152
Recording2	P2	male	Timeline1	Entire Recording	1		Fixation	Whole	15	10570	12070	1500			0.88935	0.10032	3.22622
Recording2	P2	male	Timeline1	Entire Recording	1		Fixation	Whole	16	12237	12470	233			0.88281	0.07984	3.3745
Recording2	P2	male	Timeline1	Entire Recording	1		Fixation	Whole	17	12487	13420	933			0.89727	0.09586	3.3104
Recording2	P2	male	Timeline1	Entire Recording	1		Fixation	Whole	18	13470	13620	150			0.89598	0.43952	3.37236
Recording2	P2	male	Timeline1	Entire Recording	1		Fixation	Whole	19	13637	13853	217			0.88789	0.50614	3.43486
Recording2	P2	male	Timeline1	Entire Recording	1		Fixation	Whole	20	13870	14087	217			0.88194	0.77152	3.37605
Recording2	P2	male	Timeline1	Entire Recording	1		Fixation	Whole	21	14103	14870	767			0.8929	0.90641	3.2622
Recording2	P2	male	Timeline1	Entire Recording	1		Fixation	Partial	22	15153	17087	1934			0.88222	0.90415	3.23004
Recording2	P2	male	Timeline1	Entire Recording	1		Fixation	Whole	23	17120	17253	133			0.75705	0.74507	3.2167
Recording2	P2	male	Timeline1	Entire Recording	1		Fixation	Whole	24	17320	17520	200			0.3633	0.37766	3.21881
Recording2	P2	male	Timeline1	Entire Recording	1		Fixation	Whole	25	17603	17919	316			0.13709	0.10966	3.15781
Recording2	P2	male	Timeline1	Entire Recording	1		Fixation	Whole	26	17936	20753	2817			0.10223	0.10859	3.28864
Recording2	P2	male	Timeline1	Entire Recording	1		Fixation	Whole	27	20819	21086	267			0.11205	0.41338	3.49075
Recording2	P2	male	Timeline1	Entire Recording	1		Fixation	Whole	28	21119	21353	233			0.11961	0.7235	3.47738
Recording2	P2	male	Timeline1	Entire Recording	1		Fixation	Whole	29	21386	21553	167			0.10165	0.85839	3.45015
Recording2	P2	male	Timeline1	Entire Recording	1		Fixation	Partial	30	21570	22202	633			0.10971	0.91674	3.38978
Recording2	P2	male	Timeline1	Entire Recording	1		Fixation	Partial	31	22486	24837	2351			0.11363	0.89796	3.39504
Recording2	P2	male	Timeline1	Entire Recording	1		Fixation	Whole	32	24903	25087	183			0.17169	0.82815	3.39165
Recording2	P2	male	Timeline1	Entire Recording	1		Fixation	Whole	33	25120	28404	3284			0.30063	0.68881	3.14297
Recording2	P2	male	Timeline1	Entire Recording	1		Fixation	Whole	34	28437	28637	200			0.34853	0.66723	3.25667
Recording2	P2	male	Timeline1	Entire Recording	1		Fixation	Whole	35	28654	28821	167			0.48	0.67571	3.28124
Recording2	P2	male	Timeline1	Entire Recording	1		Fixation	Whole	36	28854	32104	3250			0.69761	0.69472	3.10252
Recording2	P2	male	Timeline1	Entire Recording	1		Fixation	Whole	37	32137	32304	167			0.62458	0.59093	3.16204
Recording2	P2	male	Timeline1	Entire Recording	1		Fixation	Whole	38	32354	32671	317			0.40301	0.32893	3.11626
Recording2	P2	male	Timeline1	Entire Recording	1		Fixation	Whole	39	32687	32804	117			0.32839	0.2961	3.04875
Recording2	P2	male	Timeline1	Entire Recording	1		Fixation	Whole	40	32821	33037	217			0.31274	0.29077	3.03239
Recording2	P2	male	Timeline1	Entire Recording	1		Fixation	Whole	41	33104	33954	850			0.30983	0.29928	3.03786
Recording2	P2	male	Timeline1	Entire Recording	1		Fixation	Whole	42	34104	34221	117			0.31329	0.2671	2.97586
Recording2	P2	male	Timeline1	Entire Recording	1		Fixation	Whole	43	34237	34537	300			0.30462	0.31484	2.98707
Recording2	P2	male	Timeline1	Entire Recording	1		Fixation	Whole	44	34621	34687	67			0.3097	0.30132	2.88248
Recording2	P2	male	Timeline1	Entire Recording	1		Fixation	Whole	45	34737	35721	983			0.30755	0.30627	2.97601
Recording2	P2	male	Timeline1	Entire Recording	1		Fixation	Whole	46	35737	35904	167			0.37503	0.30923	3.1437
Recording2	P2	male	Timeline1	Entire Recording	1		Fixation	Whole	47	35954	36120	167			0.55391	0.29011	3.15496
Recording2	P2	male	Timeline1	Entire Recording	1		Fixation	Whole	48	36170	36587	417			0.68647	0.29924	3.07235
Recording2	P2	male	Timeline1	Entire Recording	1		Fixation	Whole	49	36604	39454	2850			0.69915	0.29488	3.06553
Recording2	P2	male	Timeline1	Entire Recording	1		Fixation	Whole	50	39487	39687	200			0.52033	0.3753	3.30554
Recording2	P2	male	Timeline1	Entire Recording	1		Fixation	Whole	51	39721	40037	317			0.6121	0.60233	3.43337
Recording2	P2	male	Timeline1	Entire Recording	1		Fixation	Whole	52	40087	40204	117			0.81722	0.75163	3.28637
Recording2	P2	male	Timeline1	Entire Recording	1		Fixation	Partial	53	42534	42753	219			0.4717	0.34035	3.56691
Recording2	P2	male	Timeline1	Entire Recording	1		Fixation	Whole	54	42770	42986	217			0.51929	0.38763	3.49063
Recording2	P2	male	Timeline1	Entire Recording	1		Fixation	Whole	55	43036	43253	217			0.52786	0.36853	3.49377
Recording2	P2	male	Timeline1	Entire Recording	1	instruction	Fixation	Whole	56	43270	43920	650			0.48608	0.35593	3.50097
Recording2	P2	male	Timeline1	Entire Recording	1	instruction	Fixation	Whole	57	43970	44086	117			0.55213	0.20364	3.3078
Recording2	P2	male	Timeline1	Entire Recording	1	instruction	Fixation	Whole	58	44103	44169	67			0.52805	0.18189	2.98317
Recording2	P2	male	Timeline1	Entire Recording	1	instruction	Fixation	Whole	59	44186	44253	67			0.54292	0.15957	2.83828
Recording2	P2	male	Timeline1	Entire Recording	1	instruction	Fixation	Whole	60	44320	44436	117			0.84984	0.26702	2.66475
Recording2	P2	male	Timeline1	Entire Recording	1	instruction	Fixation	Whole	61	44570	44687	117			0.54811	0.2599	2.65548
Recording2	P2	male	Timeline1	Entire Recording	1	instruction	Fixation	Whole	62	44820	44920	100			0.46585	0.17202	2.64249
Recording2	P2	male	Timeline1	Entire Recording	1	instruction	Fixation	Whole	63	45020	45187	167			0.8524	0.23903	2.64145
Recording2	P2	male	Timeline1	Entire Recording	1	instruction	Fixation	Whole	64	45420	45570	150			0.70454	0.19678	2.69444
Recording2	P2	male	Timeline1	Entire Recording	1	instruction	Fixation	Whole	65	45637	45770	133			0.59679	0.20088	2.74643
Recording2	P2	male	Timeline1	Entire Recording	1	instruction	Fixation	Whole	66	45870	46004	133			0.48994	0.20811	2.82844
Recording2	P2	male	Timeline1	Entire Recording	1	instruction	Fixation	Whole	67	46020	46204	183			0.41545	0.21647	2.78263
Recording2	P2	male	Timeline1	Entire Recording	1	instruction	Fixation	Whole	68	46237	46453	217			0.34945	0.22259	2.75598
Recording2	P2	male	Timeline1	Entire Recording	1	instruction	Fixation	Whole	69	46470	46620	150			0.26257	0.22846	2.74913
Recording2	P2	male	Timeline1	Entire Recording	1	instruction	Fixation	Whole	70	46687	46787	100			0.20031	0.25995	2.73843
Recording2	P2	male	Timeline1	Entire Recording	1	instruction	Fixation	Whole	71	46836	46903	66			0.20359	0.21091	2.74933
Recording2	P2	male	Timeline1	Entire Recording	1	instruction	Fixation	Whole	72	46936	47053	117			0.16624	0.23352	2.72019
Recording2	P2	male	Timeline1	Entire Recording	1	instruction	Fixation	Whole	73	47170	47286	117			0.84146	0.34434	2.69977
Recording2	P2	male	Timeline1	Entire Recording	1	instruction	Fixation	Whole	74	47320	47470	150			0.74685	0.27305	2.66157
Recording2	P2	male	Timeline1	Entire Recording	1	instruction	Fixation	Whole	75	47554	47687	133			0.64301	0.23252	2.5659
Recording2	P2	male	Timeline1	Entire Recording	1	instruction	Fixation	Whole	76	47720	47987	266			0.53087	0.25273	2.62763
Recording2	P2	male	Timeline1	Entire Recording	1	instruction	Fixation	Whole	77	48037	48287	250			0.42145	0.26924	2.67231
Recording2	P2	male	Timeline1	Entire Recording	1	instruction	Fixation	Whole	78	48437	48520	83			0.31943	0.26628	2.66178
Recording2	P2	male	Timeline1	Entire Recording	1	instruction	Fixation	Whole	79	48703	48803	100			0.72988	0.33805	2.66968
Recording2	P2	male	Timeline1	Entire Recording	1	instruction	Fixation	Whole	80	48837	48920	83			0.86483	0.44391	2.76904
Recording2	P2	male	Timeline1	Entire Recording	1	instruction	Fixation	Whole	81	48937	49003	67			0.87605	0.39278	2.71975
Recording2	P2	male	Timeline1	Entire Recording	1	instruction	Fixation	Whole	82	49037	49153	117			0.80004	0.40179	2.81777
Recording2	P2	male	Timeline1	Entire Recording	1	instruction	Fixation	Whole	83	49270	49370	100			0.66422	0.34509	2.7146
Recording2	P2	male	Timeline1	Entire Recording	1	instruction	Fixation	Whole	84	49470	49603	133			0.61025	0.34573	2.71084
Recording2	P2	male	Timeline1	Entire Recording	1	instruction	Fixation	Whole	85	49637	49720	83			0.50255	0.3383	2.72535
Recording2	P2	male	Timeline1	Entire Recording	1	instruction	Fixation	Whole	86	49770	49853	83			0.50292	0.37754	2.77928
Recording2	P2	male	Timeline1	Entire Recording	1	instruction	Fixation	Whole	87	49870	49987	117			0.43952	0.39876	2.81241
Recording2	P2	male	Timeline1	Entire Recording	1	instruction	Fixation	Whole	88	50004	50070	67			0.42745	0.37165	2.7842
Recording2	P2	male	Timeline1	Entire Recording	1	instruction	Fixation	Whole	89	50187	50487	300			0.39615	0.39997	2.76887
Recording2	P2	male	Timeline1	Entire Recording	1	instruction	Fixation	Whole	90	50587	50704	117			0.26064	0.39387	2.70413
Recording2	P2	male	Timeline1	Entire Recording	1	instruction	Fixation	Whole	91	50804	50970	166			0.17059	0.43416	2.76615
Recording2	P2	male	Timeline1	Entire Recording	1	instruction	Fixation	Whole	92	50986	51103	117			0.11735	0.41702	2.80709
Recording2	P2	male	Timeline1	Entire Recording	1	instruction	Fixation	Whole	93	51170	51270	100			0.88525	0.49099	2.76444
Recording2	P2	male	Timeline1	Entire Recording	1	instruction	Fixation	Whole	94	51370	51437	67			0.71781	0.43447	2.71556
Recording2	P2	male	Timeline1	Entire Recording	1	instruction	Fixation	Whole	95	51454	51537	83			0.71613	0.47156	2.85941
Recording2	P2	male	Timeline1	Entire Recording	1	instruction	Fixation	Whole	96	51587	51820	233			0.63789	0.43684	2.79156
Recording2	P2	male	Timeline1	Entire Recording	1	instruction	Fixation	Whole	97	51837	52087	250			0.54057	0.44647	2.79495
Recording2	P2	male	Timeline1	Entire Recording	1	instruction	Fixation	Whole	98	52103	52353	250			0.48357	0.4696	2.76661
Recording2	P2	male	Timeline1	Entire Recording	1	instruction	Fixation	Whole	99	52387	52537	150			0.39605	0.47432	2.82004
Recording2	P2	male	Timeline1	Entire Recording	1	instruction	Fixation	Whole	100	52587	52687	100			0.29876	0.50237	2.79726
Recording2	P2	male	Timeline1	Entire Recording	1	instruction	Fixation	Whole	101	52787	52937	150			0.8186	0.62769	2.85437
Recording2	P2	male	Timeline1	Entire Recording	1	instruction	Fixation	Whole	102	52970	53137	167			0.85336	0.60423	2.82499
Recording2	P2	male	Timeline1	Entire Recording	1	instruction	Fixation	Whole	103	53187	53353	167			0.78129	0.59067	2.8437
Recording2	P2	male	Timeline1	Entire Recording	1	instruction	Fixation	Whole	104	53420	53753	333			0.66619	0.5254	2.73753
Recording2	P2	male	Timeline1	Entire Recording	1	instruction	Fixation	Whole	105	53787	53853	67			0.57756	0.52128	2.69242
Recording2	P2	male	Timeline1	Entire Recording	1	instruction	Fixation	Whole	106	53987	54053	67			0.47065	0.56729	2.79893
Recording2	P2	male	Timeline1	Entire Recording	1	instruction	Fixation	Whole	107	54070	54220	150			0.47324	0.58866	2.83858
Recording2	P2	male	Timeline1	Entire Recording	1	instruction	Fixation	Whole	108	54253	54320	67			0.34743	0.6012	2.87092
Recording2	P2	male	Timeline1	Entire Recording	1	instruction	Fixation	Whole	109	54520	54653	133			0.23672	0.6218	2.77901
Recording2	P2	male	Timeline1	Entire Recording	1	instruction	Fixation	Whole	110	54953	55186	233			0.52597	0.68487	2.84701
Recording2	P2	male	Timeline1	Entire Recording	1	instruction	Fixation	Whole	111	55220	55303	83			0.56282	0.74535	2.86728
Recording2	P2	male	Timeline1	Entire Recording	1	instruction	Fixation	Whole	112	55370	55470	100			0.56846	0.7434	2.86974
Recording2	P2	male	Timeline1	Entire Recording	1	instruction	Fixation	Whole	113	55603	55820	217			0.37373	0.73396	2.9338
Recording2	P2	male	Timeline1	Entire Recording	1	instruction	Fixation	Whole	114	56120	56253	133			0.61783	0.68098	2.78646
Recording2	P2	male	Timeline1	Entire Recording	1	instruction	Fixation	Whole	115	56403	56536	133			0.60941	0.66907	2.8339
Recording2	P2	male	Timeline1	Entire Recording	1	instruction	Fixation	Whole	116	56786	56886	100			0.62328	0.64381	2.74801
Recording2	P2	male	Timeline1	Entire Recording	1	instruction	Fixation	Whole	117	57119	57219	100			0.56522	0.6472	2.85669
Recording2	P2	male	Timeline1	Entire Recording	1	instruction	Fixation	Whole	118	57253	57353	100			0.55756	0.44118	2.78519
Recording2	P2	male	Timeline1	Entire Recording	1	fixation	Fixation	Whole	119	57486	57736	250			0.54254	0.27894	2.68047
Recording2	P2	male	Timeline1	Entire Recording	1	fixation	Fixation	Whole	120	57770	57886	117			0.51714	0.42262	2.67696
Recording2	P2	male	Timeline1	Entire Recording	1	fixation	Fixation	Whole	121	57936	58503	567			0.51588	0.43983	2.81188
Recording2	P2	male	Timeline1	Entire Recording	1	pizza	Fixation	Whole	122	58536	58603	67			0.53984	0.28555	2.7625
Recording2	P2	male	Timeline1	Entire Recording	1	pizza	Fixation	Whole	123	58770	59003	233			0.54969	0.13577	2.83781
Recording2	P2	male	Timeline1	Entire Recording	1	pizza	Fixation	Whole	124	59070	59253	183			0.13609	0.46343	2.884
Recording2	P2	male	Timeline1	Entire Recording	1	pizza	Fixation	Whole	125	59320	59753	433			0.085	0.47993	2.85247
Recording2	P2	male	Timeline1	Entire Recording	1	pizza	Fixation	Whole	126	59786	59869	83			0.07072	0.46054	2.83661
Recording2	P2	male	Timeline1	Entire Recording	1	pizza	Fixation	Whole	127	59903	59986	83			0.23999	0.44546	2.87635
Recording2	P2	male	Timeline1	Entire Recording	1	pizza	Fixation	Whole	128	60003	60136	133			0.2326	0.42251	2.84325
Recording2	P2	male	Timeline1	Entire Recording	1	pizza	Fixation	Whole	129	60203	60453	250			0.16308	0.43992	2.91342
Recording2	P2	male	Timeline1	Entire Recording	1	pizza	Fixation	Whole	130	60553	60619	67			0.43154	0.23069	2.69799
Recording2	P2	male	Timeline1	Entire Recording	1	pizza	Fixation	Whole	131	60653	60836	183			0.58979	0.28082	2.79835
Recording2	P2	male	Timeline1	Entire Recording	1	pizza	Fixation	Whole	132	60886	61319	433			0.53912	0.14618	2.79498
Recording2	P2	male	Timeline1	Entire Recording	1	pizza	Fixation	Whole	133	61336	61536	200			0.48714	0.13633	2.76908
Recording2	P2	male	Timeline1	Entire Recording	1	pizza	Fixation	Whole	134	61719	61803	84			0.97828	0.46709	2.88238
Recording2	P2	male	Timeline1	Entire Recording	1	pizza	Fixation	Whole	135	61937	62003	67			0.86052	0.31669	2.83945
Recording2	P2	male	Timeline1	Entire Recording	1	pizza	Fixation	Whole	136	62020	62153	133			0.86785	0.40542	3.06919
Recording2	P2	male	Timeline1	Entire Recording	1	pizza	Fixation	Whole	137	62220	62386	167			0.91882	0.50355	3.03785
Recording2	P2	male	Timeline1	Entire Recording	1	pizza	Fixation	Whole	138	62570	62703	133			0.48928	0.38096	2.88029
Recording2	P2	male	Timeline1	Entire Recording	1	pizza	Fixation	Whole	139	62787	62870	83			0.70547	0.88893	2.98556
Recording2	P2	male	Timeline1	Entire Recording	1	pizza	Fixation	Whole	140	62887	63203	317			0.70724	0.8774	2.92087
Recording2	P2	male	Timeline1	Entire Recording	1	pizza	Fixation	Whole	141	63270	63337	67			0.37346	0.89995	2.9103
Recording2	P2	male	Timeline1	Entire Recording	1	pizza	Fixation	Whole	142	63370	63470	100			0.35225	0.88204	2.81069
Recording2	P2	male	Timeline1	Entire Recording	1	pizza	Fixation	Whole	143	63520	63620	100			0.28965	0.88945	2.88499
Recording2	P2	male	Timeline1	Entire Recording	1	pizza	Fixation	Whole	144	63637	63870	233			0.28573	0.89026	2.92802
Recording2	P2	male	Timeline1	Entire Recording	1	pizza	Fixation	Whole	145	64020	64203	183			0.29557	0.89878	2.98088
Recording2	P2	male	Timeline1	Entire Recording	1	fixation	Fixation	Whole	146	64237	64303	66			0.28919	0.78828	3.02152
Recording2	P2	male	Timeline1	Entire Recording	1	fixation	Fixation	Whole	147	64319	64436	117			0.29443	0.75406	2.97481
Recording2	P2	male	Timeline1	Entire Recording	1	fixation	Fixation	Whole	148	64536	64686	150			0.51109	0.30316	2.92205
Recording2	P2	male	Timeline1	Entire Recording	1	fixation	Fixation	Whole	149	64736	64920	183			0.51432	0.28407	2.80455
Recording2	P2	male	Timeline1	Entire Recording	1	fixation	Fixation	Whole	150	65053	65186	133			0.57383	0.25978	2.71602
Recording2	P2	male	Timeline1	Entire Recording	1	fixation	Fixation	Whole	151	65286	65453	167			0.60571	0.18952	2.79061
Recording2	P2	male	Timeline1	Entire Recording	1	fixation	Fixation	Whole	152	65503	65653	150			0.60473	0.20787	2.73438
Recording2	P2	male	Timeline1	Entire Recording	1	fixation	Fixation	Whole	153	65969	66153	183			0.51567	0.45442	2.79046
Recording2	P2	male	Timeline1	Entire Recording	1	cereal	Fixation	Whole	154	66169	66253	83			0.51293	0.43161	2.84237
Recording2	P2	male	Timeline1	Entire Recording	1	cereal	Fixation	Whole	155	66269	66353	83			0.51447	0.46058	2.83837
Recording2	P2	male	Timeline1	Entire Recording	1	cereal	Fixation	Whole	156	66469	66620	150			0.53886	0.09845	2.76243
Recording2	P2	male	Timeline1	Entire Recording	1	cereal	Fixation	Whole	157	66636	66870	233			0.5703	0.13764	2.80291
Recording2	P2	male	Timeline1	Entire Recording	1	cereal	Fixation	Whole	158	66903	67020	117			0.50133	0.12938	2.79485
Recording2	P2	male	Timeline1	Entire Recording	1	cereal	Fixation	Whole	159	67036	67119	83			0.46841	0.16354	2.8143
Recording2	P2	male	Timeline1	Entire Recording	1	cereal	Fixation	Whole	160	67136	67203	67			0.44292	0.14199	2.73617
Recording2	P2	male	Timeline1	Entire Recording	1	cereal	Fixation	Whole	161	67319	67636	317			0.58367	0.1311	2.70798
Recording2	P2	male	Timeline1	Entire Recording	1	cereal	Fixation	Whole	162	67653	67753	100			0.59897	0.14072	2.67955
Recording2	P2	male	Timeline1	Entire Recording	1	cereal	Fixation	Whole	163	67970	68053	83			0.93424	0.35141	2.54478
Recording2	P2	male	Timeline1	Entire Recording	1	cereal	Fixation	Whole	164	68087	68170	83			0.91374	0.4029	2.64098
Recording2	P2	male	Timeline1	Entire Recording	1	cereal	Fixation	Whole	165	68203	68337	133			0.82648	0.32488	2.64262
Recording2	P2	male	Timeline1	Entire Recording	1	cereal	Fixation	Whole	166	68353	68570	217			0.83897	0.29987	2.62148
Recording2	P2	male	Timeline1	Entire Recording	1	cereal	Fixation	Whole	167	68603	68670	67			0.83357	0.35501	2.65322
Recording2	P2	male	Timeline1	Entire Recording	1	cereal	Fixation	Whole	168	68787	68987	200			0.44553	0.21267	2.6157
Recording2	P2	male	Timeline1	Entire Recording	1	cereal	Fixation	Whole	169	69037	69270	233			0.54231	0.09815	2.61246
Recording2	P2	male	Timeline1	Entire Recording	1	cereal	Fixation	Whole	170	69320	69403	83			0.24842	0.35374	2.7332
Recording2	P2	male	Timeline1	Entire Recording	1	cereal	Fixation	Whole	171	69553	69720	166			0.1647	0.40953	2.7149
Recording2	P2	male	Timeline1	Entire Recording	1	cereal	Fixation	Whole	172	69953	70103	150			0.07708	0.41519	2.69238
Recording2	P2	male	Timeline1	Entire Recording	1	cereal	Fixation	Whole	173	70119	70236	117			0.12183	0.42903	2.6804
Recording2	P2	male	Timeline1	Entire Recording	1	cereal	Fixation	Whole	174	70436	70569	133			0.21246	0.37002	2.63429
Recording2	P2	male	Timeline1	Entire Recording	1	cereal	Fixation	Whole	175	70653	70953	300			0.4868	0.24319	2.55331
Recording2	P2	male	Timeline1	Entire Recording	1	cereal	Fixation	Whole	176	70986	71169	183			0.55767	0.21829	2.6157
Recording2	P2	male	Timeline1	Entire Recording	1	cereal	Fixation	Whole	177	71186	71253	67			0.53828	0.28375	2.3342
Recording2	P2	male	Timeline1	Entire Recording	1	cereal	Fixation	Whole	178	71269	71436	167			0.52708	0.34862	2.51278
Recording2	P2	male	Timeline1	Entire Recording	1	cereal	Fixation	Whole	179	71453	71536	83			0.53855	0.33248	2.50038
Recording2	P2	male	Timeline1	Entire Recording	1	cereal	Fixation	Whole	180	71736	71836	100			0.4879	0.46815	2.5493
Recording2	P2	male	Timeline1	Entire Recording	1	cereal	Fixation	Whole	181	72019	72170	150			0.71767	0.87975	2.5635
Recording2	P2	male	Timeline1	Entire Recording	1	cereal	Fixation	Whole	182	72186	72286	100			0.75248	0.86915	2.49983
Recording2	P2	male	Timeline1	Entire Recording	1	cereal	Fixation	Whole	183	72470	72553	83			0.67627	0.86419	2.73964
Recording2	P2	male	Timeline1	Entire Recording	1	cereal	Fixation	Whole	184	72637	72720	83			0.69828	0.87907	2.80044
Recording2	P2	male	Timeline1	Entire Recording	1	cereal	Fixation	Whole	185	72837	73003	167			0.52361	0.1279	2.6995
Recording2	P2	male	Timeline1	Entire Recording	1	cereal	Fixation	Whole	186	73020	73320	300			0.53072	0.15172	2.70411
Recording2	P2	male	Timeline1	Entire Recording	1	fixation	Fixation	Whole	187	73804	74338	533			0.51082	0.20558	2.68465
Recording2	P2	male	Timeline1	Entire Recording	1	fixation	Fixation	Whole	188	74388	74771	383			0.48318	0.35484	2.82242
Recording2	P2	male	Timeline1	Entire Recording	1	ice-cream	Fixation	Whole	189	74787	74921	133			0.48614	0.4577	2.82247
Recording2	P2	male	Timeline1	Entire Recording	1	ice-cream	Fixation	Whole	190	75054	75221	167			0.51986	0.14616	2.82352
Recording2	P2	male	Timeline1	Entire Recording	1	ice-cream	Fixation	Whole	191	75237	75471	233			0.55484	0.14167	2.77514
Recording2	P2	male	Timeline1	Entire Recording	1	ice-cream	Fixation	Whole	192	75487	75771	283			0.54204	0.12773	2.69165
Recording2	P2	male	Timeline1	Entire Recording	1	ice-cream	Fixation	Whole	193	75787	76054	267			0.5648	0.13243	2.64997
Recording2	P2	male	Timeline1	Entire Recording	1	ice-cream	Fixation	Whole	194	76071	76254	183			0.51394	0.12331	2.67608
Recording2	P2	male	Timeline1	Entire Recording	1	ice-cream	Fixation	Whole	195	76321	76454	133			0.4529	0.13967	2.69268
Recording2	P2	male	Timeline1	Entire Recording	1	ice-cream	Fixation	Whole	196	76471	76588	117			0.41477	0.12897	2.68891
Recording2	P2	male	Timeline1	Entire Recording	1	ice-cream	Fixation	Whole	197	76671	76738	67			0.48336	0.35685	2.62764
Recording2	P2	male	Timeline1	Entire Recording	1	ice-cream	Fixation	Whole	198	77054	77288	233			0.46865	0.50254	2.72432
Recording2	P2	male	Timeline1	Entire Recording	1	ice-cream	Fixation	Whole	199	77471	77588	117			0.43603	0.15284	2.7037
Recording2	P2	male	Timeline1	Entire Recording	1	ice-cream	Fixation	Whole	200	77621	78004	383			0.40853	0.12604	2.68759
Recording2	P2	male	Timeline1	Entire Recording	1	ice-cream	Fixation	Whole	201	78054	78321	267			0.5074	0.39655	2.67692
Recording2	P2	male	Timeline1	Entire Recording	1	ice-cream	Fixation	Whole	202	78371	78471	100			0.46875	0.4452	2.76819
Recording2	P2	male	Timeline1	Entire Recording	1	ice-cream	Fixation	Whole	203	78621	78688	67			0.83046	0.25898	2.79165
Recording2	P2	male	Timeline1	Entire Recording	1	ice-cream	Fixation	Whole	204	78754	78854	100			0.8231	0.29133	2.87368
Recording2	P2	male	Timeline1	Entire Recording	1	ice-cream	Fixation	Whole	205	78937	79137	200			0.8569	0.31232	2.92482
Recording2	P2	male	Timeline1	Entire Recording	1	ice-cream	Fixation	Whole	206	79171	79321	150			0.89025	0.40551	3.01019
Recording2	P2	male	Timeline1	Entire Recording	1	ice-cream	Fixation	Whole	207	79421	79654	233			0.8316	0.39472	2.99523
Recording2	P2	male	Timeline1	Entire Recording	1	ice-cream	Fixation	Whole	208	79688	79921	233			0.90556	0.48511	2.93964
Recording2	P2	male	Timeline1	Entire Recording	1	ice-cream	Fixation	Whole	209	79954	80121	167			0.90689	0.59481	2.93353
Recording2	P2	male	Timeline1	Entire Recording	1	ice-cream	Fixation	Whole	210	80338	80587	250			0.49775	0.45823	2.91691
Recording2	P2	male	Timeline1	Entire Recording	1	ice-cream	Fixation	Whole	211	80671	80837	167			0.47396	0.44987	2.88198
Recording2	P2	male	Timeline1	Entire Recording	1	ice-cream	Fixation	Whole	212	80871	80954	83			0.45364	0.57451	2.77831
Recording2	P2	male	Timeline1	Entire Recording	1	ice-cream	Fixation	Whole	213	80971	81137	167			0.46634	0.57248	2.76722
Recording2	P2	male	Timeline1	Entire Recording	1	ice-cream	Fixation	Whole	214	81237	81338	100			0.52201	0.39035	2.77409
Recording2	P2	male	Timeline1	Entire Recording	1	ice-cream	Fixation	Whole	215	81354	81671	317			0.51231	0.35726	2.63173
Recording2	P2	male	Timeline1	Entire Recording	1	ice-cream	Fixation	Whole	216	81688	81871	183			0.46036	0.36727	2.66981
Recording2	P2	male	Timeline1	Entire Recording	1	ice-cream	Fixation	Whole	217	81987	82071	83			0.8254	0.29862	2.84753
Recording2	P2	male	Timeline1	Entire Recording	1	ice-cream	Fixation	Whole	218	82121	82204	83			0.82594	0.25612	2.76898
Recording2	P2	male	Timeline1	Entire Recording	1	ice-cream	Fixation	Whole	219	82221	82338	117			0.84758	0.29488	2.85852
Recording2	P2	male	Timeline1	Entire Recording	1	ice-cream	Fixation	Whole	220	82504	82654	150			0.50292	0.11845	2.75438
Recording2	P2	male	Timeline1	Entire Recording	1	ice-cream	Fixation	Whole	221	82754	82854	100			0.16437	0.49986	2.86667
Recording2	P2	male	Timeline1	Entire Recording	1	ice-cream	Fixation	Whole	222	83020	83153	133			0.48071	0.3335	2.76091
Recording2	P2	male	Timeline1	Entire Recording	1	ice-cream	Fixation	Whole	223	83270	83403	133			0.25137	0.36875	2.78455
Recording2	P2	male	Timeline1	Entire Recording	1	ice-cream	Fixation	Whole	224	83470	83620	150			0.18301	0.35278	2.83876
Recording2	P2	male	Timeline1	Entire Recording	1	ice-cream	Fixation	Whole	225	83753	83837	83			0.67124	0.83561	2.82328
Recording2	P2	male	Timeline1	Entire Recording	1	ice-cream	Fixation	Whole	226	84070	84204	133			0.76133	0.88564	2.85415
Recording2	P2	male	Timeline1	Entire Recording	1	ice-cream	Fixation	Whole	227	84287	84420	133			0.75787	0.88561	2.85535
Recording2	P2	male	Timeline1	Entire Recording	1	ice-cream	Fixation	Whole	228	84537	84771	233			0.70211	0.88562	3.07115
Recording2	P2	male	Timeline1	Entire Recording	1	fixation	Fixation	Whole	229	84821	85004	183			0.46488	0.17553	2.96491
Recording2	P2	male	Timeline1	Entire Recording	1	fixation	Fixation	Whole	230	85054	85188	133			0.46278	0.17715	2.94328
Recording2	P2	male	Timeline1	Entire Recording	1	cake	Fixation	Whole	231	85354	85854	500			0.49067	0.45418	2.99003
Recording2	P2	male	Timeline1	Entire Recording	1	cake	Fixation	Whole	232	85887	86071	183			0.5026	0.10891	3.07069
Recording2	P2	male	Timeline1	Entire Recording	1	cake	Fixation	Whole	233	86087	86404	317			0.54849	0.15113	3.09372
Recording2	P2	male	Timeline1	Entire Recording	1	cake	Fixation	Whole	234	86487	86604	117			0.50938	0.37054	3.04157
Recording2	P2	male	Timeline1	Entire Recording	1	cake	Fixation	Whole	235	86704	86871	167			0.50925	0.35843	3.05559
Recording2	P2	male	Timeline1	Entire Recording	1	cake	Fixation	Whole	236	86937	87271	333			0.48817	0.52731	3.19115
Recording2	P2	male	Timeline1	Entire Recording	1	cake	Fixation	Whole	237	87337	87454	117			0.51222	0.48996	3.16222
Recording2	P2	male	Timeline1	Entire Recording	1	cake	Fixation	Whole	238	87754	87854	100			0.4772	0.49405	3.11107
Recording2	P2	male	Timeline1	Entire Recording	1	cake	Fixation	Whole	239	87871	87971	100			0.46972	0.44801	2.98615
Recording2	P2	male	Timeline1	Entire Recording	1	cake	Fixation	Whole	240	88004	88204	200			0.49227	0.46333	2.93702
Recording2	P2	male	Timeline1	Entire Recording	1	cake	Fixation	Whole	241	88237	88387	150			0.52834	0.0693	2.94192
Recording2	P2	male	Timeline1	Entire Recording	1	cake	Fixation	Whole	242	88421	88737	317			0.5465	0.11126	2.87621
Recording2	P2	male	Timeline1	Entire Recording	1	cake	Fixation	Whole	243	88771	88987	217			0.47015	0.11933	2.87797
Recording2	P2	male	Timeline1	Entire Recording	1	cake	Fixation	Whole	244	89021	89171	150			0.532	0.13438	2.82686
Recording2	P2	male	Timeline1	Entire Recording	1	cake	Fixation	Whole	245	89187	89354	167			0.55914	0.12772	2.82209
Recording2	P2	male	Timeline1	Entire Recording	1	cake	Fixation	Whole	246	89387	89637	250			0.42869	0.13884	2.84289
Recording2	P2	male	Timeline1	Entire Recording	1	cake	Fixation	Whole	247	89720	89837	116			0.12645	0.51227	2.91601
Recording2	P2	male	Timeline1	Entire Recording	1	cake	Fixation	Whole	248	90137	90237	100			0.19332	0.38969	2.77934
Recording2	P2	male	Timeline1	Entire Recording	1	cake	Fixation	Whole	249	90270	90437	167			0.09537	0.44116	2.84911
Recording2	P2	male	Timeline1	Entire Recording	1	cake	Fixation	Whole	250	90453	90570	117			0.11304	0.42834	2.79398
Recording2	P2	male	Timeline1	Entire Recording	1	cake	Fixation	Whole	251	90587	90654	67			0.10168	0.4605	2.81031
Recording2	P2	male	Timeline1	Entire Recording	1	cake	Fixation	Whole	252	90720	90804	83			0.07433	0.4367	2.76887
Recording2	P2	male	Timeline1	Entire Recording	1	cake	Fixation	Whole	253	90903	90970	67			0.21001	0.35511	2.70316
Recording2	P2	male	Timeline1	Entire Recording	1	cake	Fixation	Whole	254	91020	91170	150			0.11148	0.45616	2.7615
Recording2	P2	male	Timeline1	Entire Recording	1	cake	Fixation	Whole	255	91187	91253	67			0.07973	0.46603	2.82761
Recording2	P2	male	Timeline1	Entire Recording	1	cake	Fixation	Whole	256	91287	91387	100			0.0661	0.43573	2.77112
Recording2	P2	male	Timeline1	Entire Recording	1	cake	Fixation	Whole	257	91670	91853	183			0.23934	0.49165	2.89491
Recording2	P2	male	Timeline1	Entire Recording	1	cake	Fixation	Whole	258	92237	92303	67			0.25536	0.55148	2.80326
Recording2	P2	male	Timeline1	Entire Recording	1	cake	Fixation	Whole	259	92320	92403	83			0.24281	0.59642	2.74506
Recording2	P2	male	Timeline1	Entire Recording	1	cake	Fixation	Whole	260	92553	92804	251			0.90823	0.34788	2.69412
Recording2	P2	male	Timeline1	Entire Recording	1	cake	Fixation	Whole	261	92821	93087	267			0.90269	0.43097	2.84
Recording2	P2	male	Timeline1	Entire Recording	1	cake	Fixation	Whole	262	93154	93404	250			0.90721	0.49358	2.85701
Recording2	P2	male	Timeline1	Entire Recording	1	cake	Fixation	Whole	263	93787	94004	217			0.68963	0.87096	2.90886
Recording2	P2	male	Timeline1	Entire Recording	1	cake	Fixation	Whole	264	94071	94337	267			0.5018	0.14535	2.86251
Recording2	P2	male	Timeline1	Entire Recording	1	fixation	Fixation	Whole	265	94371	94571	200			0.4944	0.12858	2.83102
Recording2	P2	male	Timeline1	Entire Recording	1	fixation	Fixation	Whole	266	95074	95390	317			0.51661	0.25276	2.76797
Recording2	P2	male	Timeline1	Entire Recording	1	fixation	Fixation	Whole	267	95490	95557	67			0.50312	0.28009	2.79554
Recording2	P2	male	Timeline1	Entire Recording	1	fixation	Fixation	Whole	268	95574	95707	133			0.50078	0.31044	2.85211
Recording2	P2	male	Timeline1	Entire Recording	1	fixation	Fixation	Whole	269	95724	95940	217			0.49228	0.51167	2.90844
Recording2	P2	male	Timeline1	Entire Recording	1	date	Fixation	Whole	270	96024	96290	267			0.49273	0.50409	2.95222
Recording2	P2	male	Timeline1	Entire Recording	1	date	Fixation	Whole	271	96374	96524	150			0.53057	0.22813	2.91416
Recording2	P2	male	Timeline1	Entire Recording	1	date	Fixation	Whole	272	96707	96940	233			0.53899	0.17317	2.74083
Recording2	P2	male	Timeline1	Entire Recording	1	date	Fixation	Whole	273	96957	97107	150			0.5069	0.21401	2.71351
Recording2	P2	male	Timeline1	Entire Recording	1	date	Fixation	Whole	274	97124	97357	233			0.53485	0.20066	2.74423
Recording2	P2	male	Timeline1	Entire Recording	1	date	Fixation	Whole	275	97390	97474	83			0.48123	0.19607	2.74551
Recording2	P2	male	Timeline1	Entire Recording	1	date	Fixation	Whole	276	97574	97790	217			0.54936	0.19763	2.77604
Recording2	P2	male	Timeline1	Entire Recording	1	date	Fixation	Whole	277	97907	97990	83			0.48209	0.21028	2.74894
Recording2	P2	male	Timeline1	Entire Recording	1	date	Fixation	Whole	278	98240	98307	67			0.40854	0.28982	2.73899
Recording2	P2	male	Timeline1	Entire Recording	1	date	Fixation	Whole	279	98624	98690	67			0.23314	0.56368	2.87144
Recording2	P2	male	Timeline1	Entire Recording	1	date	Fixation	Whole	280	99374	99474	100			0.30772	0.64879	2.89056
Recording2	P2	male	Timeline1	Entire Recording	1	date	Fixation	Whole	281	99540	99740	200			0.50078	0.53901	2.64528
Recording2	P2	male	Timeline1	Entire Recording	1	date	Fixation	Whole	282	100774	100858	83			0.25718	0.52294	2.74352
Recording2	P2	male	Timeline1	Entire Recording	1	date	Fixation	Whole	283	101157	101407	250			0.13512	0.55399	2.78432
Recording2	P2	male	Timeline1	Entire Recording	1	date	Fixation	Whole	284	101590	101657	67			0.15761	0.52871	2.77817
Recording2	P2	male	Timeline1	Entire Recording	1	date	Fixation	Whole	285	101674	101790	117			0.24862	0.58404	2.86864
Recording2	P2	male	Timeline1	Entire Recording	1	date	Fixation	Whole	286	101841	101907	67			0.24714	0.5749	2.86045
Recording2	P2	male	Timeline1	Entire Recording	1	date	Fixation	Whole	287	101957	102074	117			0.24476	0.53263	2.81297
Recording2	P2	male	Timeline1	Entire Recording	1	date	Fixation	Whole	288	102124	102190	67			0.24288	0.67553	2.88635
Recording2	P2	male	Timeline1	Entire Recording	1	date	Fixation	Whole	289	102524	102607	83			0.50626	0.83858	2.7235
Recording2	P2	male	Timeline1	Entire Recording	1	date	Fixation	Whole	290	102974	103090	117			0.6676	0.90703	2.75877
Recording2	P2	male	Timeline1	Entire Recording	1	date	Fixation	Whole	291	103290	103558	268			0.51774	0.34906	2.74599
Recording2	P2	male	Timeline1	Entire Recording	1	thanks	Fixation	Whole	292	103625	103725	100			0.41646	0.4606	2.77645
Recording2	P2	male	Timeline1	Entire Recording	1	thanks	Fixation	Whole	293	103741	103875	133			0.41733	0.50098	2.78328
Recording2	P2	male	Timeline1	Entire Recording	1	thanks	Fixation	Whole	294	103891	103975	83			0.41316	0.46569	2.7601
Recording2	P2	male	Timeline1	Entire Recording	1	thanks	Fixation	Whole	295	104341	104458	117			0.52256	0.58357	2.77388
Recording2	P2	male	Timeline1	Entire Recording	1	thanks	Fixation	Whole	296	104708	104825	117			0.66946	0.37043	2.67259
Recording2	P2	male	Timeline1	Entire Recording	1	thanks	Fixation	Whole	297	105125	105241	117			0.40369	0.47364	2.75756
Recording3	p03	female	Timeline1	cake	1	cake	Fixation	Partial	1	0	275	275			0.50177	0.42887	2.8897
Recording3	p03	female	Timeline1	cake	1	cake	Fixation	Whole	2	408	558	150			0.46084	0.12189	2.96086
Recording3	p03	female	Timeline1	cake	1	cake	Fixation	Whole	3	625	758	133			0.13641	0.45885	2.99143
Recording3	p03	female	Timeline1	cake	1	cake	Fixation	Whole	4	874	1124	250			0.53779	0.16665	2.85984
Recording3	p03	female	Timeline1	cake	1	cake	Fixation	Whole	5	1174	1324	150			0.54105	0.15012	2.82617
Recording3	p03	female	Timeline1	cake	1	cake	Fixation	Whole	6	1576	1728	153			0.548	0.15592	2.76301
Recording3	p03	female	Timeline1	cake	1	cake	Fixation	Whole	7	1812	1878	67			0.18291	0.43638	3.03384
Recording3	p03	female	Timeline1	cake	1	cake	Fixation	Whole	8	1962	2495	533			0.56801	0.17695	2.90239
Recording3	p03	female	Timeline1	cake	1	cake	Fixation	Whole	9	2512	2662	150			0.5828	0.17755	2.93245
Recording3	p03	female	Timeline1	cake	1	cake	Fixation	Whole	10	2695	2795	100			0.52671	0.20375	2.88714
Recording3	p03	female	Timeline1	cake	1	cake	Fixation	Whole	11	3095	3212	117			0.55575	0.43451	3.05028
Recording3	p03	female	Timeline1	cake	1	cake	Fixation	Whole	12	3245	3445	200			0.52659	0.3527	2.93421
Recording3	p03	female	Timeline1	cake	1	cake	Fixation	Whole	13	3762	3895	133			0.52785	0.50224	2.95673
Recording3	p03	female	Timeline1	cake	1	cake	Fixation	Whole	14	3978	4112	133			0.52746	0.4911	2.95756
Recording3	p03	female	Timeline1	cake	1	cake	Fixation	Whole	15	4145	4545	400			0.53016	0.13268	2.89334
Recording3	p03	female	Timeline1	cake	1	cake	Fixation	Whole	16	4562	4678	117			0.52938	0.15327	2.93679
Recording3	p03	female	Timeline1	cake	1	cake	Fixation	Whole	17	4695	4795	100			0.57798	0.21539	2.95197
Recording3	p03	female	Timeline1	cake	1	cake	Fixation	Whole	18	4812	4962	150			0.58177	0.18953	2.9666
Recording3	p03	female	Timeline1	cake	1	cake	Fixation	Whole	19	4995	5162	167			0.4607	0.17475	2.90376
Recording3	p03	female	Timeline1	cake	1	cake	Fixation	Whole	20	5262	5478	217			0.54234	0.74228	3.07737
Recording3	p03	female	Timeline1	cake	1	cake	Fixation	Whole	21	5495	5595	100			0.55187	0.53642	3.03927
Recording3	p03	female	Timeline1	cake	1	cake	Fixation	Whole	22	5612	5728	117			0.55565	0.50503	3.00163
Recording3	p03	female	Timeline1	cake	1	cake	Fixation	Whole	23	5762	6112	350			0.53647	0.16127	2.87568
Recording3	p03	female	Timeline1	cake	1	cake	Fixation	Whole	24	6245	6312	67			0.55601	0.42512	2.83445
Recording3	p03	female	Timeline1	cake	1	cake	Fixation	Whole	25	6362	6528	167			0.55141	0.42311	2.85027
Recording3	p03	female	Timeline1	cake	1	cake	Fixation	Whole	26	6545	6612	67			0.54183	0.45389	2.90841
Recording3	p03	female	Timeline1	cake	1	cake	Fixation	Whole	27	6662	6812	150			0.53292	0.4611	2.8502
Recording3	p03	female	Timeline1	cake	1	cake	Fixation	Whole	28	6828	7095	267			0.52939	0.44491	2.84658
Recording3	p03	female	Timeline1	cake	1	cake	Fixation	Whole	29	7262	7728	467			0.52103	0.44484	2.75813
Recording3	p03	female	Timeline1	cake	1	cake	Fixation	Whole	30	7828	7995	167			0.52336	0.47265	2.80267
Recording3	p03	female	Timeline1	cake	1	cake	Fixation	Whole	31	8045	8112	67			0.52211	0.46739	2.80093
Recording3	p03	female	Timeline1	cake	1	cake	Fixation	Whole	32	8278	8362	83			0.60689	0.57354	2.77672
Recording3	p03	female	Timeline1	cake	1	cake	Fixation	Whole	33	8712	8795	83			0.81174	0.91533	2.46808
Recording3	p03	female	Timeline1	cake	1	cake	Fixation	Whole	34	9012	9146	133			0.68272	0.91957	2.94091
Recording3	p03	female	Timeline1	cake	1	cake	Fixation	Partial	35	9212	9317	104			0.49852	0.29321	2.79204
Recording3	p03	female	Timeline1	cereal	1	cereal	Fixation	Partial	1	0	415	415			0.51694	0.42752	2.7036
Recording3	p03	female	Timeline1	cereal	1	cereal	Fixation	Whole	2	615	681	67			0.54126	0.37064	2.67883
Recording3	p03	female	Timeline1	cereal	1	cereal	Fixation	Whole	3	831	915	83			0.55271	0.23613	2.6772
Recording3	p03	female	Timeline1	cereal	1	cereal	Fixation	Whole	4	1031	1198	166			0.55788	0.16389	2.6906
Recording3	p03	female	Timeline1	cereal	1	cereal	Fixation	Whole	5	1215	1415	200			0.58538	0.17682	2.72175
Recording3	p03	female	Timeline1	cereal	1	cereal	Fixation	Whole	6	1448	1614	167			0.51537	0.37488	2.65495
Recording3	p03	female	Timeline1	cereal	1	cereal	Fixation	Whole	7	1765	1865	100			0.21318	0.58486	2.87321
Recording3	p03	female	Timeline1	cereal	1	cereal	Fixation	Whole	8	1965	2081	117			0.17249	0.39789	2.92559
Recording3	p03	female	Timeline1	cereal	1	cereal	Fixation	Whole	9	2215	2331	117			0.14449	0.4693	2.84892
Recording3	p03	female	Timeline1	cereal	1	cereal	Fixation	Whole	10	2348	2481	133			0.11769	0.50482	2.81905
Recording3	p03	female	Timeline1	cereal	1	cereal	Fixation	Whole	11	2548	2715	167			0.11837	0.47837	2.88444
Recording3	p03	female	Timeline1	cereal	1	cereal	Fixation	Whole	12	2731	2865	133			0.10762	0.47062	2.8748
Recording3	p03	female	Timeline1	cereal	1	cereal	Fixation	Whole	13	3165	3248	83			0.25601	0.41808	2.87158
Recording3	p03	female	Timeline1	cereal	1	cereal	Fixation	Whole	14	3348	3431	83			0.13342	0.52176	2.97262
Recording3	p03	female	Timeline1	cereal	1	cereal	Fixation	Whole	15	3581	3715	133			0.86618	0.45999	2.87561
Recording3	p03	female	Timeline1	cereal	1	cereal	Fixation	Whole	16	3832	3948	117			0.86712	0.31106	2.76541
Recording3	p03	female	Timeline1	cereal	1	cereal	Fixation	Whole	17	4265	4599	333			0.89719	0.4233	2.76144
Recording3	p03	female	Timeline1	cereal	1	cereal	Fixation	Whole	18	4749	4899	150			0.88481	0.51621	2.86184
Recording3	p03	female	Timeline1	cereal	1	cereal	Fixation	Whole	19	4965	5149	183			0.91994	0.54693	2.82492
Recording3	p03	female	Timeline1	cereal	1	cereal	Fixation	Whole	20	5199	5282	83			0.90465	0.57706	2.79081
Recording3	p03	female	Timeline1	cereal	1	cereal	Fixation	Whole	21	5798	5898	100			0.2457	0.51052	2.58739
Recording3	p03	female	Timeline1	cereal	1	cereal	Fixation	Whole	22	6081	6298	217			0.06732	0.56643	2.67891
Recording3	p03	female	Timeline1	cereal	1	cereal	Fixation	Whole	23	6481	6581	100			0.07394	0.57286	2.70746
Recording3	p03	female	Timeline1	cereal	1	cereal	Fixation	Whole	24	6648	6815	167			0.26741	0.55833	2.67963
Recording3	p03	female	Timeline1	cereal	1	cereal	Fixation	Whole	25	7219	7419	200			0.33709	0.89234	2.9155
Recording3	p03	female	Timeline1	cereal	1	cereal	Fixation	Whole	26	7769	7903	133			0.19961	0.42124	2.98425
Recording3	p03	female	Timeline1	cereal	1	cereal	Fixation	Whole	27	8103	8236	133			0.51325	0.23582	2.81434
Recording3	p03	female	Timeline1	cereal	1	cereal	Fixation	Partial	28	8319	8467	147			0.17342	0.56889	2.89736
Recording3	p03	female	Timeline1	date	1	date	Fixation	Partial	1	0	286	286			0.52611	0.47432	2.91931
Recording3	p03	female	Timeline1	date	1	date	Fixation	Whole	2	452	1086	634			0.56108	0.18525	2.82873
Recording3	p03	female	Timeline1	date	1	date	Fixation	Whole	3	1153	1269	117			0.48871	0.21649	2.69715
Recording3	p03	female	Timeline1	date	1	date	Fixation	Whole	4	1319	1469	150			0.52146	0.30058	2.82637
Recording3	p03	female	Timeline1	date	1	date	Fixation	Whole	5	1519	1619	100			0.23097	0.47592	2.97723
Recording3	p03	female	Timeline1	date	1	date	Fixation	Whole	6	1786	1986	200			0.19393	0.38617	2.98631
Recording3	p03	female	Timeline1	date	1	date	Fixation	Whole	7	2069	2203	133			0.16006	0.40966	2.92437
Recording3	p03	female	Timeline1	date	1	date	Fixation	Whole	8	2858	2958	100			0.1167	0.52639	3.19267
Recording3	p03	female	Timeline1	date	1	date	Fixation	Whole	9	2991	3174	183			0.10991	0.48977	3.06963
Recording3	p03	female	Timeline1	date	1	date	Fixation	Whole	10	3541	3675	134			0.88519	0.37264	2.88187
Recording3	p03	female	Timeline1	date	1	date	Fixation	Whole	11	3891	3991	100			0.85058	0.29403	2.96858
Recording3	p03	female	Timeline1	date	1	date	Fixation	Whole	12	4041	4275	233			0.86028	0.28437	2.92523
Recording3	p03	female	Timeline1	date	1	date	Fixation	Whole	13	4358	4575	217			0.51341	0.1474	2.8618
Recording3	p03	female	Timeline1	date	1	date	Fixation	Whole	14	4592	4792	200			0.54946	0.16667	2.83699
Recording3	p03	female	Timeline1	date	1	date	Fixation	Whole	15	4975	5075	100			0.19572	0.45281	2.83246
Recording3	p03	female	Timeline1	date	1	date	Fixation	Whole	16	5142	5225	83			0.08839	0.51029	2.87828
Recording3	p03	female	Timeline1	date	1	date	Fixation	Whole	17	5291	5358	67			0.08364	0.4943	2.85107
Recording3	p03	female	Timeline1	date	1	date	Fixation	Whole	18	5658	5774	117			0.16044	0.40854	2.76667
Recording3	p03	female	Timeline1	date	1	date	Fixation	Whole	19	5858	5958	100			0.24393	0.39876	2.76308
Recording3	p03	female	Timeline1	date	1	date	Fixation	Whole	20	6008	6075	67			0.23848	0.35946	2.66035
Recording3	p03	female	Timeline1	date	1	date	Fixation	Whole	21	6341	6424	83			0.29531	0.85708	2.92875
Recording3	p03	female	Timeline1	date	1	date	Fixation	Whole	22	6574	6674	100			0.2135	0.39318	2.93137
Recording3	p03	female	Timeline1	date	1	date	Fixation	Whole	23	6758	6841	83			0.14878	0.46709	2.91553
Recording3	p03	female	Timeline1	date	1	date	Fixation	Whole	24	6874	6958	83			0.13448	0.40082	2.77845
Recording3	p03	female	Timeline1	date	1	date	Fixation	Whole	25	7008	7091	83			0.23056	0.47149	2.7402
Recording3	p03	female	Timeline1	date	1	date	Fixation	Whole	26	7174	7341	167			0.10277	0.57731	2.86658
Recording3	p03	female	Timeline1	date	1	date	Fixation	Whole	27	7674	7741	67			0.21812	0.42241	2.79816
Recording3	p03	female	Timeline1	date	1	date	Fixation	Whole	28	8174	8325	150			0.85945	0.4445	2.80108
Recording3	p03	female	Timeline1	date	1	date	Fixation	Whole	29	8658	8842	183			0.92038	0.45482	2.83239
Recording3	p03	female	Timeline1	date	1	date	Fixation	Whole	30	8925	9042	117			0.48945	0.36517	2.77547
Recording3	p03	female	Timeline1	date	1	date	Fixation	Partial	31	9208	9283	75			0.26166	0.94244	2.82349
Recording3	p03	female	Timeline1	fixation	1	fixation	Fixation	Partial	1	0	191	191			0.76999	0.37484	2.77889
Recording3	p03	female	Timeline1	fixation	1	fixation	Fixation	Whole	2	341	541	200			0.53601	0.44609	2.71504
Recording3	p03	female	Timeline1	fixation	1	fixation	Fixation	Partial	3	557	600	43			0.52578	0.40895	2.65273
Recording3	p03	female	Timeline1	fixation	2	fixation	Fixation	Partial	1	0	60	60			0.522	0.38393	2.99199
Recording3	p03	female	Timeline1	fixation	2	fixation	Fixation	Whole	2	110	243	133			0.51781	0.38733	2.99815
Recording3	p03	female	Timeline1	fixation	3	fixation	Fixation	Partial	1	0	98	98			0.56614	0.25019	2.67299
Recording3	p03	female	Timeline1	fixation	3	fixation	Fixation	Whole	2	148	248	100			0.56239	0.25079	2.7091
Recording3	p03	female	Timeline1	fixation	3	fixation	Fixation	Whole	3	331	398	67			0.5255	0.42857	2.66059
Recording3	p03	female	Timeline1	fixation	3	fixation	Fixation	Partial	4	548	633	86			0.51694	0.42752	2.71891
Recording3	p03	female	Timeline1	fixation	4	fixation	Fixation	Partial	1	0	36	36			0.17342	0.56889	2.86849
Recording3	p03	female	Timeline1	fixation	4	fixation	Fixation	Whole	2	286	486	200			0.51588	0.24821	2.6848
Recording3	p03	female	Timeline1	fixation	4	fixation	Fixation	Whole	3	603	786	183			0.64272	0.24403	2.86248
Recording3	p03	female	Timeline1	fixation	4	fixation	Fixation	Whole	4	836	1536	700			0.54791	0.25825	2.90322
Recording3	p03	female	Timeline1	fixation	4	fixation	Fixation	Whole	5	1570	2003	433			0.53077	0.34809	2.90001
Recording3	p03	female	Timeline1	fixation	4	fixation	Fixation	Whole	6	2019	2136	117			0.52353	0.45027	2.91705
Recording3	p03	female	Timeline1	fixation	4	fixation	Fixation	Partial	7	2186	2233	47			0.52611	0.47432	2.88029
Recording3	p03	female	Timeline1	fixation	5	fixation	Fixation	Partial	1	0	42	42			0.26166	0.94244	2.69783
Recording3	p03	female	Timeline1	fixation	5	fixation	Fixation	Whole	2	58	192	133			0.28105	0.92975	2.90303
Recording3	p03	female	Timeline1	fixation	5	fixation	Fixation	Whole	3	308	492	183			0.46684	0.35827	2.85976
Recording3	p03	female	Timeline1	fixation	5	fixation	Fixation	Partial	4	525	567	42			0.50177	0.42887	2.94765
Recording3	p03	female	Timeline1	ice-cream	1	ice-cream	Fixation	Whole	1	10	177	167			0.47938	0.48659	2.94324
Recording3	p03	female	Timeline1	ice-cream	1	ice-cream	Fixation	Whole	2	293	460	167			0.49209	0.28089	3.02234
Recording3	p03	female	Timeline1	ice-cream	1	ice-cream	Fixation	Whole	3	477	793	317			0.49142	0.17502	3.02579
Recording3	p03	female	Timeline1	ice-cream	1	ice-cream	Fixation	Partial	4	943	1010	67			0.54959	0.01144	3.03701
Recording3	p03	female	Timeline1	ice-cream	1	ice-cream	Fixation	Whole	5	1026	1182	155			0.52441	0.15095	2.85481
Recording3	p03	female	Timeline1	ice-cream	1	ice-cream	Fixation	Whole	6	1198	1332	133			0.5245	0.16504	2.90878
Recording3	p03	female	Timeline1	ice-cream	1	ice-cream	Fixation	Whole	7	1382	1448	67			0.48341	0.25106	2.79573
Recording3	p03	female	Timeline1	ice-cream	1	ice-cream	Fixation	Whole	8	1498	1631	133			0.48894	0.25811	2.83074
Recording3	p03	female	Timeline1	ice-cream	1	ice-cream	Fixation	Whole	9	1765	1898	133			0.52046	0.29673	2.87205
Recording3	p03	female	Timeline1	ice-cream	1	ice-cream	Fixation	Whole	10	1931	2198	267			0.50118	0.1633	2.86813
Recording3	p03	female	Timeline1	ice-cream	1	ice-cream	Fixation	Whole	11	2398	2548	150			0.50242	0.28807	2.77942
Recording3	p03	female	Timeline1	ice-cream	1	ice-cream	Fixation	Whole	12	2582	2715	133			0.55564	0.21875	2.84714
Recording3	p03	female	Timeline1	ice-cream	1	ice-cream	Fixation	Whole	13	2731	2881	150			0.55365	0.1809	2.8565
Recording3	p03	female	Timeline1	ice-cream	1	ice-cream	Fixation	Whole	14	2931	3015	83			0.55146	0.17153	2.79295
Recording3	p03	female	Timeline1	ice-cream	1	ice-cream	Fixation	Whole	15	3315	3448	133			0.70568	0.90175	2.93449
Recording3	p03	female	Timeline1	ice-cream	1	ice-cream	Fixation	Whole	16	3531	3632	100			0.6735	0.80483	2.93362
Recording3	p03	female	Timeline1	ice-cream	1	ice-cream	Fixation	Whole	17	3698	3765	67			0.48765	0.35505	2.74572
Recording3	p03	female	Timeline1	ice-cream	1	ice-cream	Fixation	Whole	18	3798	3882	83			0.4963	0.39945	2.81971
Recording3	p03	female	Timeline1	ice-cream	1	ice-cream	Fixation	Whole	19	3965	4065	100			0.52288	0.17832	2.79371
Recording3	p03	female	Timeline1	ice-cream	1	ice-cream	Fixation	Whole	20	4115	4365	250			0.55033	0.18794	2.73611
Recording3	p03	female	Timeline1	ice-cream	1	ice-cream	Fixation	Whole	21	4465	4565	100			0.88962	0.29891	2.70821
Recording3	p03	female	Timeline1	ice-cream	1	ice-cream	Fixation	Whole	22	5049	5182	133			0.90968	0.70222	2.76542
Recording3	p03	female	Timeline1	ice-cream	1	ice-cream	Fixation	Whole	23	5415	5598	183			0.07949	0.4906	2.78639
Recording3	p03	female	Timeline1	ice-cream	1	ice-cream	Fixation	Partial	24	5748	5867	119			0.56614	0.25019	2.73212
Recording3	p03	female	Timeline1	instruction	1	instruction	Fixation	Whole	1	12	241	229			0.52366	0.39201	3.35291
Recording3	p03	female	Timeline1	instruction	1	instruction	Fixation	Whole	2	274	424	150			0.50141	0.17519	3.13085
Recording3	p03	female	Timeline1	instruction	1	instruction	Fixation	Whole	3	507	691	183			0.54408	0.21424	2.72985
Recording3	p03	female	Timeline1	instruction	1	instruction	Fixation	Whole	4	957	1041	83			0.47033	0.17294	2.51805
Recording3	p03	female	Timeline1	instruction	1	instruction	Fixation	Whole	5	1191	1257	67			0.82012	0.29192	2.56742
Recording3	p03	female	Timeline1	instruction	1	instruction	Fixation	Whole	6	1541	1708	167			0.77537	0.19617	2.53095
Recording3	p03	female	Timeline1	instruction	1	instruction	Fixation	Whole	7	1725	1975	250			0.72354	0.21313	2.56485
Recording3	p03	female	Timeline1	instruction	1	instruction	Fixation	Whole	8	1991	2075	83			0.6645	0.21663	2.56901
Recording3	p03	female	Timeline1	instruction	1	instruction	Fixation	Whole	9	2275	2341	67			0.70319	0.22412	2.63363
Recording3	p03	female	Timeline1	instruction	1	instruction	Fixation	Whole	10	2408	2608	200			0.60682	0.22433	2.67308
Recording3	p03	female	Timeline1	instruction	1	instruction	Fixation	Whole	11	2641	2891	250			0.5035	0.2353	2.69984
Recording3	p03	female	Timeline1	instruction	1	instruction	Fixation	Whole	12	2925	3091	167			0.42495	0.25196	2.73041
Recording3	p03	female	Timeline1	instruction	1	instruction	Fixation	Whole	13	3108	3358	250			0.34959	0.26347	2.71922
Recording3	p03	female	Timeline1	instruction	1	instruction	Fixation	Whole	14	3408	3591	183			0.28017	0.28099	2.71296
Recording3	p03	female	Timeline1	instruction	1	instruction	Fixation	Whole	15	3625	3691	67			0.22245	0.31833	2.73233
Recording3	p03	female	Timeline1	instruction	1	instruction	Fixation	Whole	16	3708	3825	117			0.20353	0.30646	2.71252
Recording3	p03	female	Timeline1	instruction	1	instruction	Fixation	Whole	17	4124	4241	117			0.81593	0.3226	2.68842
Recording3	p03	female	Timeline1	instruction	1	instruction	Fixation	Whole	18	4291	4391	100			0.76627	0.35711	2.72683
Recording3	p03	female	Timeline1	instruction	1	instruction	Fixation	Whole	19	4524	4641	117			0.67765	0.33631	2.77551
Recording3	p03	female	Timeline1	instruction	1	instruction	Fixation	Whole	20	4657	4941	283			0.60711	0.29263	2.68643
Recording3	p03	female	Timeline1	instruction	1	instruction	Fixation	Whole	21	4974	5224	250			0.51808	0.28606	2.65114
Recording3	p03	female	Timeline1	instruction	1	instruction	Fixation	Whole	22	5291	5357	67			0.43748	0.30144	2.62801
Recording3	p03	female	Timeline1	instruction	1	instruction	Fixation	Whole	23	5491	5691	200			0.33624	0.29191	2.64992
Recording3	p03	female	Timeline1	instruction	1	instruction	Fixation	Whole	24	5941	6107	167			0.78389	0.45336	2.75216
Recording3	p03	female	Timeline1	instruction	1	instruction	Fixation	Whole	25	6124	6207	83			0.88775	0.46882	2.72349
Recording3	p03	female	Timeline1	instruction	1	instruction	Fixation	Whole	26	6391	6541	150			0.73339	0.37268	2.66945
Recording3	p03	female	Timeline1	instruction	1	instruction	Fixation	Whole	27	6575	6825	250			0.64097	0.37494	2.71762
Recording3	p03	female	Timeline1	instruction	1	instruction	Fixation	Whole	28	6941	7108	167			0.50799	0.38649	2.72688
Recording3	p03	female	Timeline1	instruction	1	instruction	Fixation	Whole	29	7208	7275	67			0.43951	0.44676	2.83539
Recording3	p03	female	Timeline1	instruction	1	instruction	Fixation	Whole	30	7325	7508	183			0.37071	0.43857	2.88768
Recording3	p03	female	Timeline1	instruction	1	instruction	Fixation	Whole	31	7625	7741	117			0.27318	0.49885	2.88918
Recording3	p03	female	Timeline1	instruction	1	instruction	Fixation	Whole	32	7775	7858	83			0.15964	0.48613	2.82253
Recording3	p03	female	Timeline1	instruction	1	instruction	Fixation	Whole	33	7908	7974	66			0.18101	0.45297	2.8331
Recording3	p03	female	Timeline1	instruction	1	instruction	Fixation	Whole	34	8074	8224	150			0.12297	0.48539	2.89144
Recording3	p03	female	Timeline1	instruction	1	instruction	Fixation	Whole	35	8307	8474	167			0.79912	0.55791	2.8955
Recording3	p03	female	Timeline1	instruction	1	instruction	Fixation	Whole	36	8641	8757	117			0.7188	0.55896	2.88462
Recording3	p03	female	Timeline1	instruction	1	instruction	Fixation	Whole	37	9007	9174	167			0.52038	0.41809	2.64537
Recording3	p03	female	Timeline1	instruction	1	instruction	Fixation	Whole	38	9557	9657	100			0.3113	0.44126	2.63484
Recording3	p03	female	Timeline1	instruction	1	instruction	Fixation	Whole	39	9924	10058	134			0.90013	0.60635	2.67054
Recording3	p03	female	Timeline1	instruction	1	instruction	Fixation	Whole	40	10091	10408	317			0.84208	0.6317	2.85373
Recording3	p03	female	Timeline1	instruction	1	instruction	Fixation	Whole	41	10674	10774	100			0.74366	0.63117	2.94294
Recording3	p03	female	Timeline1	instruction	1	instruction	Fixation	Whole	42	10858	11024	167			0.74887	0.62945	2.91168
Recording3	p03	female	Timeline1	instruction	1	instruction	Fixation	Whole	43	11074	11158	83			0.77311	0.58452	2.77392
Recording3	p03	female	Timeline1	instruction	1	instruction	Fixation	Whole	44	11358	11441	83			0.74473	0.58651	2.87147
Recording3	p03	female	Timeline1	instruction	1	instruction	Fixation	Whole	45	12175	12241	67			0.52486	0.58638	2.74596
Recording3	p03	female	Timeline1	instruction	1	instruction	Fixation	Whole	46	12391	12458	67			0.39189	0.56199	2.6958
Recording3	p03	female	Timeline1	instruction	1	instruction	Fixation	Whole	47	12741	13024	283			0.21773	0.63564	2.75796
Recording3	p03	female	Timeline1	instruction	1	instruction	Fixation	Whole	48	13124	13190	67			0.21113	0.63922	2.74071
Recording3	p03	female	Timeline1	instruction	1	instruction	Fixation	Whole	49	13524	13590	67			0.53878	0.66621	2.89258
Recording3	p03	female	Timeline1	instruction	1	instruction	Fixation	Whole	50	13974	14107	133			0.65807	0.81411	2.91616
Recording3	p03	female	Timeline1	instruction	1	instruction	Fixation	Whole	51	14190	14257	67			0.56523	0.79445	2.82276
Recording3	p03	female	Timeline1	instruction	1	instruction	Fixation	Whole	52	14590	14657	67			0.4161	0.79439	2.99155
Recording3	p03	female	Timeline1	instruction	1	instruction	Fixation	Whole	53	14924	15007	83			0.64299	0.69327	2.8188
Recording3	p03	female	Timeline1	instruction	1	instruction	Fixation	Whole	54	15057	15124	67			0.63671	0.66859	2.74435
Recording3	p03	female	Timeline1	instruction	1	instruction	Fixation	Whole	55	15290	15457	167			0.49628	0.42582	2.70439
Recording3	p03	female	Timeline1	instruction	1	instruction	Fixation	Whole	56	15524	15590	67			0.4891	0.44586	2.76643
Recording3	p03	female	Timeline1	instruction	1	instruction	Fixation	Whole	57	15790	15874	83			0.48974	0.42913	2.67101
Recording3	p03	female	Timeline1	instruction	1	instruction	Fixation	Whole	58	16124	16224	100			0.78965	0.55647	2.69464
Recording3	p03	female	Timeline1	instruction	1	instruction	Fixation	Whole	59	16241	16307	67			0.76548	0.60426	2.77027
Recording3	p03	female	Timeline1	instruction	1	instruction	Fixation	Partial	60	16407	16483	76			0.76999	0.37484	2.82168
Recording3	p03	female	Timeline1	pizza	1	pizza	Fixation	Partial	1	0	174	174			0.52578	0.40895	2.66367
Recording3	p03	female	Timeline1	pizza	1	pizza	Fixation	Whole	2	190	274	83			0.5288	0.44097	2.78136
Recording3	p03	female	Timeline1	pizza	1	pizza	Fixation	Whole	3	407	507	100			0.58015	0.36066	2.91269
Recording3	p03	female	Timeline1	pizza	1	pizza	Fixation	Partial	4	1042	1126	84			0.53569	0.20815	2.80331
Recording3	p03	female	Timeline1	pizza	1	pizza	Fixation	Whole	5	1226	1393	167			0.59167	0.362	2.89212
Recording3	p03	female	Timeline1	pizza	1	pizza	Fixation	Whole	6	1443	1543	100			0.29337	0.37433	2.91995
Recording3	p03	female	Timeline1	pizza	1	pizza	Fixation	Whole	7	1759	1843	83			0.35545	0.72739	2.97968
Recording3	p03	female	Timeline1	pizza	1	pizza	Fixation	Whole	8	1909	2009	100			0.32286	0.87394	3.00173
Recording3	p03	female	Timeline1	pizza	1	pizza	Fixation	Whole	9	2076	2243	167			0.36398	0.4234	2.98087
Recording3	p03	female	Timeline1	pizza	1	pizza	Fixation	Whole	10	2426	2526	100			0.5056	0.28317	2.79451
Recording3	p03	female	Timeline1	pizza	1	pizza	Fixation	Whole	11	2593	2709	117			0.18815	0.49636	2.89148
Recording3	p03	female	Timeline1	pizza	1	pizza	Fixation	Whole	12	2959	3042	83			0.2727	0.49732	2.87899
Recording3	p03	female	Timeline1	pizza	1	pizza	Fixation	Whole	13	3309	3543	233			0.52288	0.29482	2.73826
Recording3	p03	female	Timeline1	pizza	1	pizza	Fixation	Whole	14	3576	3693	117			0.56228	0.20347	2.87274
Recording3	p03	female	Timeline1	pizza	1	pizza	Fixation	Whole	15	3793	3926	134			0.93754	0.45074	2.8004
Recording3	p03	female	Timeline1	pizza	1	pizza	Fixation	Whole	16	4077	4160	83			0.85191	0.36795	2.77363
Recording3	p03	female	Timeline1	pizza	1	pizza	Fixation	Whole	17	4210	4393	183			0.71828	0.92645	2.8921
Recording3	p03	female	Timeline1	pizza	1	pizza	Fixation	Whole	18	4443	4710	267			0.68637	0.90548	3.01161
Recording3	p03	female	Timeline1	pizza	1	pizza	Fixation	Whole	19	4960	5210	250			0.23854	0.45532	2.97452
Recording3	p03	female	Timeline1	pizza	1	pizza	Fixation	Whole	20	5277	5643	367			0.48275	0.44457	2.92746
Recording3	p03	female	Timeline1	pizza	1	pizza	Fixation	Whole	21	5793	5860	67			0.86412	0.44558	2.85737
Recording3	p03	female	Timeline1	pizza	1	pizza	Fixation	Whole	22	6060	6143	83			0.49124	0.34971	2.76008
Recording3	p03	female	Timeline1	pizza	1	pizza	Fixation	Whole	23	6277	6393	117			0.74543	0.49003	2.84207
Recording3	p03	female	Timeline1	pizza	1	pizza	Fixation	Whole	24	6760	6910	150			0.69666	0.87649	3.01858
Recording3	p03	female	Timeline1	pizza	1	pizza	Fixation	Whole	25	7010	7210	200			0.51579	0.309	2.93109
Recording3	p03	female	Timeline1	pizza	1	pizza	Fixation	Whole	26	7276	7476	200			0.49137	0.18611	2.92816
Recording3	p03	female	Timeline1	pizza	1	pizza	Fixation	Whole	27	7526	7676	150			0.51009	0.43092	2.96923
Recording3	p03	female	Timeline1	pizza	1	pizza	Fixation	Whole	28	7777	8110	333			0.4994	0.38994	3.01686
Recording3	p03	female	Timeline1	pizza	1	pizza	Fixation	Whole	29	8127	8760	633			0.51639	0.17076	2.98732
Recording3	p03	female	Timeline1	pizza	1	pizza	Fixation	Whole	30	8776	8926	150			0.48291	0.19384	2.94829
Recording3	p03	female	Timeline1	pizza	1	pizza	Fixation	Whole	31	8943	9010	67			0.48309	0.18432	2.9168
Recording3	p03	female	Timeline1	pizza	1	pizza	Fixation	Whole	32	9076	9160	83			0.45029	0.18274	2.91687
Recording3	p03	female	Timeline1	pizza	1	pizza	Fixation	Whole	33	9227	9377	150			0.55415	0.50655	2.90629
Recording3	p03	female	Timeline1	pizza	1	pizza	Fixation	Whole	34	9460	9543	83			0.68005	0.84182	3.0131
Recording3	p03	female	Timeline1	pizza	1	pizza	Fixation	Whole	35	9560	9627	67			0.69085	0.88159	3.09751
Recording3	p03	female	Timeline1	pizza	1	pizza	Fixation	Partial	36	9693	9800	107			0.522	0.38393	2.97275
Recording3	p03	female	Timeline1	thanks	1	thanks	Fixation	Partial	1	0	212	212			0.49852	0.29321	2.84072
Recording3	p03	female	Timeline1	thanks	1	thanks	Fixation	Whole	2	296	379	83			0.49111	0.30052	2.82282
Recording3	p03	female	Timeline1	thanks	1	thanks	Fixation	Whole	3	412	662	250			0.50203	0.35801	2.77216
Recording3	p03	female	Timeline1	thanks	1	thanks	Fixation	Whole	4	779	962	183			0.29112	0.51505	2.86071
Recording3	p03	female	Timeline1	thanks	1	thanks	Fixation	Whole	5	1096	1262	167			0.51204	0.51776	2.66975
Recording3	p03	female	Timeline1	thanks	1	thanks	Fixation	Whole	6	1346	1529	183			0.51847	0.51338	2.72014
Recording3	p03	female	Timeline1	thanks	1	thanks	Fixation	Whole	7	1579	1879	300			0.48672	0.34868	2.68235
Recording3	p03	female	Timeline1	thanks	1	thanks	Fixation	Partial	8	1929	2000	71			0.48025	0.31944	2.65291
Recording3	p03	female	Timeline1	Entire Recording	1		Fixation	Whole	1	231	297	66			0.39914	0.85293	4.10391
Recording3	p03	female	Timeline1	Entire Recording	1		Fixation	Whole	2	364	547	183			0.62012	0.55134	4.0852
Recording3	p03	female	Timeline1	Entire Recording	1		Fixation	Whole	3	597	897	300			0.45925	0.2446	4.12443
Recording3	p03	female	Timeline1	Entire Recording	1		Fixation	Whole	4	930	1180	250			0.50832	-0.00876	4.21124
Recording3	p03	female	Timeline1	Entire Recording	1		Fixation	Whole	5	1214	1364	150			0.54625	0.38672	4.14222
Recording3	p03	female	Timeline1	Entire Recording	1		Fixation	Whole	6	1380	1464	83			0.53691	0.39494	3.91647
Recording3	p03	female	Timeline1	Entire Recording	1		Fixation	Whole	7	1497	1780	283			0.56657	0.52161	3.81259
Recording3	p03	female	Timeline1	Entire Recording	1		Fixation	Whole	8	1830	2130	300			0.70034	0.70164	3.89919
Recording3	p03	female	Timeline1	Entire Recording	1		Fixation	Whole	9	4322	4616	294			0.52982	0.24111	3.82099
Recording3	p03	female	Timeline1	Entire Recording	1		Fixation	Whole	10	4649	4799	150			0.50087	0.35804	3.77041
Recording3	p03	female	Timeline1	Entire Recording	1		Fixation	Whole	11	4816	6082	1267			0.51012	0.44485	3.81572
Recording3	p03	female	Timeline1	Entire Recording	1		Fixation	Whole	12	6099	6532	433			0.50842	0.45345	3.88372
Recording3	p03	female	Timeline1	Entire Recording	1		Fixation	Partial	13	6815	7332	517			0.51531	0.45508	3.76285
Recording3	p03	female	Timeline1	Entire Recording	1		Fixation	Whole	14	7349	8799	1450			0.50685	0.46568	3.72788
Recording3	p03	female	Timeline1	Entire Recording	1		Fixation	Whole	15	8832	9016	183			0.40908	0.55731	3.64187
Recording3	p03	female	Timeline1	Entire Recording	1		Fixation	Whole	16	9132	9249	117			0.21273	0.75589	3.63726
Recording3	p03	female	Timeline1	Entire Recording	1		Fixation	Whole	17	9266	9349	83			0.17302	0.80365	3.59819
Recording3	p03	female	Timeline1	Entire Recording	1		Fixation	Whole	18	9366	10082	717			0.10355	0.89657	3.48176
Recording3	p03	female	Timeline1	Entire Recording	1		Fixation	Partial	19	10132	10215	83			0.09675	0.91734	3.46669
Recording3	p03	female	Timeline1	Entire Recording	1		Fixation	Partial	20	10465	12432	1967			0.1105	0.89104	3.49193
Recording3	p03	female	Timeline1	Entire Recording	1		Fixation	Whole	21	12466	12632	167			0.27099	0.74681	3.37962
Recording3	p03	female	Timeline1	Entire Recording	1		Fixation	Whole	22	12682	12832	150			0.52879	0.4127	3.39836
Recording3	p03	female	Timeline1	Entire Recording	1		Fixation	Whole	23	12882	13016	133			0.77694	0.26212	3.31936
Recording3	p03	female	Timeline1	Entire Recording	1		Fixation	Whole	24	13049	13333	284			0.89417	0.12588	3.2084
Recording3	p03	female	Timeline1	Entire Recording	1		Fixation	Whole	25	13350	13433	83			0.90543	0.04928	3.17443
Recording3	p03	female	Timeline1	Entire Recording	1		Fixation	Whole	26	13500	13616	117			0.89708	0.07044	3.21755
Recording3	p03	female	Timeline1	Entire Recording	1		Fixation	Whole	27	13633	13800	167			0.89582	0.09475	3.24059
Recording3	p03	female	Timeline1	Entire Recording	1		Fixation	Whole	28	13816	13933	117			0.90031	0.05968	3.17897
Recording3	p03	female	Timeline1	Entire Recording	1		Fixation	Whole	29	13950	15467	1517			0.89455	0.07977	3.31011
Recording3	p03	female	Timeline1	Entire Recording	1		Fixation	Whole	30	15500	15567	67			0.87824	0.01918	3.35634
Recording3	p03	female	Timeline1	Entire Recording	1		Fixation	Whole	31	15600	16016	416			0.89597	0.06366	3.42681
Recording3	p03	female	Timeline1	Entire Recording	1		Fixation	Whole	32	16050	16183	133			0.76988	0.07615	3.23777
Recording3	p03	female	Timeline1	Entire Recording	1		Fixation	Whole	33	16266	16416	150			0.49652	0.09294	3.21125
Recording3	p03	female	Timeline1	Entire Recording	1		Fixation	Whole	34	16500	16683	183			0.19127	0.07888	3.17237
Recording3	p03	female	Timeline1	Entire Recording	1		Fixation	Whole	35	16699	16766	67			0.1798	0.10431	3.15945
Recording3	p03	female	Timeline1	Entire Recording	1		Fixation	Whole	36	16783	17449	667			0.10614	0.11068	3.1223
Recording3	p03	female	Timeline1	Entire Recording	1		Fixation	Whole	37	17499	19699	2200			0.10338	0.111	3.20827
Recording3	p03	female	Timeline1	Entire Recording	1		Fixation	Whole	38	19733	19883	150			0.23016	0.21805	3.38397
Recording3	p03	female	Timeline1	Entire Recording	1		Fixation	Whole	39	19933	20083	150			0.52629	0.5037	3.49924
Recording3	p03	female	Timeline1	Entire Recording	1		Fixation	Whole	40	20133	20299	167			0.73597	0.67753	3.40561
Recording3	p03	female	Timeline1	Entire Recording	1		Fixation	Whole	41	20349	20466	117			0.89503	0.85516	3.34221
Recording3	p03	female	Timeline1	Entire Recording	1		Fixation	Whole	42	20517	20600	83			0.861	0.85297	3.4508
Recording3	p03	female	Timeline1	Entire Recording	1		Fixation	Whole	43	20617	20767	150			0.90816	0.92076	3.29808
Recording3	p03	female	Timeline1	Entire Recording	1		Fixation	Whole	44	20783	21000	217			0.87573	0.89349	3.30489
Recording3	p03	female	Timeline1	Entire Recording	1		Fixation	Partial	45	21951	23785	1834			0.87598	0.89598	3.29087
Recording3	p03	female	Timeline1	Entire Recording	1		Fixation	Whole	46	23885	24018	133			0.72127	0.8363	3.27756
Recording3	p03	female	Timeline1	Entire Recording	1		Fixation	Whole	47	24052	24152	100			0.56538	0.73674	3.26662
Recording3	p03	female	Timeline1	Entire Recording	1		Fixation	Whole	48	24252	24468	217			0.36623	0.74951	3.20323
Recording3	p03	female	Timeline1	Entire Recording	1		Fixation	Whole	49	24485	24618	133			0.3254	0.74105	3.19274
Recording3	p03	female	Timeline1	Entire Recording	1		Fixation	Whole	50	24635	26101	1467			0.30438	0.72065	3.1391
Recording3	p03	female	Timeline1	Entire Recording	1		Fixation	Whole	51	26151	27402	1250			0.29974	0.73261	3.22488
Recording3	p03	female	Timeline1	Entire Recording	1		Fixation	Whole	52	27452	27552	100			0.37874	0.72242	3.2383
Recording3	p03	female	Timeline1	Entire Recording	1		Fixation	Whole	53	27668	27735	67			0.52646	0.7233	3.20529
Recording3	p03	female	Timeline1	Entire Recording	1		Fixation	Whole	54	27751	27868	117			0.5516	0.72693	3.20728
Recording3	p03	female	Timeline1	Entire Recording	1		Fixation	Whole	55	27901	28518	617			0.67975	0.735	3.14885
Recording3	p03	female	Timeline1	Entire Recording	1		Fixation	Whole	56	28551	28751	200			0.69195	0.73013	3.12935
Recording3	p03	female	Timeline1	Entire Recording	1		Fixation	Whole	57	28801	28868	67			0.69444	0.71306	3.1665
Recording3	p03	female	Timeline1	Entire Recording	1		Fixation	Whole	58	29018	29185	167			0.69207	0.72345	3.15604
Recording3	p03	female	Timeline1	Entire Recording	1		Fixation	Whole	59	29202	29285	83			0.69274	0.76161	3.23062
Recording3	p03	female	Timeline1	Entire Recording	1		Fixation	Whole	60	29302	29535	233			0.68366	0.71955	3.15621
Recording3	p03	female	Timeline1	Entire Recording	1		Fixation	Whole	61	29585	29918	333			0.69205	0.72645	3.12008
Recording3	p03	female	Timeline1	Entire Recording	1		Fixation	Whole	62	29935	30085	150			0.69041	0.78714	3.1307
Recording3	p03	female	Timeline1	Entire Recording	1		Fixation	Whole	63	30101	30768	667			0.69027	0.75616	3.10664
Recording3	p03	female	Timeline1	Entire Recording	1		Fixation	Whole	64	30835	31035	200			0.68713	0.72559	3.15488
Recording3	p03	female	Timeline1	Entire Recording	1		Fixation	Whole	65	31118	31351	233			0.55254	0.5544	3.21031
Recording3	p03	female	Timeline1	Entire Recording	1		Fixation	Whole	66	31368	31435	67			0.5139	0.51752	3.23407
Recording3	p03	female	Timeline1	Entire Recording	1		Fixation	Whole	67	31451	31518	67			0.43781	0.43625	3.22347
Recording3	p03	female	Timeline1	Entire Recording	1		Fixation	Whole	68	31535	31601	67			0.40115	0.41093	3.17238
Recording3	p03	female	Timeline1	Entire Recording	1		Fixation	Whole	69	31635	34601	2967			0.29904	0.33765	3.08873
Recording3	p03	female	Timeline1	Entire Recording	1		Fixation	Whole	70	34618	34868	250			0.36777	0.32758	3.3007
Recording3	p03	female	Timeline1	Entire Recording	1		Fixation	Whole	71	34918	35101	183			0.50508	0.31077	3.28564
Recording3	p03	female	Timeline1	Entire Recording	1		Fixation	Whole	72	35135	35201	67			0.63196	0.31979	3.17358
Recording3	p03	female	Timeline1	Entire Recording	1		Fixation	Whole	73	35218	35568	350			0.67163	0.31517	3.104
Recording3	p03	female	Timeline1	Entire Recording	1		Fixation	Whole	74	35585	36301	717			0.69762	0.31014	3.07975
Recording3	p03	female	Timeline1	Entire Recording	1		Fixation	Whole	75	36318	36385	67			0.69473	0.29504	3.15017
Recording3	p03	female	Timeline1	Entire Recording	1		Fixation	Whole	76	36401	38335	1933			0.69427	0.30509	3.34526
Recording3	p03	female	Timeline1	Entire Recording	1		Fixation	Whole	77	38351	38418	67			0.69708	0.27749	3.31225
Recording3	p03	female	Timeline1	Entire Recording	1		Fixation	Whole	78	38485	38651	167			0.514	0.41778	3.32281
Recording3	p03	female	Timeline1	Entire Recording	1		Fixation	Whole	79	38685	38951	267			0.57791	0.57617	3.4555
Recording3	p03	female	Timeline1	Entire Recording	1		Fixation	Whole	80	39001	39185	183			0.72961	0.74034	3.34514
Recording3	p03	female	Timeline1	Entire Recording	1		Fixation	Whole	81	39218	39451	233			0.56372	0.67272	3.29605
Recording3	p03	female	Timeline1	Entire Recording	1		Fixation	Whole	82	39468	39551	83			0.56206	0.66462	3.20556
Recording3	p03	female	Timeline1	Entire Recording	1		Fixation	Whole	83	39585	39768	183			0.63063	0.58391	3.16862
Recording3	p03	female	Timeline1	Entire Recording	1		Fixation	Whole	84	39801	40051	250			0.56087	0.59569	3.08476
Recording3	p03	female	Timeline1	Entire Recording	1		Fixation	Whole	85	40068	40451	383			0.62731	0.61211	3.07309
Recording3	p03	female	Timeline1	Entire Recording	1		Fixation	Whole	86	40485	40968	483			0.54118	0.63129	3.0698
Recording3	p03	female	Timeline1	Entire Recording	1	instruction	Fixation	Whole	87	43331	43559	229			0.52366	0.39201	3.35291
Recording3	p03	female	Timeline1	Entire Recording	1	instruction	Fixation	Whole	88	43593	43743	150			0.50141	0.17519	3.13085
Recording3	p03	female	Timeline1	Entire Recording	1	instruction	Fixation	Whole	89	43826	44009	183			0.54408	0.21424	2.72985
Recording3	p03	female	Timeline1	Entire Recording	1	instruction	Fixation	Whole	90	44276	44359	83			0.47033	0.17294	2.51805
Recording3	p03	female	Timeline1	Entire Recording	1	instruction	Fixation	Whole	91	44509	44576	67			0.82012	0.29192	2.56742
Recording3	p03	female	Timeline1	Entire Recording	1	instruction	Fixation	Whole	92	44860	45027	167			0.77537	0.19617	2.53095
Recording3	p03	female	Timeline1	Entire Recording	1	instruction	Fixation	Whole	93	45043	45293	250			0.72354	0.21313	2.56485
Recording3	p03	female	Timeline1	Entire Recording	1	instruction	Fixation	Whole	94	45310	45393	83			0.6645	0.21663	2.56901
Recording3	p03	female	Timeline1	Entire Recording	1	instruction	Fixation	Whole	95	45593	45660	67			0.70319	0.22412	2.63363
Recording3	p03	female	Timeline1	Entire Recording	1	instruction	Fixation	Whole	96	45727	45927	200			0.60682	0.22433	2.67308
Recording3	p03	female	Timeline1	Entire Recording	1	instruction	Fixation	Whole	97	45960	46210	250			0.5035	0.2353	2.69984
Recording3	p03	female	Timeline1	Entire Recording	1	instruction	Fixation	Whole	98	46243	46410	167			0.42495	0.25196	2.73041
Recording3	p03	female	Timeline1	Entire Recording	1	instruction	Fixation	Whole	99	46427	46677	250			0.34959	0.26347	2.71922
Recording3	p03	female	Timeline1	Entire Recording	1	instruction	Fixation	Whole	100	46727	46910	183			0.28017	0.28099	2.71296
Recording3	p03	female	Timeline1	Entire Recording	1	instruction	Fixation	Whole	101	46943	47010	67			0.22245	0.31833	2.73233
Recording3	p03	female	Timeline1	Entire Recording	1	instruction	Fixation	Whole	102	47027	47143	117			0.20353	0.30646	2.71252
Recording3	p03	female	Timeline1	Entire Recording	1	instruction	Fixation	Whole	103	47443	47559	117			0.81593	0.3226	2.68842
Recording3	p03	female	Timeline1	Entire Recording	1	instruction	Fixation	Whole	104	47609	47709	100			0.76627	0.35711	2.72683
Recording3	p03	female	Timeline1	Entire Recording	1	instruction	Fixation	Whole	105	47843	47959	117			0.67765	0.33631	2.77551
Recording3	p03	female	Timeline1	Entire Recording	1	instruction	Fixation	Whole	106	47976	48259	283			0.60711	0.29263	2.68643
Recording3	p03	female	Timeline1	Entire Recording	1	instruction	Fixation	Whole	107	48293	48543	250			0.51808	0.28606	2.65114
Recording3	p03	female	Timeline1	Entire Recording	1	instruction	Fixation	Whole	108	48609	48676	67			0.43748	0.30144	2.62801
Recording3	p03	female	Timeline1	Entire Recording	1	instruction	Fixation	Whole	109	48809	49009	200			0.33624	0.29191	2.64992
Recording3	p03	female	Timeline1	Entire Recording	1	instruction	Fixation	Whole	110	49259	49426	167			0.78389	0.45336	2.75216
Recording3	p03	female	Timeline1	Entire Recording	1	instruction	Fixation	Whole	111	49443	49526	83			0.88775	0.46882	2.72349
Recording3	p03	female	Timeline1	Entire Recording	1	instruction	Fixation	Whole	112	49710	49860	150			0.73339	0.37268	2.66945
Recording3	p03	female	Timeline1	Entire Recording	1	instruction	Fixation	Whole	113	49893	50143	250			0.64097	0.37494	2.71762
Recording3	p03	female	Timeline1	Entire Recording	1	instruction	Fixation	Whole	114	50260	50427	167			0.50799	0.38649	2.72688
Recording3	p03	female	Timeline1	Entire Recording	1	instruction	Fixation	Whole	115	50527	50593	67			0.43951	0.44676	2.83539
Recording3	p03	female	Timeline1	Entire Recording	1	instruction	Fixation	Whole	116	50643	50827	183			0.37071	0.43857	2.88768
Recording3	p03	female	Timeline1	Entire Recording	1	instruction	Fixation	Whole	117	50943	51060	117			0.27318	0.49885	2.88918
Recording3	p03	female	Timeline1	Entire Recording	1	instruction	Fixation	Whole	118	51093	51177	83			0.15964	0.48613	2.82253
Recording3	p03	female	Timeline1	Entire Recording	1	instruction	Fixation	Whole	119	51227	51293	66			0.18101	0.45297	2.8331
Recording3	p03	female	Timeline1	Entire Recording	1	instruction	Fixation	Whole	120	51393	51543	150			0.12297	0.48539	2.89144
Recording3	p03	female	Timeline1	Entire Recording	1	instruction	Fixation	Whole	121	51626	51793	167			0.79912	0.55791	2.8955
Recording3	p03	female	Timeline1	Entire Recording	1	instruction	Fixation	Whole	122	51959	52076	117			0.7188	0.55896	2.88462
Recording3	p03	female	Timeline1	Entire Recording	1	instruction	Fixation	Whole	123	52326	52493	167			0.52038	0.41809	2.64537
Recording3	p03	female	Timeline1	Entire Recording	1	instruction	Fixation	Whole	124	52876	52976	100			0.3113	0.44126	2.63484
Recording3	p03	female	Timeline1	Entire Recording	1	instruction	Fixation	Whole	125	53243	53376	134			0.90013	0.60635	2.67054
Recording3	p03	female	Timeline1	Entire Recording	1	instruction	Fixation	Whole	126	53410	53726	317			0.84208	0.6317	2.85373
Recording3	p03	female	Timeline1	Entire Recording	1	instruction	Fixation	Whole	127	53993	54093	100			0.74366	0.63117	2.94294
Recording3	p03	female	Timeline1	Entire Recording	1	instruction	Fixation	Whole	128	54176	54343	167			0.74887	0.62945	2.91168
Recording3	p03	female	Timeline1	Entire Recording	1	instruction	Fixation	Whole	129	54393	54476	83			0.77311	0.58452	2.77392
Recording3	p03	female	Timeline1	Entire Recording	1	instruction	Fixation	Whole	130	54677	54760	83			0.74473	0.58651	2.87147
Recording3	p03	female	Timeline1	Entire Recording	1	instruction	Fixation	Whole	131	55493	55560	67			0.52486	0.58638	2.74596
Recording3	p03	female	Timeline1	Entire Recording	1	instruction	Fixation	Whole	132	55710	55777	67			0.39189	0.56199	2.6958
Recording3	p03	female	Timeline1	Entire Recording	1	instruction	Fixation	Whole	133	56060	56343	283			0.21773	0.63564	2.75796
Recording3	p03	female	Timeline1	Entire Recording	1	instruction	Fixation	Whole	134	56442	56509	67			0.21113	0.63922	2.74071
Recording3	p03	female	Timeline1	Entire Recording	1	instruction	Fixation	Whole	135	56842	56909	67			0.53878	0.66621	2.89258
Recording3	p03	female	Timeline1	Entire Recording	1	instruction	Fixation	Whole	136	57293	57426	133			0.65807	0.81411	2.91616
Recording3	p03	female	Timeline1	Entire Recording	1	instruction	Fixation	Whole	137	57509	57576	67			0.56523	0.79445	2.82276
Recording3	p03	female	Timeline1	Entire Recording	1	instruction	Fixation	Whole	138	57909	57976	67			0.4161	0.79439	2.99155
Recording3	p03	female	Timeline1	Entire Recording	1	instruction	Fixation	Whole	139	58243	58326	83			0.64299	0.69327	2.8188
Recording3	p03	female	Timeline1	Entire Recording	1	instruction	Fixation	Whole	140	58376	58443	67			0.63671	0.66859	2.74435
Recording3	p03	female	Timeline1	Entire Recording	1	instruction	Fixation	Whole	141	58609	58776	167			0.49628	0.42582	2.70439
Recording3	p03	female	Timeline1	Entire Recording	1	instruction	Fixation	Whole	142	58842	58909	67			0.4891	0.44586	2.76643
Recording3	p03	female	Timeline1	Entire Recording	1	instruction	Fixation	Whole	143	59109	59192	83			0.48974	0.42913	2.67101
Recording3	p03	female	Timeline1	Entire Recording	1	instruction	Fixation	Whole	144	59442	59543	100			0.78965	0.55647	2.69464
Recording3	p03	female	Timeline1	Entire Recording	1	instruction	Fixation	Whole	145	59559	59626	67			0.76548	0.60426	2.77027
Recording3	p03	female	Timeline1	Entire Recording	1	fixation	Fixation	Whole	146	59726	59993	267			0.76999	0.37484	2.79226
Recording3	p03	female	Timeline1	Entire Recording	1	fixation	Fixation	Whole	147	60142	60342	200			0.53601	0.44609	2.71504
Recording3	p03	female	Timeline1	Entire Recording	1	fixation	Fixation	Whole	148	60359	60576	217			0.52578	0.40895	2.66093
Recording3	p03	female	Timeline1	Entire Recording	1	pizza	Fixation	Whole	149	60592	60676	83			0.5288	0.44097	2.78136
Recording3	p03	female	Timeline1	Entire Recording	1	pizza	Fixation	Whole	150	60809	60909	100			0.58015	0.36066	2.91269
Recording3	p03	female	Timeline1	Entire Recording	1	pizza	Fixation	Partial	151	61444	61528	84			0.53569	0.20815	2.80331
Recording3	p03	female	Timeline1	Entire Recording	1	pizza	Fixation	Whole	152	61628	61795	167			0.59167	0.362	2.89212
Recording3	p03	female	Timeline1	Entire Recording	1	pizza	Fixation	Whole	153	61845	61945	100			0.29337	0.37433	2.91995
Recording3	p03	female	Timeline1	Entire Recording	1	pizza	Fixation	Whole	154	62161	62245	83			0.35545	0.72739	2.97968
Recording3	p03	female	Timeline1	Entire Recording	1	pizza	Fixation	Whole	155	62311	62411	100			0.32286	0.87394	3.00173
Recording3	p03	female	Timeline1	Entire Recording	1	pizza	Fixation	Whole	156	62478	62645	167			0.36398	0.4234	2.98087
Recording3	p03	female	Timeline1	Entire Recording	1	pizza	Fixation	Whole	157	62828	62928	100			0.5056	0.28317	2.79451
Recording3	p03	female	Timeline1	Entire Recording	1	pizza	Fixation	Whole	158	62995	63111	117			0.18815	0.49636	2.89148
Recording3	p03	female	Timeline1	Entire Recording	1	pizza	Fixation	Whole	159	63361	63444	83			0.2727	0.49732	2.87899
Recording3	p03	female	Timeline1	Entire Recording	1	pizza	Fixation	Whole	160	63711	63945	233			0.52288	0.29482	2.73826
Recording3	p03	female	Timeline1	Entire Recording	1	pizza	Fixation	Whole	161	63978	64095	117			0.56228	0.20347	2.87274
Recording3	p03	female	Timeline1	Entire Recording	1	pizza	Fixation	Whole	162	64195	64328	134			0.93754	0.45074	2.8004
Recording3	p03	female	Timeline1	Entire Recording	1	pizza	Fixation	Whole	163	64479	64562	83			0.85191	0.36795	2.77363
Recording3	p03	female	Timeline1	Entire Recording	1	pizza	Fixation	Whole	164	64612	64795	183			0.71828	0.92645	2.8921
Recording3	p03	female	Timeline1	Entire Recording	1	pizza	Fixation	Whole	165	64845	65112	267			0.68637	0.90548	3.01161
Recording3	p03	female	Timeline1	Entire Recording	1	pizza	Fixation	Whole	166	65362	65612	250			0.23854	0.45532	2.97452
Recording3	p03	female	Timeline1	Entire Recording	1	pizza	Fixation	Whole	167	65679	66045	367			0.48275	0.44457	2.92746
Recording3	p03	female	Timeline1	Entire Recording	1	pizza	Fixation	Whole	168	66195	66262	67			0.86412	0.44558	2.85737
Recording3	p03	female	Timeline1	Entire Recording	1	pizza	Fixation	Whole	169	66462	66545	83			0.49124	0.34971	2.76008
Recording3	p03	female	Timeline1	Entire Recording	1	pizza	Fixation	Whole	170	66679	66795	117			0.74543	0.49003	2.84207
Recording3	p03	female	Timeline1	Entire Recording	1	pizza	Fixation	Whole	171	67162	67312	150			0.69666	0.87649	3.01858
Recording3	p03	female	Timeline1	Entire Recording	1	pizza	Fixation	Whole	172	67412	67612	200			0.51579	0.309	2.93109
Recording3	p03	female	Timeline1	Entire Recording	1	pizza	Fixation	Whole	173	67678	67878	200			0.49137	0.18611	2.92816
Recording3	p03	female	Timeline1	Entire Recording	1	pizza	Fixation	Whole	174	67928	68078	150			0.51009	0.43092	2.96923
Recording3	p03	female	Timeline1	Entire Recording	1	pizza	Fixation	Whole	175	68179	68512	333			0.4994	0.38994	3.01686
Recording3	p03	female	Timeline1	Entire Recording	1	pizza	Fixation	Whole	176	68529	69162	633			0.51639	0.17076	2.98732
Recording3	p03	female	Timeline1	Entire Recording	1	pizza	Fixation	Whole	177	69178	69328	150			0.48291	0.19384	2.94829
Recording3	p03	female	Timeline1	Entire Recording	1	pizza	Fixation	Whole	178	69345	69412	67			0.48309	0.18432	2.9168
Recording3	p03	female	Timeline1	Entire Recording	1	pizza	Fixation	Whole	179	69478	69562	83			0.45029	0.18274	2.91687
Recording3	p03	female	Timeline1	Entire Recording	1	pizza	Fixation	Whole	180	69629	69779	150			0.55415	0.50655	2.90629
Recording3	p03	female	Timeline1	Entire Recording	1	pizza	Fixation	Whole	181	69862	69945	83			0.68005	0.84182	3.0131
Recording3	p03	female	Timeline1	Entire Recording	1	pizza	Fixation	Whole	182	69962	70029	67			0.69085	0.88159	3.09751
Recording3	p03	female	Timeline1	Entire Recording	1	fixation	Fixation	Whole	183	70095	70262	167			0.522	0.38393	2.98044
Recording3	p03	female	Timeline1	Entire Recording	1	fixation	Fixation	Whole	184	70312	70445	133			0.51781	0.38733	2.99815
Recording3	p03	female	Timeline1	Entire Recording	1	ice-cream	Fixation	Whole	185	70545	70712	167			0.47938	0.48659	2.94324
Recording3	p03	female	Timeline1	Entire Recording	1	ice-cream	Fixation	Whole	186	70829	70995	167			0.49209	0.28089	3.02234
Recording3	p03	female	Timeline1	Entire Recording	1	ice-cream	Fixation	Whole	187	71012	71328	317			0.49142	0.17502	3.02579
Recording3	p03	female	Timeline1	Entire Recording	1	ice-cream	Fixation	Partial	188	71478	71545	67			0.54959	0.01144	3.03701
Recording3	p03	female	Timeline1	Entire Recording	1	ice-cream	Fixation	Whole	189	71562	71717	155			0.52441	0.15095	2.85481
Recording3	p03	female	Timeline1	Entire Recording	1	ice-cream	Fixation	Whole	190	71733	71867	133			0.5245	0.16504	2.90878
Recording3	p03	female	Timeline1	Entire Recording	1	ice-cream	Fixation	Whole	191	71917	71984	67			0.48341	0.25106	2.79573
Recording3	p03	female	Timeline1	Entire Recording	1	ice-cream	Fixation	Whole	192	72034	72167	133			0.48894	0.25811	2.83074
Recording3	p03	female	Timeline1	Entire Recording	1	ice-cream	Fixation	Whole	193	72300	72433	133			0.52046	0.29673	2.87205
Recording3	p03	female	Timeline1	Entire Recording	1	ice-cream	Fixation	Whole	194	72467	72733	267			0.50118	0.1633	2.86813
Recording3	p03	female	Timeline1	Entire Recording	1	ice-cream	Fixation	Whole	195	72933	73083	150			0.50242	0.28807	2.77942
Recording3	p03	female	Timeline1	Entire Recording	1	ice-cream	Fixation	Whole	196	73117	73250	133			0.55564	0.21875	2.84714
Recording3	p03	female	Timeline1	Entire Recording	1	ice-cream	Fixation	Whole	197	73267	73417	150			0.55365	0.1809	2.8565
Recording3	p03	female	Timeline1	Entire Recording	1	ice-cream	Fixation	Whole	198	73467	73550	83			0.55146	0.17153	2.79295
Recording3	p03	female	Timeline1	Entire Recording	1	ice-cream	Fixation	Whole	199	73850	73983	133			0.70568	0.90175	2.93449
Recording3	p03	female	Timeline1	Entire Recording	1	ice-cream	Fixation	Whole	200	74067	74167	100			0.6735	0.80483	2.93362
Recording3	p03	female	Timeline1	Entire Recording	1	ice-cream	Fixation	Whole	201	74234	74300	67			0.48765	0.35505	2.74572
Recording3	p03	female	Timeline1	Entire Recording	1	ice-cream	Fixation	Whole	202	74334	74417	83			0.4963	0.39945	2.81971
Recording3	p03	female	Timeline1	Entire Recording	1	ice-cream	Fixation	Whole	203	74500	74600	100			0.52288	0.17832	2.79371
Recording3	p03	female	Timeline1	Entire Recording	1	ice-cream	Fixation	Whole	204	74650	74900	250			0.55033	0.18794	2.73611
Recording3	p03	female	Timeline1	Entire Recording	1	ice-cream	Fixation	Whole	205	75000	75100	100			0.88962	0.29891	2.70821
Recording3	p03	female	Timeline1	Entire Recording	1	ice-cream	Fixation	Whole	206	75584	75717	133			0.90968	0.70222	2.76542
Recording3	p03	female	Timeline1	Entire Recording	1	ice-cream	Fixation	Whole	207	75951	76134	183			0.07949	0.4906	2.78639
Recording3	p03	female	Timeline1	Entire Recording	1	fixation	Fixation	Whole	208	76283	76500	217			0.56614	0.25019	2.70374
Recording3	p03	female	Timeline1	Entire Recording	1	fixation	Fixation	Whole	209	76550	76650	100			0.56239	0.25079	2.7091
Recording3	p03	female	Timeline1	Entire Recording	1	fixation	Fixation	Whole	210	76733	76800	67			0.5255	0.42857	2.66059
Recording3	p03	female	Timeline1	Entire Recording	1	cereal	Fixation	Whole	211	76950	77450	500			0.51694	0.42752	2.70624
Recording3	p03	female	Timeline1	Entire Recording	1	cereal	Fixation	Whole	212	77650	77717	67			0.54126	0.37064	2.67883
Recording3	p03	female	Timeline1	Entire Recording	1	cereal	Fixation	Whole	213	77867	77950	83			0.55271	0.23613	2.6772
Recording3	p03	female	Timeline1	Entire Recording	1	cereal	Fixation	Whole	214	78067	78233	166			0.55788	0.16389	2.6906
Recording3	p03	female	Timeline1	Entire Recording	1	cereal	Fixation	Whole	215	78250	78450	200			0.58538	0.17682	2.72175
Recording3	p03	female	Timeline1	Entire Recording	1	cereal	Fixation	Whole	216	78483	78650	167			0.51537	0.37488	2.65495
Recording3	p03	female	Timeline1	Entire Recording	1	cereal	Fixation	Whole	217	78800	78900	100			0.21318	0.58486	2.87321
Recording3	p03	female	Timeline1	Entire Recording	1	cereal	Fixation	Whole	218	79000	79117	117			0.17249	0.39789	2.92559
Recording3	p03	female	Timeline1	Entire Recording	1	cereal	Fixation	Whole	219	79250	79367	117			0.14449	0.4693	2.84892
Recording3	p03	female	Timeline1	Entire Recording	1	cereal	Fixation	Whole	220	79383	79517	133			0.11769	0.50482	2.81905
Recording3	p03	female	Timeline1	Entire Recording	1	cereal	Fixation	Whole	221	79583	79750	167			0.11837	0.47837	2.88444
Recording3	p03	female	Timeline1	Entire Recording	1	cereal	Fixation	Whole	222	79767	79900	133			0.10762	0.47062	2.8748
Recording3	p03	female	Timeline1	Entire Recording	1	cereal	Fixation	Whole	223	80200	80283	83			0.25601	0.41808	2.87158
Recording3	p03	female	Timeline1	Entire Recording	1	cereal	Fixation	Whole	224	80383	80467	83			0.13342	0.52176	2.97262
Recording3	p03	female	Timeline1	Entire Recording	1	cereal	Fixation	Whole	225	80617	80750	133			0.86618	0.45999	2.87561
Recording3	p03	female	Timeline1	Entire Recording	1	cereal	Fixation	Whole	226	80867	80983	117			0.86712	0.31106	2.76541
Recording3	p03	female	Timeline1	Entire Recording	1	cereal	Fixation	Whole	227	81301	81634	333			0.89719	0.4233	2.76144
Recording3	p03	female	Timeline1	Entire Recording	1	cereal	Fixation	Whole	228	81784	81934	150			0.88481	0.51621	2.86184
Recording3	p03	female	Timeline1	Entire Recording	1	cereal	Fixation	Whole	229	82001	82184	183			0.91994	0.54693	2.82492
Recording3	p03	female	Timeline1	Entire Recording	1	cereal	Fixation	Whole	230	82234	82317	83			0.90465	0.57706	2.79081
Recording3	p03	female	Timeline1	Entire Recording	1	cereal	Fixation	Whole	231	82833	82933	100			0.2457	0.51052	2.58739
Recording3	p03	female	Timeline1	Entire Recording	1	cereal	Fixation	Whole	232	83117	83333	217			0.06732	0.56643	2.67891
Recording3	p03	female	Timeline1	Entire Recording	1	cereal	Fixation	Whole	233	83517	83617	100			0.07394	0.57286	2.70746
Recording3	p03	female	Timeline1	Entire Recording	1	cereal	Fixation	Whole	234	83683	83850	167			0.26741	0.55833	2.67963
Recording3	p03	female	Timeline1	Entire Recording	1	cereal	Fixation	Whole	235	84255	84455	200			0.33709	0.89234	2.9155
Recording3	p03	female	Timeline1	Entire Recording	1	cereal	Fixation	Whole	236	84805	84938	133			0.19961	0.42124	2.98425
Recording3	p03	female	Timeline1	Entire Recording	1	cereal	Fixation	Whole	237	85138	85271	133			0.51325	0.23582	2.81434
Recording3	p03	female	Timeline1	Entire Recording	1	cereal	Fixation	Whole	238	85355	85538	183			0.17342	0.56889	2.89211
Recording3	p03	female	Timeline1	Entire Recording	1	fixation	Fixation	Whole	239	85788	85988	200			0.51588	0.24821	2.6848
Recording3	p03	female	Timeline1	Entire Recording	1	fixation	Fixation	Whole	240	86105	86288	183			0.64272	0.24403	2.86248
Recording3	p03	female	Timeline1	Entire Recording	1	fixation	Fixation	Whole	241	86338	87038	700			0.54791	0.25825	2.90322
Recording3	p03	female	Timeline1	Entire Recording	1	fixation	Fixation	Whole	242	87071	87505	433			0.53077	0.34809	2.90001
Recording3	p03	female	Timeline1	Entire Recording	1	fixation	Fixation	Whole	243	87521	87638	117			0.52353	0.45027	2.91705
Recording3	p03	female	Timeline1	Entire Recording	1	date	Fixation	Whole	244	87688	88021	333			0.52611	0.47432	2.91346
Recording3	p03	female	Timeline1	Entire Recording	1	date	Fixation	Whole	245	88188	88821	634			0.56108	0.18525	2.82873
Recording3	p03	female	Timeline1	Entire Recording	1	date	Fixation	Whole	246	88888	89005	117			0.48871	0.21649	2.69715
Recording3	p03	female	Timeline1	Entire Recording	1	date	Fixation	Whole	247	89055	89205	150			0.52146	0.30058	2.82637
Recording3	p03	female	Timeline1	Entire Recording	1	date	Fixation	Whole	248	89255	89355	100			0.23097	0.47592	2.97723
Recording3	p03	female	Timeline1	Entire Recording	1	date	Fixation	Whole	249	89521	89721	200			0.19393	0.38617	2.98631
Recording3	p03	female	Timeline1	Entire Recording	1	date	Fixation	Whole	250	89805	89938	133			0.16006	0.40966	2.92437
Recording3	p03	female	Timeline1	Entire Recording	1	date	Fixation	Whole	251	90593	90693	100			0.1167	0.52639	3.19267
Recording3	p03	female	Timeline1	Entire Recording	1	date	Fixation	Whole	252	90727	90910	183			0.10991	0.48977	3.06963
Recording3	p03	female	Timeline1	Entire Recording	1	date	Fixation	Whole	253	91276	91410	134			0.88519	0.37264	2.88187
Recording3	p03	female	Timeline1	Entire Recording	1	date	Fixation	Whole	254	91627	91727	100			0.85058	0.29403	2.96858
Recording3	p03	female	Timeline1	Entire Recording	1	date	Fixation	Whole	255	91777	92010	233			0.86028	0.28437	2.92523
Recording3	p03	female	Timeline1	Entire Recording	1	date	Fixation	Whole	256	92094	92310	217			0.51341	0.1474	2.8618
Recording3	p03	female	Timeline1	Entire Recording	1	date	Fixation	Whole	257	92327	92527	200			0.54946	0.16667	2.83699
Recording3	p03	female	Timeline1	Entire Recording	1	date	Fixation	Whole	258	92710	92810	100			0.19572	0.45281	2.83246
Recording3	p03	female	Timeline1	Entire Recording	1	date	Fixation	Whole	259	92877	92960	83			0.08839	0.51029	2.87828
Recording3	p03	female	Timeline1	Entire Recording	1	date	Fixation	Whole	260	93026	93093	67			0.08364	0.4943	2.85107
Recording3	p03	female	Timeline1	Entire Recording	1	date	Fixation	Whole	261	93393	93510	117			0.16044	0.40854	2.76667
Recording3	p03	female	Timeline1	Entire Recording	1	date	Fixation	Whole	262	93593	93693	100			0.24393	0.39876	2.76308
Recording3	p03	female	Timeline1	Entire Recording	1	date	Fixation	Whole	263	93743	93810	67			0.23848	0.35946	2.66035
Recording3	p03	female	Timeline1	Entire Recording	1	date	Fixation	Whole	264	94076	94160	83			0.29531	0.85708	2.92875
Recording3	p03	female	Timeline1	Entire Recording	1	date	Fixation	Whole	265	94310	94410	100			0.2135	0.39318	2.93137
Recording3	p03	female	Timeline1	Entire Recording	1	date	Fixation	Whole	266	94493	94576	83			0.14878	0.46709	2.91553
Recording3	p03	female	Timeline1	Entire Recording	1	date	Fixation	Whole	267	94610	94693	83			0.13448	0.40082	2.77845
Recording3	p03	female	Timeline1	Entire Recording	1	date	Fixation	Whole	268	94743	94826	83			0.23056	0.47149	2.7402
Recording3	p03	female	Timeline1	Entire Recording	1	date	Fixation	Whole	269	94910	95076	167			0.10277	0.57731	2.86658
Recording3	p03	female	Timeline1	Entire Recording	1	date	Fixation	Whole	270	95410	95476	67			0.21812	0.42241	2.79816
Recording3	p03	female	Timeline1	Entire Recording	1	date	Fixation	Whole	271	95909	96060	150			0.85945	0.4445	2.80108
Recording3	p03	female	Timeline1	Entire Recording	1	date	Fixation	Whole	272	96394	96577	183			0.92038	0.45482	2.83239
Recording3	p03	female	Timeline1	Entire Recording	1	date	Fixation	Whole	273	96660	96777	117			0.48945	0.36517	2.77547
Recording3	p03	female	Timeline1	Entire Recording	1	date	Fixation	Whole	274	96944	97060	117			0.26166	0.94244	2.78759
Recording3	p03	female	Timeline1	Entire Recording	1	fixation	Fixation	Whole	275	97077	97210	133			0.28105	0.92975	2.90303
Recording3	p03	female	Timeline1	Entire Recording	1	fixation	Fixation	Whole	276	97327	97510	183			0.46684	0.35827	2.85976
Recording3	p03	female	Timeline1	Entire Recording	1	cake	Fixation	Whole	277	97544	97860	317			0.50177	0.42887	2.8958
Recording3	p03	female	Timeline1	Entire Recording	1	cake	Fixation	Whole	278	97993	98143	150			0.46084	0.12189	2.96086
Recording3	p03	female	Timeline1	Entire Recording	1	cake	Fixation	Whole	279	98210	98343	133			0.13641	0.45885	2.99143
Recording3	p03	female	Timeline1	Entire Recording	1	cake	Fixation	Whole	280	98460	98710	250			0.53779	0.16665	2.85984
Recording3	p03	female	Timeline1	Entire Recording	1	cake	Fixation	Whole	281	98760	98910	150			0.54105	0.15012	2.82617
Recording3	p03	female	Timeline1	Entire Recording	1	cake	Fixation	Whole	282	99161	99314	153			0.548	0.15592	2.76301
Recording3	p03	female	Timeline1	Entire Recording	1	cake	Fixation	Whole	283	99397	99464	67			0.18291	0.43638	3.03384
Recording3	p03	female	Timeline1	Entire Recording	1	cake	Fixation	Whole	284	99547	100080	533			0.56801	0.17695	2.90239
Recording3	p03	female	Timeline1	Entire Recording	1	cake	Fixation	Whole	285	100097	100247	150			0.5828	0.17755	2.93245
Recording3	p03	female	Timeline1	Entire Recording	1	cake	Fixation	Whole	286	100280	100380	100			0.52671	0.20375	2.88714
Recording3	p03	female	Timeline1	Entire Recording	1	cake	Fixation	Whole	287	100680	100797	117			0.55575	0.43451	3.05028
Recording3	p03	female	Timeline1	Entire Recording	1	cake	Fixation	Whole	288	100830	101030	200			0.52659	0.3527	2.93421
Recording3	p03	female	Timeline1	Entire Recording	1	cake	Fixation	Whole	289	101347	101480	133			0.52785	0.50224	2.95673
Recording3	p03	female	Timeline1	Entire Recording	1	cake	Fixation	Whole	290	101564	101697	133			0.52746	0.4911	2.95756
Recording3	p03	female	Timeline1	Entire Recording	1	cake	Fixation	Whole	291	101730	102130	400			0.53016	0.13268	2.89334
Recording3	p03	female	Timeline1	Entire Recording	1	cake	Fixation	Whole	292	102147	102264	117			0.52938	0.15327	2.93679
Recording3	p03	female	Timeline1	Entire Recording	1	cake	Fixation	Whole	293	102280	102380	100			0.57798	0.21539	2.95197
Recording3	p03	female	Timeline1	Entire Recording	1	cake	Fixation	Whole	294	102397	102547	150			0.58177	0.18953	2.9666
Recording3	p03	female	Timeline1	Entire Recording	1	cake	Fixation	Whole	295	102580	102747	167			0.4607	0.17475	2.90376
Recording3	p03	female	Timeline1	Entire Recording	1	cake	Fixation	Whole	296	102847	103064	217			0.54234	0.74228	3.07737
Recording3	p03	female	Timeline1	Entire Recording	1	cake	Fixation	Whole	297	103080	103180	100			0.55187	0.53642	3.03927
Recording3	p03	female	Timeline1	Entire Recording	1	cake	Fixation	Whole	298	103197	103314	117			0.55565	0.50503	3.00163
Recording3	p03	female	Timeline1	Entire Recording	1	cake	Fixation	Whole	299	103347	103697	350			0.53647	0.16127	2.87568
Recording3	p03	female	Timeline1	Entire Recording	1	cake	Fixation	Whole	300	103830	103897	67			0.55601	0.42512	2.83445
Recording3	p03	female	Timeline1	Entire Recording	1	cake	Fixation	Whole	301	103947	104114	167			0.55141	0.42311	2.85027
Recording3	p03	female	Timeline1	Entire Recording	1	cake	Fixation	Whole	302	104130	104197	67			0.54183	0.45389	2.90841
Recording3	p03	female	Timeline1	Entire Recording	1	cake	Fixation	Whole	303	104247	104397	150			0.53292	0.4611	2.8502
Recording3	p03	female	Timeline1	Entire Recording	1	cake	Fixation	Whole	304	104414	104680	267			0.52939	0.44491	2.84658
Recording3	p03	female	Timeline1	Entire Recording	1	cake	Fixation	Whole	305	104847	105314	467			0.52103	0.44484	2.75813
Recording3	p03	female	Timeline1	Entire Recording	1	cake	Fixation	Whole	306	105414	105580	167			0.52336	0.47265	2.80267
Recording3	p03	female	Timeline1	Entire Recording	1	cake	Fixation	Whole	307	105630	105697	67			0.52211	0.46739	2.80093
Recording3	p03	female	Timeline1	Entire Recording	1	cake	Fixation	Whole	308	105864	105947	83			0.60689	0.57354	2.77672
Recording3	p03	female	Timeline1	Entire Recording	1	cake	Fixation	Whole	309	106297	106380	83			0.81174	0.91533	2.46808
Recording3	p03	female	Timeline1	Entire Recording	1	cake	Fixation	Whole	310	106598	106731	133			0.68272	0.91957	2.94091
Recording3	p03	female	Timeline1	Entire Recording	1	cake	Fixation	Whole	311	106798	107114	317			0.49852	0.29321	2.82535
Recording3	p03	female	Timeline1	Entire Recording	1	thanks	Fixation	Whole	312	107198	107281	83			0.49111	0.30052	2.82282
Recording3	p03	female	Timeline1	Entire Recording	1	thanks	Fixation	Whole	313	107314	107564	250			0.50203	0.35801	2.77216
Recording3	p03	female	Timeline1	Entire Recording	1	thanks	Fixation	Whole	314	107681	107864	183			0.29112	0.51505	2.86071
Recording3	p03	female	Timeline1	Entire Recording	1	thanks	Fixation	Whole	315	107998	108164	167			0.51204	0.51776	2.66975
Recording3	p03	female	Timeline1	Entire Recording	1	thanks	Fixation	Whole	316	108248	108431	183			0.51847	0.51338	2.72014
Recording3	p03	female	Timeline1	Entire Recording	1	thanks	Fixation	Whole	317	108481	108781	300			0.48672	0.34868	2.68235
Recording3	p03	female	Timeline1	Entire Recording	1	thanks	Fixation	Whole	318	108831	108914	83			0.48025	0.31944	2.61766
Recording4	P04	male	Timeline1	cake	1	cake	Fixation	Partial	1	0	9	9			0.43388	0.66889	3
Recording4	P04	male	Timeline1	cake	1	cake	Fixation	Partial	2	26	476	450			0.46426	0.56355	3
Recording4	P04	male	Timeline1	cake	1	cake	Fixation	Whole	3	559	792	233			0.42388	0.78413	3
Recording4	P04	male	Timeline1	cake	1	cake	Fixation	Partial	4	892	1159	267			0.52145	0.94172	3
Recording4	P04	male	Timeline1	cake	1	cake	Fixation	Partial	5	1176	1276	100			0.50017	0.97886	3
Recording4	P04	male	Timeline1	cake	1	cake	Fixation	Partial	6	1409	2609	1200			0.30217	0.91041	3
Recording4	P04	male	Timeline1	cake	1	cake	Fixation	Partial	7	2626	2909	283			0.35218	0.92053	3
Recording4	P04	male	Timeline1	cake	1	cake	Fixation	Partial	8	2926	3376	450			0.3217	0.9143	3
Recording4	P04	male	Timeline1	cake	1	cake	Fixation	Partial	9	3476	3559	83			0.29865	0.50574	3
Recording4	P04	male	Timeline1	cake	1	cake	Fixation	Partial	10	3592	4692	1100			0.29912	0.47086	3
Recording4	P04	male	Timeline1	cake	1	cake	Fixation	Whole	11	4792	5009	217			0.50216	0.43027	3
Recording4	P04	male	Timeline1	cake	1	cake	Fixation	Whole	12	5142	5226	83			0.44615	0.48759	3
Recording4	P04	male	Timeline1	cake	1	cake	Fixation	Partial	13	5242	5609	367			0.46998	0.43363	3
Recording4	P04	male	Timeline1	cake	1	cake	Fixation	Partial	14	5626	6176	550			0.45597	0.44806	3
Recording4	P04	male	Timeline1	cake	1	cake	Fixation	Whole	15	6376	6809	433			0.82714	0.36538	3
Recording4	P04	male	Timeline1	cake	1	cake	Fixation	Whole	16	6926	7492	567			0.55913	0.20351	3
Recording4	P04	male	Timeline1	cake	1	cake	Fixation	Partial	17	7642	7826	183			0.53357	0.51869	3
Recording4	P04	male	Timeline1	cake	1	cake	Fixation	Partial	18	7842	8342	500			0.51238	0.66259	3
Recording4	P04	male	Timeline1	cake	1	cake	Fixation	Partial	19	8459	8809	350			0.32202	0.84996	3
Recording4	P04	male	Timeline1	cake	1	cake	Fixation	Whole	20	8842	9009	167			0.23583	0.8362	3
Recording4	P04	male	Timeline1	cake	1	cake	Fixation	Whole	21	9292	9442	150			0.52859	0.18899	3
Recording4	P04	male	Timeline1	cake	1	cake	Fixation	Whole	22	9526	9609	83			0.72802	0.17444	3
Recording4	P04	male	Timeline1	cake	1	cake	Fixation	Whole	23	9959	10376	417			0.32646	0.88641	3
Recording4	P04	male	Timeline1	cake	1	cake	Fixation	Whole	24	10592	11093	500			0.66602	0.88997	3
Recording4	P04	male	Timeline1	cake	1	cake	Fixation	Partial	25	11309	11426	117			0.34397	0.91098	3
Recording4	P04	male	Timeline1	cake	1	cake	Fixation	Partial	26	11443	11667	224			0.31432	0.904	3
Recording4	P04	male	Timeline1	cereal	1	cereal	Fixation	Partial	1	0	393	393			0.46917	0.5098	3
Recording4	P04	male	Timeline1	cereal	1	cereal	Fixation	Partial	2	443	526	83			0.49135	0.5037	3
Recording4	P04	male	Timeline1	cereal	1	cereal	Fixation	Whole	3	676	1260	583			0.23778	0.17942	3
Recording4	P04	male	Timeline1	cereal	1	cereal	Fixation	Partial	4	1410	2643	1233			0.54466	0.12553	3
Recording4	P04	male	Timeline1	cereal	1	cereal	Fixation	Partial	5	2660	3493	833			0.59574	0.13472	3
Recording4	P04	male	Timeline1	cereal	1	cereal	Fixation	Whole	6	3593	4293	700			0.41371	0.11292	3
Recording4	P04	male	Timeline1	cereal	1	cereal	Fixation	Whole	7	4343	4660	317			0.60175	0.16672	3
Recording4	P04	male	Timeline1	cereal	1	cereal	Fixation	Whole	8	5060	5126	67			0.35742	0.72315	3
Recording4	P04	male	Timeline1	cereal	1	cereal	Fixation	Whole	9	5260	5326	67			0.64479	0.8162	3
Recording4	P04	male	Timeline1	cereal	1	cereal	Fixation	Partial	10	5476	5626	150			0.37593	0.85082	3
Recording4	P04	male	Timeline1	cereal	1	cereal	Fixation	Partial	11	5643	5900	257			0.33457	0.89086	3
Recording4	P04	male	Timeline1	date	1	date	Fixation	Partial	1	0	493	493			0.50942	0.49122	3
Recording4	P04	male	Timeline1	date	1	date	Fixation	Whole	2	510	610	100			0.53733	0.59522	3
Recording4	P04	male	Timeline1	date	1	date	Fixation	Partial	3	743	977	233			0.69907	0.85324	3
Recording4	P04	male	Timeline1	date	1	date	Fixation	Partial	4	1093	1160	67			0.44544	0.9213	3
Recording4	P04	male	Timeline1	date	1	date	Fixation	Partial	5	1177	1310	133			0.41413	0.91701	3
Recording4	P04	male	Timeline1	date	1	date	Fixation	Partial	6	1327	1550	223			0.3451	0.90153	3
Recording4	P04	male	Timeline1	fixation	1	fixation	Fixation	Partial	1	0	292	292			0.56813	0.80265	3
Recording4	P04	male	Timeline1	fixation	1	fixation	Fixation	Partial	2	342	667	324			0.43388	0.66889	3
Recording4	P04	male	Timeline1	fixation	2	fixation	Fixation	Partial	1	0	726	726			0.31432	0.904	3
Recording4	P04	male	Timeline1	fixation	2	fixation	Fixation	Whole	2	859	3176	2317			0.03603	0.90995	3
Recording4	P04	male	Timeline1	fixation	2	fixation	Fixation	Whole	3	3193	3709	517			0.03033	0.83593	3
Recording4	P04	male	Timeline1	fixation	2	fixation	Fixation	Partial	4	3993	4059	67			0.03242	0.43773	3
Recording4	P04	male	Timeline1	fixation	2	fixation	Fixation	Partial	5	4093	4526	433			0.03722	0.25937	3
Recording4	P04	male	Timeline1	fixation	2	fixation	Fixation	Partial	6	4543	6109	1567			0.03357	0.11647	3
Recording4	P04	male	Timeline1	fixation	2	fixation	Fixation	Partial	7	6126	14776	8650			0.04864	0.06256	3
Recording4	P04	male	Timeline1	fixation	2	fixation	Fixation	Partial	8	14793	15193	400			0.13062	0.03098	3
Recording4	P04	male	Timeline1	fixation	2	fixation	Fixation	Partial	9	15209	15343	133			0.18913	0.02245	3
Recording4	P04	male	Timeline1	fixation	2	fixation	Fixation	Partial	10	15576	15659	83			0.56656	0	3
Recording4	P04	male	Timeline1	fixation	2	fixation	Fixation	Partial	11	15959	16026	67			0.85013	0	3
Recording4	P04	male	Timeline1	fixation	2	fixation	Fixation	Partial	12	16043	16343	300			0.92231	0.0001	3
Recording4	P04	male	Timeline1	fixation	2	fixation	Fixation	Partial	13	16359	16926	567			0.99612	0.07892	3
Recording4	P04	male	Timeline1	fixation	2	fixation	Fixation	Partial	14	16943	17893	950			0.97569	0.48769	3
Recording4	P04	male	Timeline1	fixation	2	fixation	Fixation	Partial	15	17943	18376	433			0.98754	0.80442	3
Recording4	P04	male	Timeline1	fixation	2	fixation	Fixation	Partial	16	18393	18926	533			0.98568	0.89407	3
Recording4	P04	male	Timeline1	fixation	2	fixation	Fixation	Partial	17	18943	19376	433			0.98908	0.9593	3
Recording4	P04	male	Timeline1	fixation	2	fixation	Fixation	Partial	18	19393	25510	6117			0.96649	0.95796	3
Recording4	P04	male	Timeline1	fixation	2	fixation	Fixation	Partial	19	25676	25967	290			0.46917	0.5098	3
Recording4	P04	male	Timeline1	fixation	3	fixation	Fixation	Partial	1	0	143	143			0.33457	0.89086	3
Recording4	P04	male	Timeline1	fixation	3	fixation	Fixation	Partial	2	360	583	223			0.51574	0.50949	3
Recording4	P04	male	Timeline1	fixation	4	fixation	Fixation	Partial	1	0	93	93			0.33092	0.88994	3
Recording4	P04	male	Timeline1	fixation	4	fixation	Fixation	Partial	2	110	193	83			0.31479	0.90333	3
Recording4	P04	male	Timeline1	fixation	4	fixation	Fixation	Whole	3	410	510	100			0.49549	0.51358	3
Recording4	P04	male	Timeline1	fixation	4	fixation	Fixation	Partial	4	527	667	140			0.51415	0.46458	3
Recording4	P04	male	Timeline1	fixation	5	fixation	Fixation	Partial	1	0	160	160			0.71672	0.90792	3
Recording4	P04	male	Timeline1	fixation	5	fixation	Fixation	Whole	2	310	460	150			0.55122	0.58436	3
Recording4	P04	male	Timeline1	fixation	5	fixation	Fixation	Partial	3	493	600	107			0.50942	0.49122	3
Recording4	P04	male	Timeline1	ice-cream	1	ice-cream	Fixation	Partial	1	0	310	310			0.51574	0.50949	3
Recording4	P04	male	Timeline1	ice-cream	1	ice-cream	Fixation	Partial	2	493	900	407			0.33092	0.88994	3
Recording4	P04	male	Timeline1	instruction	1	instruction	Fixation	Partial	1	0	642	642			0.55839	0.54082	3
Recording4	P04	male	Timeline1	instruction	1	instruction	Fixation	Partial	2	659	1209	550			0.54085	0.54568	3
Recording4	P04	male	Timeline1	instruction	1	instruction	Fixation	Whole	3	1342	2092	750			0.48064	0.12066	3
Recording4	P04	male	Timeline1	instruction	1	instruction	Fixation	Partial	4	2242	3409	1167			0.73797	0.26041	3
Recording4	P04	male	Timeline1	instruction	1	instruction	Fixation	Partial	5	3425	3759	333			0.73815	0.30106	3
Recording4	P04	male	Timeline1	instruction	1	instruction	Fixation	Whole	6	3942	4409	467			0.44208	0.16419	3
Recording4	P04	male	Timeline1	instruction	1	instruction	Fixation	Partial	7	4425	5642	1217			0.57992	0.30914	3
Recording4	P04	male	Timeline1	instruction	1	instruction	Fixation	Partial	8	5659	5909	250			0.52337	0.27735	3
Recording4	P04	male	Timeline1	instruction	1	instruction	Fixation	Whole	9	6042	6159	117			0.834	0.3963	3
Recording4	P04	male	Timeline1	instruction	1	instruction	Fixation	Whole	10	6342	7892	1550			0.46804	0.35457	3
Recording4	P04	male	Timeline1	instruction	1	instruction	Fixation	Whole	11	8059	8209	150			0.63843	0.20247	3
Recording4	P04	male	Timeline1	instruction	1	instruction	Fixation	Whole	12	8359	8459	100			0.49809	0.06312	3
Recording4	P04	male	Timeline1	instruction	1	instruction	Fixation	Whole	13	8742	9042	300			0.6252	0.51507	3
Recording4	P04	male	Timeline1	instruction	1	instruction	Fixation	Partial	14	9075	9775	700			0.66409	0.61657	3
Recording4	P04	male	Timeline1	instruction	1	instruction	Fixation	Whole	15	9859	10042	183			0.52064	0.56246	3
Recording4	P04	male	Timeline1	instruction	1	instruction	Fixation	Whole	16	10159	10442	283			0.76575	0.74493	3
Recording4	P04	male	Timeline1	instruction	1	instruction	Fixation	Whole	17	10459	10775	317			0.66113	0.69157	3
Recording4	P04	male	Timeline1	instruction	1	instruction	Fixation	Whole	18	11075	11142	67			0.86732	0.29097	3
Recording4	P04	male	Timeline1	instruction	1	instruction	Fixation	Partial	19	11159	11692	533			0.8488	0.26175	3
Recording4	P04	male	Timeline1	instruction	1	instruction	Fixation	Partial	20	11709	13042	1333			0.90272	0.27149	3
Recording4	P04	male	Timeline1	instruction	1	instruction	Fixation	Whole	21	13576	13909	333			0.30639	0.25171	3
Recording4	P04	male	Timeline1	instruction	1	instruction	Fixation	Whole	22	13976	14492	517			0.13384	0.25128	3
Recording4	P04	male	Timeline1	instruction	1	instruction	Fixation	Whole	23	14709	14809	100			0.80174	0.3108	3
Recording4	P04	male	Timeline1	instruction	1	instruction	Fixation	Whole	24	14976	15192	217			0.23893	0.33526	3
Recording4	P04	male	Timeline1	instruction	1	instruction	Fixation	Whole	25	15376	15459	83			0.88823	0.39407	3
Recording4	P04	male	Timeline1	instruction	1	instruction	Fixation	Whole	26	15709	15776	67			0.29349	0.52685	3
Recording4	P04	male	Timeline1	instruction	1	instruction	Fixation	Whole	27	15809	15992	183			0.34626	0.51801	3
Recording4	P04	male	Timeline1	instruction	1	instruction	Fixation	Whole	28	16126	16259	133			0.4597	0.8419	3
Recording4	P04	male	Timeline1	instruction	1	instruction	Fixation	Partial	29	16342	16650	308			0.56813	0.80265	3
Recording4	P04	male	Timeline1	pizza	1	pizza	Fixation	Partial	1	0	260	260			0.51415	0.46458	3
Recording4	P04	male	Timeline1	pizza	1	pizza	Fixation	Partial	2	443	660	217			0.68834	0.8755	3
Recording4	P04	male	Timeline1	pizza	1	pizza	Fixation	Partial	3	677	817	140			0.71672	0.90792	3
Recording4	P04	male	Timeline1	thanks	1	thanks	Fixation	Partial	1	0	160	160			0.3451	0.90153	3
Recording4	P04	male	Timeline1	thanks	1	thanks	Fixation	Whole	2	343	1127	783			0.50028	0.60652	3
Recording4	P04	male	Timeline1	thanks	1	thanks	Fixation	Whole	3	1277	1510	233			0.79866	0.51065	3
Recording4	P04	male	Timeline1	thanks	1	thanks	Fixation	Whole	4	1727	1827	100			0.33715	0.34969	3
Recording4	P04	male	Timeline1	thanks	1	thanks	Fixation	Partial	5	1993	2017	23			0.83173	0.45313	3
Recording4	P04	male	Timeline1	Entire Recording	1	instruction	Fixation	Partial	1	22	1806	1783			0.55839	0.54082	3
Recording4	P04	male	Timeline1	Entire Recording	1	instruction	Fixation	Partial	2	1822	2372	550			0.54085	0.54568	3
Recording4	P04	male	Timeline1	Entire Recording	1	instruction	Fixation	Whole	3	2506	3256	750			0.48064	0.12066	3
Recording4	P04	male	Timeline1	Entire Recording	1	instruction	Fixation	Partial	4	3406	4573	1167			0.73797	0.26041	3
Recording4	P04	male	Timeline1	Entire Recording	1	instruction	Fixation	Partial	5	4589	4923	333			0.73815	0.30106	3
Recording4	P04	male	Timeline1	Entire Recording	1	instruction	Fixation	Whole	6	5106	5573	467			0.44208	0.16419	3
Recording4	P04	male	Timeline1	Entire Recording	1	instruction	Fixation	Partial	7	5589	6806	1217			0.57992	0.30914	3
Recording4	P04	male	Timeline1	Entire Recording	1	instruction	Fixation	Partial	8	6823	7073	250			0.52337	0.27735	3
Recording4	P04	male	Timeline1	Entire Recording	1	instruction	Fixation	Whole	9	7206	7323	117			0.834	0.3963	3
Recording4	P04	male	Timeline1	Entire Recording	1	instruction	Fixation	Whole	10	7506	9056	1550			0.46804	0.35457	3
Recording4	P04	male	Timeline1	Entire Recording	1	instruction	Fixation	Whole	11	9223	9373	150			0.63843	0.20247	3
Recording4	P04	male	Timeline1	Entire Recording	1	instruction	Fixation	Whole	12	9523	9623	100			0.49809	0.06312	3
Recording4	P04	male	Timeline1	Entire Recording	1	instruction	Fixation	Whole	13	9906	10206	300			0.6252	0.51507	3
Recording4	P04	male	Timeline1	Entire Recording	1	instruction	Fixation	Partial	14	10239	10939	700			0.66409	0.61657	3
Recording4	P04	male	Timeline1	Entire Recording	1	instruction	Fixation	Whole	15	11023	11206	183			0.52064	0.56246	3
Recording4	P04	male	Timeline1	Entire Recording	1	instruction	Fixation	Whole	16	11323	11606	283			0.76575	0.74493	3
Recording4	P04	male	Timeline1	Entire Recording	1	instruction	Fixation	Whole	17	11623	11939	317			0.66113	0.69157	3
Recording4	P04	male	Timeline1	Entire Recording	1	instruction	Fixation	Whole	18	12239	12306	67			0.86732	0.29097	3
Recording4	P04	male	Timeline1	Entire Recording	1	instruction	Fixation	Partial	19	12323	12856	533			0.8488	0.26175	3
Recording4	P04	male	Timeline1	Entire Recording	1	instruction	Fixation	Partial	20	12873	14206	1333			0.90272	0.27149	3
Recording4	P04	male	Timeline1	Entire Recording	1	instruction	Fixation	Whole	21	14739	15073	333			0.30639	0.25171	3
Recording4	P04	male	Timeline1	Entire Recording	1	instruction	Fixation	Whole	22	15139	15656	517			0.13384	0.25128	3
Recording4	P04	male	Timeline1	Entire Recording	1	instruction	Fixation	Whole	23	15873	15973	100			0.80174	0.3108	3
Recording4	P04	male	Timeline1	Entire Recording	1	instruction	Fixation	Whole	24	16139	16356	217			0.23893	0.33526	3
Recording4	P04	male	Timeline1	Entire Recording	1	instruction	Fixation	Whole	25	16539	16623	83			0.88823	0.39407	3
Recording4	P04	male	Timeline1	Entire Recording	1	instruction	Fixation	Whole	26	16873	16939	67			0.29349	0.52685	3
Recording4	P04	male	Timeline1	Entire Recording	1	instruction	Fixation	Whole	27	16973	17156	183			0.34626	0.51801	3
Recording4	P04	male	Timeline1	Entire Recording	1	instruction	Fixation	Whole	28	17289	17423	133			0.4597	0.8419	3
Recording4	P04	male	Timeline1	Entire Recording	1	fixation	Fixation	Whole	29	17506	18106	600			0.56813	0.80265	3
Recording4	P04	male	Timeline1	Entire Recording	1	cake	Fixation	Partial	30	18156	18489	333			0.43388	0.66889	3
Recording4	P04	male	Timeline1	Entire Recording	1	cake	Fixation	Partial	31	18506	18956	450			0.46426	0.56355	3
Recording4	P04	male	Timeline1	Entire Recording	1	cake	Fixation	Whole	32	19039	19273	233			0.42388	0.78413	3
Recording4	P04	male	Timeline1	Entire Recording	1	cake	Fixation	Partial	33	19373	19639	267			0.52145	0.94172	3
Recording4	P04	male	Timeline1	Entire Recording	1	cake	Fixation	Partial	34	19656	19756	100			0.50017	0.97886	3
Recording4	P04	male	Timeline1	Entire Recording	1	cake	Fixation	Partial	35	19889	21090	1200			0.30217	0.91041	3
Recording4	P04	male	Timeline1	Entire Recording	1	cake	Fixation	Partial	36	21106	21390	283			0.35218	0.92053	3
Recording4	P04	male	Timeline1	Entire Recording	1	cake	Fixation	Partial	37	21406	21856	450			0.3217	0.9143	3
Recording4	P04	male	Timeline1	Entire Recording	1	cake	Fixation	Partial	38	21956	22040	83			0.29865	0.50574	3
Recording4	P04	male	Timeline1	Entire Recording	1	cake	Fixation	Partial	39	22073	23173	1100			0.29912	0.47086	3
Recording4	P04	male	Timeline1	Entire Recording	1	cake	Fixation	Whole	40	23273	23490	217			0.50216	0.43027	3
Recording4	P04	male	Timeline1	Entire Recording	1	cake	Fixation	Whole	41	23623	23706	83			0.44615	0.48759	3
Recording4	P04	male	Timeline1	Entire Recording	1	cake	Fixation	Partial	42	23723	24090	367			0.46998	0.43363	3
Recording4	P04	male	Timeline1	Entire Recording	1	cake	Fixation	Partial	43	24106	24656	550			0.45597	0.44806	3
Recording4	P04	male	Timeline1	Entire Recording	1	cake	Fixation	Whole	44	24856	25290	433			0.82714	0.36538	3
Recording4	P04	male	Timeline1	Entire Recording	1	cake	Fixation	Whole	45	25406	25973	567			0.55913	0.20351	3
Recording4	P04	male	Timeline1	Entire Recording	1	cake	Fixation	Partial	46	26123	26306	183			0.53357	0.51869	3
Recording4	P04	male	Timeline1	Entire Recording	1	cake	Fixation	Partial	47	26323	26823	500			0.51238	0.66259	3
Recording4	P04	male	Timeline1	Entire Recording	1	cake	Fixation	Partial	48	26940	27290	350			0.32202	0.84996	3
Recording4	P04	male	Timeline1	Entire Recording	1	cake	Fixation	Whole	49	27323	27490	167			0.23583	0.8362	3
Recording4	P04	male	Timeline1	Entire Recording	1	cake	Fixation	Whole	50	27773	27923	150			0.52859	0.18899	3
Recording4	P04	male	Timeline1	Entire Recording	1	cake	Fixation	Whole	51	28006	28090	83			0.72802	0.17444	3
Recording4	P04	male	Timeline1	Entire Recording	1	cake	Fixation	Whole	52	28440	28856	417			0.32646	0.88641	3
Recording4	P04	male	Timeline1	Entire Recording	1	cake	Fixation	Whole	53	29073	29573	500			0.66602	0.88997	3
Recording4	P04	male	Timeline1	Entire Recording	1	cake	Fixation	Partial	54	29790	29906	117			0.34397	0.91098	3
Recording4	P04	male	Timeline1	Entire Recording	1	cake	Fixation	Partial	55	29923	30873	950			0.31432	0.904	3
Recording4	P04	male	Timeline1	Entire Recording	1	fixation	Fixation	Whole	56	31006	33323	2317			0.03603	0.90995	3
Recording4	P04	male	Timeline1	Entire Recording	1	fixation	Fixation	Whole	57	33340	33856	517			0.03033	0.83593	3
Recording4	P04	male	Timeline1	Entire Recording	1	fixation	Fixation	Partial	58	34140	34206	67			0.03242	0.43773	3
Recording4	P04	male	Timeline1	Entire Recording	1	fixation	Fixation	Partial	59	34240	34673	433			0.03722	0.25937	3
Recording4	P04	male	Timeline1	Entire Recording	1	fixation	Fixation	Partial	60	34690	36256	1567			0.03357	0.11647	3
Recording4	P04	male	Timeline1	Entire Recording	1	fixation	Fixation	Partial	61	36273	44923	8650			0.04864	0.06256	3
Recording4	P04	male	Timeline1	Entire Recording	1	fixation	Fixation	Partial	62	44940	45340	400			0.13062	0.03098	3
Recording4	P04	male	Timeline1	Entire Recording	1	fixation	Fixation	Partial	63	45357	45490	133			0.18913	0.02245	3
Recording4	P04	male	Timeline1	Entire Recording	1	fixation	Fixation	Partial	64	45723	45807	83			0.56656	0	3
Recording4	P04	male	Timeline1	Entire Recording	1	fixation	Fixation	Partial	65	46107	46173	67			0.85013	0	3
Recording4	P04	male	Timeline1	Entire Recording	1	fixation	Fixation	Partial	66	46190	46490	300			0.92231	0.0001	3
Recording4	P04	male	Timeline1	Entire Recording	1	fixation	Fixation	Partial	67	46507	47073	567			0.99612	0.07892	3
Recording4	P04	male	Timeline1	Entire Recording	1	fixation	Fixation	Partial	68	47090	48040	950			0.97569	0.48769	3
Recording4	P04	male	Timeline1	Entire Recording	1	fixation	Fixation	Partial	69	48090	48523	433			0.98754	0.80442	3
Recording4	P04	male	Timeline1	Entire Recording	1	fixation	Fixation	Partial	70	48540	49073	533			0.98568	0.89407	3
Recording4	P04	male	Timeline1	Entire Recording	1	fixation	Fixation	Partial	71	49090	49523	433			0.98908	0.9593	3
Recording4	P04	male	Timeline1	Entire Recording	1	fixation	Fixation	Partial	72	49540	55657	6117			0.96649	0.95796	3
Recording4	P04	male	Timeline1	Entire Recording	1	cereal	Fixation	Partial	73	55824	56507	683			0.46917	0.5098	3
Recording4	P04	male	Timeline1	Entire Recording	1	cereal	Fixation	Partial	74	56557	56640	83			0.49135	0.5037	3
Recording4	P04	male	Timeline1	Entire Recording	1	cereal	Fixation	Whole	75	56790	57374	583			0.23778	0.17942	3
Recording4	P04	male	Timeline1	Entire Recording	1	cereal	Fixation	Partial	76	57524	58757	1233			0.54466	0.12553	3
Recording4	P04	male	Timeline1	Entire Recording	1	cereal	Fixation	Partial	77	58774	59607	833			0.59574	0.13472	3
Recording4	P04	male	Timeline1	Entire Recording	1	cereal	Fixation	Whole	78	59707	60407	700			0.41371	0.11292	3
Recording4	P04	male	Timeline1	Entire Recording	1	cereal	Fixation	Whole	79	60457	60774	317			0.60175	0.16672	3
Recording4	P04	male	Timeline1	Entire Recording	1	cereal	Fixation	Whole	80	61174	61240	67			0.35742	0.72315	3
Recording4	P04	male	Timeline1	Entire Recording	1	cereal	Fixation	Whole	81	61374	61440	67			0.64479	0.8162	3
Recording4	P04	male	Timeline1	Entire Recording	1	cereal	Fixation	Partial	82	61590	61740	150			0.37593	0.85082	3
Recording4	P04	male	Timeline1	Entire Recording	1	cereal	Fixation	Partial	83	61757	62157	400			0.33457	0.89086	3
Recording4	P04	male	Timeline1	Entire Recording	1	fixation	Fixation	Whole	84	62374	62907	533			0.51574	0.50949	3
Recording4	P04	male	Timeline1	Entire Recording	1	fixation	Fixation	Partial	85	63090	63590	500			0.33092	0.88994	3
Recording4	P04	male	Timeline1	Entire Recording	1	fixation	Fixation	Partial	86	63607	63690	83			0.31479	0.90333	3
Recording4	P04	male	Timeline1	Entire Recording	1	fixation	Fixation	Whole	87	63907	64007	100			0.49549	0.51358	3
Recording4	P04	male	Timeline1	Entire Recording	1	fixation	Fixation	Partial	88	64024	64424	400			0.51415	0.46458	3
Recording4	P04	male	Timeline1	Entire Recording	1	pizza	Fixation	Partial	89	64607	64824	217			0.68834	0.8755	3
Recording4	P04	male	Timeline1	Entire Recording	1	fixation	Fixation	Partial	90	64840	65140	300			0.71672	0.90792	3
Recording4	P04	male	Timeline1	Entire Recording	1	fixation	Fixation	Whole	91	65290	65440	150			0.55122	0.58436	3
Recording4	P04	male	Timeline1	Entire Recording	1	date	Fixation	Whole	92	65474	66074	600			0.50942	0.49122	3
Recording4	P04	male	Timeline1	Entire Recording	1	date	Fixation	Whole	93	66090	66190	100			0.53733	0.59522	3
Recording4	P04	male	Timeline1	Entire Recording	1	date	Fixation	Partial	94	66324	66557	233			0.69907	0.85324	3
Recording4	P04	male	Timeline1	Entire Recording	1	date	Fixation	Partial	95	66674	66740	67			0.44544	0.9213	3
Recording4	P04	male	Timeline1	Entire Recording	1	date	Fixation	Partial	96	66757	66890	133			0.41413	0.91701	3
Recording4	P04	male	Timeline1	Entire Recording	1	date	Fixation	Partial	97	66907	67290	383			0.3451	0.90153	3
Recording4	P04	male	Timeline1	Entire Recording	1	thanks	Fixation	Whole	98	67474	68257	783			0.50028	0.60652	3
Recording4	P04	male	Timeline1	Entire Recording	1	thanks	Fixation	Whole	99	68407	68640	233			0.79866	0.51065	3
Recording4	P04	male	Timeline1	Entire Recording	1	thanks	Fixation	Whole	100	68857	68957	100			0.33715	0.34969	3
Recording4	P04	male	Timeline1	Entire Recording	1	thanks	Fixation	Partial	101	69124	69340	217			0.83173	0.45313	3
